u,v,length,name,oneway
0,3080,11.29011210791795,Ngõ 167 Phố Tây Sơn,False
0,2258,18.37154177491036,Phố Tây Sơn,True
1,1774,26.33528180634484,,True
1,2974,14.781613106897831,Phố Tây Sơn,True
2,1166,14.606974419711358,Cầu vượt Ngã Tư Sở,True
3,59,39.75521568115067,Cầu vượt Ngã Tư Sở,True
4,1170,17.38389662021162,Hầm chui Kim Liên,True
4,169,17.913213344599388,Phố Xã Đàn,True
5,6,49.45168725526116,Hầm chui Kim Liên,True
6,7,39.363691926786615,Hầm chui Kim Liên,True
7,168,36.80337496261895,Hầm chui Kim Liên,True
8,1023,46.52362909916156,Hầm chui Kim Liên,True
9,1145,13.381280542400011,Ngõ 6 Phạm Ngọc Thạch,False
9,861,16.663334031103307,Phố Phạm Ngọc Thạch,True
9,128,23.730227303791736,Phố Phạm Ngọc Thạch,False
10,126,19.12993573822852,Phố Đào Duy Anh,False
10,768,12.123556753092744,Phố Đào Duy Anh,False
10,2737,18.834479560682897,,False
10,2347,7.365956542124168,,False
11,771,10.196826314109735,Phố Hoàng Tích Trí,False
11,769,10.006660721202804,Phố Đào Duy Anh,False
11,770,9.238576425439618,Phố Đào Duy Anh,False
11,2350,11.233071241771972,Phố Hoàng Tích Trí,True
12,1178,20.17826418974735,Phố Đào Duy Anh,False
12,669,21.21675539132105,Phố Đào Duy Anh,False
12,2299,6.488944566729272,,False
12,2292,8.68688142512964,,False
13,1203,10.917890835414488,Ngõ 21 Phạm Ngọc Thạch,False
13,848,60.63189284946897,Phố Phạm Ngọc Thạch,False
13,3442,15.804721315501215,Phố Phạm Ngọc Thạch,True
14,1705,48.26999621865257,Phố Phạm Ngọc Thạch,True
14,817,15.91602842627766,,False
15,16,6.825683727037562,Phố Đông Tác,False
15,1849,9.083415916206937,Phố Đông Tác,False
15,1844,13.170228048630443,Ngõ 43 Đông Tác,False
16,1843,9.174334991997464,,False
16,17,87.23327382265985,Phố Đông Tác,False
16,15,6.825683727037562,Phố Đông Tác,False
17,16,87.23327382265985,Phố Đông Tác,False
17,442,6.27962040519753,Phố Đông Tác,False
17,1215,11.144371262943922,,False
17,1837,10.402635725322984,,False
18,2154,7.783908752290833,,False
18,823,30.097949098957265,Phố Tôn Thất Tùng,False
18,193,30.75370052637037,Phố Tôn Thất Tùng,False
19,664,19.667904998457747,Ngõ 4 Phương Mai,False
19,657,12.989800511647012,Ngõ 4 Phương Mai,False
19,158,79.81270406071296,Ngõ 38 Phương Mai,False
20,1913,4.383461561267988,,False
20,143,83.34593863412576,Phố Phương Mai,False
20,406,25.636186470293367,Ngõ 167 Phố Phương Mai,False
21,143,92.79432016145095,Phố Phương Mai,False
21,706,19.498310113742107,Phố Lương Định Của,False
21,1977,6.847675030929753,Phố Phương Mai,False
21,1916,9.575707192132402,Phố Lương Định Của,False
22,1937,4.72886461932939,Ngõ 8 Phương Mai,False
22,331,55.10331116746894,Phố Phương Mai,False
22,309,32.6781472862689,Phố Phương Mai,False
23,1938,4.570294799013056,,False
23,804,6.923175502043669,Phố Phương Mai,False
23,331,22.13531241093074,Phố Phương Mai,False
24,1820,2.534443575859233,Phố Phương Mai,False
24,688,7.987569184045106,Phố Phương Mai,False
25,118,19.09453683705268,Phố Lương Định Của,False
25,875,13.480121768303434,Phố Lương Định Của,False
25,116,9.03275365428678,Ngõ 120 Đường Trường Chinh,False
26,1898,10.08309589764641,Phố Đông Tác,False
26,834,12.13261372140366,Phố Lương Định Của,False
26,835,14.22826812034048,Phố Lương Định Của,False
27,1872,5.053911245072263,Ngõ 9 Lương Định Của,False
27,157,12.709118289002715,Phố Lương Định Của,False
27,1180,17.476210406588137,Phố Lương Định Của,False
28,160,44.15293153271488,Phố Phạm Ngọc Thạch,False
28,838,22.062571004531865,Phố Lương Định Của,False
28,852,15.748917899191866,Phố Phạm Ngọc Thạch,False
29,30,39.66150743815502,Phố Đặng Văn Ngữ,False
29,2009,13.852739127397331,Phố Đặng Văn Ngữ,False
30,29,39.66150743815502,Phố Đặng Văn Ngữ,False
30,1771,4.589586881837394,Phố Đặng Văn Ngữ,False
31,1849,19.389778876164566,Phố Đông Tác,False
31,829,19.40478846485462,Phố Đông Tác,False
31,1222,9.499653908584545,Ngõ 103 Phạm Ngọc Thạch,False
32,1299,25.27123261800174,Ngõ 62 Phố Đặng Văn Ngữ,False
33,1299,69.44231135850491,Ngõ 62 Phố Đặng Văn Ngữ,False
33,34,119.90166790798472,Phố Đặng Văn Ngữ,False
34,33,119.90166790798472,Phố Đặng Văn Ngữ,False
34,2235,40.68479332670561,Phố Đặng Văn Ngữ,False
34,1986,8.295156754773913,Ngõ 6 Đặng Văn Ngữ,False
35,2077,10.83193039022275,Phố Nam Đồng,False
35,2081,14.479564270995558,,False
35,2514,5.780843911820834,Phố Đặng Văn Ngữ,False
36,1772,18.63312446729198,Phố Đặng Văn Ngữ,False
36,2682,16.735927408657812,Phố Đặng Văn Ngữ,False
36,2234,14.216624930857986,Phố Đặng Văn Ngữ,False
37,1472,32.98447635953783,Ngõ 4D Đặng Văn Ngữ,False
37,203,118.8784098053695,Ngõ 4B Phố Đặng Văn Ngữ,False
37,201,34.20863915758507,Ngõ 4B Phố Đặng Văn Ngữ,False
38,3500,15.913908226751808,,False
38,3497,4.645249791907082,,False
39,166,34.29303729146753,,False
39,2909,13.76085714757836,,False
39,1679,64.66018033805986,,False
39,1678,5.508766515333212,,False
40,583,28.93729590553218,Ngõ 119 Hồ Đắc Di,False
40,584,16.85482249153803,Ngõ 119 Hồ Đắc Di,False
41,42,3.307775222863446,Ngõ 119 Hồ Đắc Di,False
41,1677,36.70975703413481,Ngõ 119 Hồ Đắc Di,False
41,3234,5.844366541098357,Ngách 48/119 Hồ Đắc Di,False
42,2895,10.0435003436147,Ngõ 119 Hồ Đắc Di,False
42,41,3.307775222863446,Ngõ 119 Hồ Đắc Di,False
43,44,8.404336648791665,Ngõ 119 Hồ Đắc Di,False
43,2895,7.141720087187518,Ngõ 119 Hồ Đắc Di,False
44,45,12.210848299426774,Ngõ 119 Hồ Đắc Di,False
44,43,8.404336648791665,Ngõ 119 Hồ Đắc Di,False
45,571,50.67359901091399,Ngõ 119 Hồ Đắc Di,False
45,44,12.210848299426774,Ngõ 119 Hồ Đắc Di,False
45,611,26.58077369586893,Ngõ 119 Hồ Đắc Di,False
46,581,40.653691853399074,Ngõ 167 Phố Tây Sơn,False
46,2907,57.95525317991053,,False
47,573,40.17925781885269,Ngõ 167 Phố Tây Sơn,False
47,1011,55.144201219361136,Ngõ 167 Phố Tây Sơn,False
47,574,90.61305786819622,Ngách 167/37 Phố Tây Sơn,False
48,49,21.919737229550996,Ngõ 167 Phố Tây Sơn,False
48,2976,35.87015056809004,Ngõ 167 Phố Tây Sơn,False
49,3080,56.206740043966974,Ngõ 167 Phố Tây Sơn,False
49,48,21.919737229550996,Ngõ 167 Phố Tây Sơn,False
49,1150,38.61317085206869,Ngách 15 / Ngách 25,False
50,1982,10.317782712977234,Ngõ 4D Đặng Văn Ngữ,False
50,1771,85.62933365090011,Phố Đặng Văn Ngữ,False
50,290,24.974364740577663,Phố Đặng Văn Ngữ,False
51,90,89.77400842995361,Phố Tây Sơn,True
52,1199,4.2671107101714,Ngõ 97 Phạm Ngọc Thạch,False
52,1718,34.38764292046133,Phố Phạm Ngọc Thạch,True
53,2003,11.322874840275295,Phố Đặng Văn Ngữ,False
53,594,15.427096160464773,Phố Đặng Văn Ngữ,False
53,2018,5.20655872558239,Ngõ 4A Phố Đặng Văn Ngữ,False
54,1112,28.400048117692027,Ngõ 46C Phạm Ngọc Thạch,False
54,199,97.67596233264312,Ngõ 4A Phố Đặng Văn Ngữ,False
54,1111,37.55077169108243,Ngõ 4A Phố Đặng Văn Ngữ,False
55,1246,4.902122381709106,,False
55,1610,29.72599782064415,Phố Lương Định Của,False
55,253,32.439678040367575,Phố Lương Định Của,False
56,3,60.58808967096383,Cầu vượt Ngã Tư Sở,True
57,557,26.362577156797627,Phố Xã Đàn,True
58,3468,87.23884362463167,Đường Giải Phóng,True
58,1820,7.320808956762314,Phố Phương Mai,False
59,1165,13.882393822663614,Cầu vượt Ngã Tư Sở,True
60,167,9.61036210231524,Phố Xã Đàn,True
61,2567,14.279028905948662,,False
61,552,113.35644830769976,,False
61,313,47.62815092921701,,False
62,255,4.01049383390762,Phố Phạm Ngọc Thạch,True
63,1162,25.72545652538861,Phố Đông Tác,False
63,996,22.808799597054744,Phố Đông Tác,False
64,1246,84.40218679236612,,False
64,70,26.88123381713397,Ngách 97/63 Phạm Ngọc Thạch,False
64,2884,4.083517250250227,Ngõ 97 Phạm Ngọc Thạch,False
65,66,8.713224467035364,Ngõ 97 Phạm Ngọc Thạch,False
65,245,20.075377050175938,Ngõ 97 Phạm Ngọc Thạch,False
66,2881,5.7094317385501885,Ngõ 97 Phạm Ngọc Thạch,False
66,65,8.713224467035364,Ngõ 97 Phạm Ngọc Thạch,False
67,2880,5.682214349557961,Ngõ 97 Phạm Ngọc Thạch,False
67,2881,6.686383272701855,Ngõ 97 Phạm Ngọc Thạch,False
68,3407,31.675629349361657,Ngõ 97 Phạm Ngọc Thạch,False
68,2880,27.843243545759396,Ngõ 97 Phạm Ngọc Thạch,False
69,2884,23.35119648310305,Ngõ 97 Phố Phạm Ngọc Thạch,False
69,3103,0.5032621604299604,Ngõ 97 Phố Phạm Ngọc Thạch,False
69,242,33.579855263219955,,False
70,64,26.88123381713397,Ngách 97/63 Phạm Ngọc Thạch,False
70,3102,2.4725725067707223,Ngách 97/63 Phạm Ngọc Thạch,False
70,71,63.47070777775034,Ngách 97/63 Phạm Ngọc Thạch,False
71,70,63.47070777775034,Ngách 97/63 Phạm Ngọc Thạch,False
72,3100,8.56882023030932,,False
72,3101,1.5458943509036294,,False
73,3102,2.6580692809586943,Ngách 97/63 Phạm Ngọc Thạch,False
73,3100,1.8188123309938404,,False
74,1244,5.494215647606166,Ngõ 8 Phố Lương Định Của,False
74,259,1.7173781531550447,Phố Lương Định Của,False
74,845,28.292406565570893,Phố Lương Định Của,False
75,3101,27.570782530718592,Ngõ 8 Phố Lương Định Của,False
75,1244,79.20642008753329,Ngõ 8 Phố Lương Định Của,False
76,1208,5.151519850315823,,False
76,283,68.79769695744235,Phố Chùa Bộc,True
77,785,25.08011111176872,Phố Chùa Bộc,True
77,2969,23.20896651078537,,True
78,182,17.55633819132266,Phố Phạm Ngọc Thạch,True
78,792,14.546539191346854,Phố Chùa Bộc,True
79,782,7.19134058695845,Phố Chùa Bộc,True
80,2800,35.95560560213238,Phố Chùa Bộc,True
80,1210,5.294139776304969,,False
81,82,27.92804795995044,Ngõ 34 Phương Mai,False
81,295,26.21105590329496,Ngõ 34 Phương Mai,False
81,1616,37.86180656880148,,False
82,81,27.92804795995044,Ngõ 34 Phương Mai,False
82,247,42.614540343799305,Ngõ 38 Phương Mai,False
82,158,39.5589838031075,Ngõ 38 Phương Mai,False
83,533,9.731363923043522,,False
84,1259,73.88530015423724,,False
84,1609,4.048373177542772,,False
85,177,89.30461578589377,,False
86,2849,7.768209814091241,,False
86,177,48.50009435062636,Phố Khương Thượng,False
86,425,14.07989445188872,Phố Khương Thượng,False
87,427,106.03966736667228,Phố Khương Thượng,False
87,88,22.964596800673505,Phố Khương Thượng,False
88,87,22.964596800673505,Phố Khương Thượng,False
88,1053,42.88147747347229,Phố Khương Thượng,False
89,699,78.95345645053872,,False
89,1124,53.18693703634269,,False
89,986,62.9928128020312,,False
89,634,53.10774286387329,,False
90,629,133.30717198070198,Phố Tây Sơn,True
90,1053,16.765648156258855,Phố Khương Thượng,False
91,92,42.27592349001543,Đường Trường Chinh,True
91,826,23.90583831725286,Đường Trường Chinh,True
92,2838,17.999310834188293,Đường Trường Chinh,True
93,1725,6.337254465959736,,True
94,95,10.637321005801518,,True
95,319,18.731513462107568,Phố Tây Sơn,True
96,97,34.492562202280105,Phố Tây Sơn,True
97,98,37.1904759074735,Phố Tây Sơn,True
97,3482,10.6259828966871,Ngõ 317 Phố Tây Sơn,False
98,99,15.472757374693916,Phố Tây Sơn,True
99,2726,18.121847542423566,Phố Tây Sơn,True
100,1168,10.40979655204998,Phố Tây Sơn,True
100,1087,7.349343175607348,,False
101,102,14.953717912597114,Phố Tây Sơn,True
102,413,8.920930679520904,Phố Tây Sơn,True
103,884,27.7554232908464,Phố Tây Sơn,True
104,3381,9.576147442413896,Đường Giải Phóng,True
105,104,21.77995394718209,,True
106,691,16.00679141689069,,True
107,315,27.14571173622975,,True
107,124,35.47660405191936,Phố Xã Đàn,True
108,109,33.53950036412609,Ngõ 120 Đường Trường Chinh,False
108,2219,27.20738537753265,Ngõ 120 Đường Trường Chinh,False
109,110,29.229832722159305,Ngõ 120 Đường Trường Chinh,False
109,108,33.53950036412609,Ngõ 120 Đường Trường Chinh,False
110,111,34.71512807547638,Ngõ 120 Đường Trường Chinh,False
110,109,29.229832722159305,Ngõ 120 Đường Trường Chinh,False
111,112,54.47313622962528,Ngõ 120 Đường Trường Chinh,False
111,110,34.71512807547638,Ngõ 120 Đường Trường Chinh,False
112,113,56.00326484562608,Ngõ 120 Đường Trường Chinh,False
112,111,54.47313622962528,Ngõ 120 Đường Trường Chinh,False
113,114,15.323147831173689,Ngõ 120 Đường Trường Chinh,False
113,112,56.00326484562608,Ngõ 120 Đường Trường Chinh,False
114,113,15.323147831173689,Ngõ 120 Đường Trường Chinh,False
114,514,7.54671269686827,Ngõ 120 Trường Chinh,False
114,359,33.27790278796373,Ngõ 120 Đường Trường Chinh,False
114,115,36.71920867526747,Ngõ 120 Đường Trường Chinh,False
115,3353,49.9194645470855,Ngõ 120 Đường Trường Chinh,False
115,114,36.71920867526747,Ngõ 120 Đường Trường Chinh,False
116,2929,74.10661750622538,Ngõ 36 Phố Lương Định Của,False
116,25,9.03275365428678,Ngõ 120 Đường Trường Chinh,False
116,3353,40.06376880822933,Ngõ 120 Đường Trường Chinh,False
117,3119,6.935874999779947,Phố Lương Định Của,False
117,2925,10.82076191075459,Ngõ 102 Trường Chinh,False
118,119,108.04416344366726,Phố Lương Định Của,False
118,25,19.09453683705268,Phố Lương Định Của,False
118,2936,52.06900293246846,,False
119,3119,13.0666864719446,Phố Lương Định Của,False
119,118,108.04416344366726,Phố Lương Định Của,False
120,2526,1.7807631231244545,Ngõ 43 Phố Chùa Bộc,False
120,1448,87.64700418256285,Ngõ 43 Phố Chùa Bộc,False
121,696,33.249392656193294,,False
121,1466,19.067862829432915,Ngõ 95 Phố Chùa Bộc,False
121,190,41.71437979897153,Ngõ 95 Phố Chùa Bộc,False
122,795,71.76584298439877,Phố Chùa Bộc,True
123,888,49.59341565328064,Phố Tây Sơn,True
124,765,5.940628199356448,Phố Xã Đàn,True
125,316,23.4436327664699,Phố Đào Duy Anh,False
125,2680,7.925001358284601,Phố Xã Đàn,True
126,692,32.16013517726981,Phố Đào Duy Anh,False
126,10,19.12993573822852,Phố Đào Duy Anh,False
127,669,44.64129527496505,Phố Đào Duy Anh,False
127,1475,41.428997160166624,Phố Đào Duy Anh,False
127,2297,7.037470792245277,,False
128,1178,13.998113089635266,Phố Đào Duy Anh,False
128,9,23.730227303791736,Phố Phạm Ngọc Thạch,False
128,760,21.633954454533324,Phố Phạm Ngọc Thạch,True
129,557,23.340787564728405,,True
129,1147,2.968262171536385,,False
129,2400,4.222798427750455,,False
130,997,13.428144818268008,Ngõ 65 Phạm Ngọc Thạch,False
130,3093,12.462291646783733,,False
130,134,89.81695168692141,,False
131,997,11.022159325609296,Ngõ 65 Phạm Ngọc Thạch,False
131,132,17.247482159567365,Ngõ 65 Phạm Ngọc Thạch,False
131,264,88.95454638346192,,False
132,131,17.247482159567365,Ngõ 65 Phạm Ngọc Thạch,False
132,1611,22.40364359658467,Ngõ 65 Phạm Ngọc Thạch,False
132,1258,98.11844137623062,,False
133,2312,4.763715792908734,Ngõ 43 Phạm Ngọc Thạch,False
133,262,89.3774395082888,Phố Hoàng Tích Trí,True
134,266,83.3359131679883,,False
134,2312,21.682405847582093,Ngõ 43 Phạm Ngọc Thạch,False
134,264,26.032396924069705,Ngõ 43 Phạm Ngọc Thạch,False
134,130,89.81695168692141,,False
135,1611,14.653222109805316,Ngõ 65 Phạm Ngọc Thạch,False
135,1179,20.86483062964664,Ngõ 65 Phạm Ngọc Thạch,False
135,998,18.79114673405373,,False
136,1202,10.13869222395294,Ngõ 43 Phạm Ngọc Thạch,False
136,848,26.35233506373383,Phố Phạm Ngọc Thạch,False
136,608,56.71934236292344,Phố Phạm Ngọc Thạch,False
137,534,124.14997108413029,Đường Giải Phóng,True
138,139,77.40496256642768,,False
138,1163,30.551018122324145,Ngõ 19 Đông Tác,False
138,3290,4.587718432761039,,False
139,138,77.40496256642768,,False
139,1886,88.45800323930439,,False
139,151,46.03203176996927,,False
139,227,40.77876798769388,,False
140,1886,6.311178946556903,,False
140,1188,18.71786694364086,Phố Lương Định Của,False
140,231,18.36179984834379,Phố Lương Định Của,False
141,1169,43.55425904608304,Phố Xã Đàn,True
142,693,36.562187414526655,Phố Xã Đàn,True
143,1914,4.928243508417808,,False
143,21,92.79432016145095,Phố Phương Mai,False
143,20,83.34593863412576,Phố Phương Mai,False
144,1726,76.92208929790401,,False
145,1935,5.206802793791328,Ngõ 38 Phố Phương Mai,False
145,806,23.86004087951507,Phố Phương Mai,False
145,464,19.01765482862809,Phố Phương Mai,False
146,1187,72.38851121808054,,False
146,1888,87.87655256803171,,False
146,227,44.50667864290722,,False
146,223,38.51496248768966,,False
147,1935,24.5063481416074,Ngõ 38 Phố Phương Mai,False
147,149,44.93684790126856,Ngõ 38 Phố Phương Mai,False
148,1888,5.179982852447041,,False
148,228,24.02238187665428,Phố Lương Định Của,False
148,1184,8.785192621217794,Phố Lương Định Của,False
149,147,44.93684790126856,Ngõ 38 Phố Phương Mai,False
149,310,34.41626412677893,Ngõ 38 Phố Phương Mai,False
150,310,38.93939590781783,Ngõ 38 Phố Phương Mai,False
150,152,56.95081907486088,Ngõ 38 Phố Phương Mai,False
151,139,46.03203176996927,,False
151,1186,79.28616210755476,Ngõ 28 Lương Đình Của,False
151,1885,88.48537223467547,Ngõ 28 Lương Đình Của,False
152,150,56.95081907486088,Ngõ 38 Phố Phương Mai,False
152,156,50.22280848763568,Ngõ 38 Phố Phương Mai,False
152,2476,20.02618156506581,,False
153,3209,7.765207437035645,Ngõ 11 Lương Định Của,False
153,3154,5.486447923371133,,False
153,1600,13.18603487477761,Ngõ 11 Lương Định Của,False
154,3357,3.1152362149454564,Ngõ 11 Lương Định Của,False
154,156,15.810149498822785,Ngõ 11 Lương Định Của,False
155,2853,12.609454182019345,Ngõ 11 Lương Định Của,False
155,3357,25.51808613681355,Ngõ 11 Lương Định Của,False
156,152,50.22280848763568,Ngõ 38 Phố Phương Mai,False
156,154,15.810149498822785,Ngõ 11 Lương Định Của,False
156,1325,58.41398811474055,Ngõ 38 Phương Mai,False
157,27,12.709118289002715,Phố Lương Định Của,False
157,834,24.93256305032525,Phố Lương Định Của,False
157,1871,7.164931567630779,,False
158,1616,28.17023688434991,,False
158,1615,20.200448616101724,,False
158,82,39.5589838031075,Ngõ 38 Phương Mai,False
158,19,79.81270406071296,Ngõ 38 Phương Mai,False
159,870,6.228855065846875,Phố Đặng Văn Ngữ,False
159,391,63.31269091401339,Phố Phạm Ngọc Thạch,True
160,161,11.717013181302466,Ngõ 46C Phạm Ngọc Thạch,False
160,991,5.001211792178505,Phố Phạm Ngọc Thạch,False
160,28,44.15293153271488,Phố Phạm Ngọc Thạch,False
161,1035,23.79767169247468,Ngõ 46C Phạm Ngọc Thạch,False
161,160,11.717013181302466,Ngõ 46C Phạm Ngọc Thạch,False
161,839,29.45733670287544,,False
161,1195,91.34576585727244,,False
162,859,10.642508562464096,,True
163,761,9.405508265944318,,True
164,163,15.78338868935197,,True
164,762,18.871279013755245,Phố Xã Đàn,True
165,873,9.789715066090308,Phố Nam Đồng,False
165,1093,12.065387520305968,Phố Xã Đàn,True
166,39,34.29303729146753,,False
166,2797,13.256987237524005,Ngõ 119 Hồ Đắc Di,False
166,559,23.537508564118657,Ngõ 119 Hồ Đắc Di,False
166,3111,9.062159951021725,,False
167,3463,15.427948700083869,Đường Giải Phóng,True
168,1171,42.73231681606005,Hầm chui Kim Liên,True
169,853,76.57942667732684,Phố Xã Đàn,True
170,3155,5.812129782455026,,False
170,1040,32.94670135533117,,False
171,3361,11.302555231612068,Ngách 66 Ngõ 9 Lương Định Của,False
171,3364,11.776482212229311,Ngõ 9 Lương Định Của,False
171,256,100.6418928717842,Ngõ 9 Lương Định Của,False
172,442,16.462407879264312,Phố Đông Tác,True
172,443,12.44819058180738,Phố Chùa Bộc,True
173,3360,29.112430230299783,Phố Tây Sơn,True
174,3005,4.968692164385671,Phố Tây Sơn,True
175,3493,19.920020153252057,,False
175,1277,13.245795543126066,,False
175,1272,64.21540263527126,,False
176,463,29.39309938756171,Phố Tam Khương,False
176,1393,36.26124914569045,Phố Khương Thượng,False
176,1414,25.51448322793055,Phố Khương Thượng,False
177,85,89.30461578589377,,False
177,86,48.50009435062636,Phố Khương Thượng,False
177,701,44.85422594216207,Phố Khương Thượng,False
178,2848,69.60823289689512,Phố Chùa Bộc,True
178,1070,5.3445682084394495,Ngõ 95 Phố Chùa Bộc,False
179,2263,16.97169692374533,Phố Chùa Bộc,True
180,1072,6.973274747390732,Ngõ 43 Phố Chùa Bộc,False
180,183,83.19281221582978,Phố Chùa Bộc,True
181,186,88.21556687800671,Phố Chùa Bộc,True
181,1069,5.839995745859776,,False
182,172,9.77723927059401,Phố Chùa Bộc,True
182,410,17.464106464130563,Phố Tôn Thất Tùng,True
183,794,22.00885187320013,Phố Chùa Bộc,True
184,2672,33.23202933533208,Phố Chùa Bộc,True
184,1066,4.267062227396853,Ngõ 249 Phố Chùa Bộc,False
185,784,13.921871919554974,Phố Chùa Bộc,True
185,103,19.0844730099725,Phố Tây Sơn,True
186,283,8.510522022312905,Ngõ 12 Chùa Bộc,False
186,178,82.47411974672316,Phố Chùa Bộc,True
187,2568,66.62589143076936,Cầu vượt Ngã tư Vọng,True
188,779,90.52119519895876,Đường Giải Phóng,True
188,187,32.87794630378469,Cầu vượt Ngã tư Vọng,True
189,179,17.878386949716084,,True
190,699,111.39184082872865,,False
190,121,41.71437979897153,Ngõ 95 Phố Chùa Bộc,False
190,440,54.62865545798885,Ngõ 95 Phố Chùa Bộc,False
191,821,7.390753955085772,Phố Tam Khương,False
191,2152,7.708536768118757,Ngõ 1A Phố Tôn Thất Tùng,False
191,2164,7.048392788842724,Phố Tôn Thất Tùng,False
191,1183,4.70271201478166,Phố Tôn Thất Tùng,False
192,196,32.71655419256854,Ngõ 43 Phố Đông Tác,False
192,268,102.54841821642982,,False
192,3193,23.93551665408946,Ngõ 1A Phố Tôn Thất Tùng,False
193,2153,7.5236139247670035,,False
193,18,30.75370052637037,Phố Tôn Thất Tùng,False
193,2164,28.381601324496103,Phố Tôn Thất Tùng,False
194,828,66.30142361107924,Ngõ 43 Đông Tác,False
194,197,56.62926304606332,Ngõ 43 Phố Đông Tác,False
194,467,35.32632457056135,Ngõ 1 Tôn Thất Tùng,False
195,407,40.56844766983644,Phố Tôn Thất Tùng,False
195,2155,7.743454841800586,Ngõ 1 Tôn Thất Tùng,False
195,444,7.149792679354388,Phố Tôn Thất Tùng,False
196,269,101.34870986399092,,False
196,3194,25.772763054337556,Ngõ 43 Phố Đông Tác,False
196,192,32.71655419256854,Ngõ 43 Phố Đông Tác,False
197,270,94.39657133640792,,False
197,3195,4.318452648593368,Ngõ 43 Phố Đông Tác,False
197,194,56.62926304606332,Ngõ 43 Phố Đông Tác,False
198,3466,24.190961260025546,Ngõ 1 Tôn Thất Tùng,False
198,3187,13.790855329326252,Ngõ 1 Tôn Thất Tùng,False
198,2155,55.05495655420274,Ngõ 1 Tôn Thất Tùng,False
199,203,93.00892818931132,Ngõ 4C Phố Đặng Văn Ngữ,False
199,2718,22.874052444609,Ngõ 4A Phố Đặng Văn Ngữ,False
199,54,97.67596233264312,Ngõ 4A Phố Đặng Văn Ngữ,False
200,1125,103.1667510425436,Ngõ 6 Đặng Văn Ngữ,False
200,206,58.53121759222766,Ngõ 6 Đặng Văn Ngữ,False
201,1125,13.703602460838422,Ngõ 6 Đặng Văn Ngữ,False
201,1262,23.84666078698061,Ngõ 4A Đặng Văn Ngữ,False
201,37,34.20863915758507,Ngõ 4B Phố Đặng Văn Ngữ,False
202,207,26.4524137229668,Phố Đặng Văn Ngữ,False
202,1280,27.870290823259324,Phố Đặng Văn Ngữ,False
202,1175,3.35053296145073,Ngõ 4C Phố Đặng Văn Ngữ,False
203,199,93.00892818931132,Ngõ 4C Phố Đặng Văn Ngữ,False
203,1473,24.669278560284464,Ngõ 4C Phố Đặng Văn Ngữ,False
203,1699,55.64469497872346,Ngõ 4B Phố Đặng Văn Ngữ,False
203,37,118.8784098053695,Ngõ 4B Phố Đặng Văn Ngữ,False
204,2015,81.91447543137939,,False
204,210,32.25767430151263,Ngõ 4C Phố Đặng Văn Ngữ,False
204,205,28.1735073348593,Ngõ 4C Phố Đặng Văn Ngữ,False
205,2457,47.40693094303822,Ngõ 4C Phố Đặng Văn Ngữ,False
205,204,28.1735073348593,Ngõ 4C Phố Đặng Văn Ngữ,False
206,200,58.53121759222766,Ngõ 6 Đặng Văn Ngữ,False
206,1301,55.18668084030203,Ngõ 6 Đặng Văn Ngữ,False
207,587,11.5718809481122,Phố Đặng Văn Ngữ,False
207,202,26.4524137229668,Phố Đặng Văn Ngữ,False
207,2015,4.444424922985875,,False
208,865,55.18155509057655,Phố Đặng Văn Ngữ,False
208,209,32.65237790612851,Phố Đặng Văn Ngữ,False
208,2017,4.54138797215654,Ngõ 4B Phố Đặng Văn Ngữ,False
209,208,32.65237790612851,Phố Đặng Văn Ngữ,False
209,587,22.00490804682263,Phố Đặng Văn Ngữ,False
209,2016,4.033694944920203,,False
210,2016,81.07651616788253,,False
210,1473,5.258000785432032,Ngõ 4C Phố Đặng Văn Ngữ,False
210,204,32.25767430151263,Ngõ 4C Phố Đặng Văn Ngữ,False
210,1741,17.329972292584966,,False
211,1750,29.643104468474345,Ngõ 4A Đặng Văn Ngữ,False
211,3087,7.57968265775617,Ngõ 4A Phố Đặng Văn Ngữ,False
211,1702,41.854249475306574,Ngách 2 Ngõ 4A Đặng Văn Ngữ,False
212,1239,4.917549386550304,Ngõ 97 Phố Phạm Ngọc Thạch,False
212,996,73.97774977066669,Phố Đông Tác,False
212,836,34.50487930775316,Phố Đông Tác,False
213,236,22.956829695437108,Phố Đông Tác,False
213,1162,49.99750426310667,Phố Đông Tác,False
213,1857,9.412062229010935,Ngõ 39 Phố Đông Tác,False
213,3099,6.057042058330327,,False
214,1020,29.09830529738951,,False
214,2585,4.774469052434318,,False
215,2591,8.89454800451576,,False
215,2584,33.82269287510193,,False
215,2590,14.625469562218376,,False
216,2585,6.780072999017252,,False
216,2581,18.25823274769975,,False
217,2592,49.620512994668495,,False
217,2581,45.35647465105994,,False
218,2592,6.519180366813349,,False
218,221,39.47524976966325,,False
219,536,32.7778560671281,,False
219,537,7.22771026140656,,False
219,220,22.339179150541597,,False
220,1695,125.4791729865108,,False
220,552,12.186588522896718,,False
220,219,22.339179150541597,,False
221,403,35.14364163069462,,False
221,218,39.47524976966325,,False
221,531,24.889189023857107,,False
222,1185,25.77328304431839,,False
222,224,38.82641047815811,,False
222,223,82.33582030926642,,False
223,146,38.51496248768966,,False
223,1914,33.31800211853151,,False
223,222,82.33582030926642,,False
223,1889,88.16642243782655,,False
224,222,38.82641047815811,,False
224,1726,18.374042929581705,,False
224,1187,9.150511356475633,,False
225,3148,4.286818002464907,,False
225,1184,29.03513185178149,Phố Lương Định Của,False
225,1916,29.418317435822114,Phố Lương Định Của,False
226,227,54.29387911104641,,False
227,139,40.77876798769388,,False
227,146,44.50667864290722,,False
227,226,54.29387911104641,,False
227,1887,88.22532795388942,,False
228,1903,5.633630720225476,Ngõ 31 Lương Định Của,False
228,230,19.932951918553208,Phố Lương Định Của,False
228,148,24.02238187665428,Phố Lương Định Của,False
229,3354,62.27663414455579,Ngõ 31 Lương Định Của,False
230,1887,5.74718245654098,,False
230,231,21.807275293971152,Phố Lương Định Của,False
230,228,19.932951918553208,Phố Lương Định Của,False
231,1902,5.815604484559779,,False
231,140,18.36179984834379,Phố Lương Định Của,False
231,230,21.807275293971152,Phố Lương Định Của,False
232,1186,6.774037091288442,Ngõ 28 Lương Đình Của,False
232,3265,5.2572809119960215,Ngõ 19 Đông Tác,False
232,1163,15.535120620813013,Ngõ 19 Đông Tác,False
233,849,71.41377591477485,,False
234,1885,6.941747618024761,Ngõ 28 Lương Đình Của,False
234,466,10.426912689517488,Phố Lương Định Của,False
234,1188,28.823173208580503,Phố Lương Định Của,False
235,1899,6.651479707971206,,False
235,835,29.676404431809463,Phố Lương Định Của,False
235,3156,29.76879472920457,Phố Lương Định Của,False
236,237,10.26446103430171,Phố Đông Tác,False
236,213,22.956829695437108,Phố Đông Tác,False
236,1238,5.2276532547306855,Ngõ 26 Phố Đông Tác,False
237,236,10.26446103430171,Phố Đông Tác,False
237,411,9.898509771809527,Ngõ 101 Phạm Ngọc Thạch,False
237,1851,7.937103672225155,Ngõ 41 Phố Đông Tác,False
237,829,6.990356155148247,Phố Đông Tác,False
238,3143,20.918992424418636,Ngõ 26 Phố Đông Tác,False
238,243,20.98794835203695,Ngõ 26 Phố Đông Tác,False
238,239,17.65576456442779,,False
239,2885,9.786182083299051,Ngõ 97 Phạm Ngọc Thạch,False
239,2888,8.806237445922292,Ngõ 97 Phạm Ngọc Thạch,False
239,238,17.65576456442779,,False
239,3168,16.934501474117955,,False
240,2888,7.145084300095625,Ngõ 97 Phạm Ngọc Thạch,False
240,3407,3.1426424708162584,Ngõ 97 Phạm Ngọc Thạch,False
241,3145,11.89309855036256,Ngõ 97 Phố Phạm Ngọc Thạch,False
241,1239,20.937934675951137,Ngõ 97 Phố Phạm Ngọc Thạch,False
241,1248,81.20364071899407,,False
242,245,12.286942484174784,,False
242,69,33.579855263219955,,False
243,2889,8.261641952336745,Ngõ 26 Đông Tác,False
243,244,19.122685735525053,Ngõ 26 Đông Tác,False
243,238,20.98794835203695,Ngõ 26 Phố Đông Tác,False
244,2885,11.648229536291131,Ngõ 97 Phạm Ngọc Thạch,False
244,243,19.122685735525053,Ngõ 26 Đông Tác,False
244,2890,5.963869539672501,Ngõ 97 Phạm Ngọc Thạch,False
245,242,12.286942484174784,,False
245,65,20.075377050175938,Ngõ 97 Phạm Ngọc Thạch,False
245,2884,28.920813212650994,Ngõ 97 Phạm Ngọc Thạch,False
246,2879,4.239101069688114,Ngõ 97 Phố Phạm Ngọc Thạch,False
246,3145,14.694606212854032,Ngõ 97 Phố Phạm Ngọc Thạch,False
246,3153,19.76795887660932,,False
247,1325,41.52211366266733,Ngõ 38 Phương Mai,False
247,82,42.614540343799305,Ngõ 38 Phương Mai,False
247,1327,52.420053195371416,Ngõ 5 Hoàng Tích Trí,False
248,2878,5.782987461201556,Ngõ 97 Phạm Ngọc Thạch,False
248,2890,12.297743178846304,Ngõ 97 Phạm Ngọc Thạch,False
249,252,38.44244454234546,Ngõ 97 Phạm Ngọc Thạch,False
249,2887,3.900831253974788,Ngõ 97 Phạm Ngọc Thạch,False
250,257,63.89764249661472,,False
251,1248,4.638965265860419,,False
251,253,30.937371151725287,Phố Lương Định Của,False
251,1180,38.73473372271256,Phố Lương Định Của,False
252,3150,2.0500640122280416,Ngõ 97 Phạm Ngọc Thạch,False
252,249,38.44244454234546,Ngõ 97 Phạm Ngọc Thạch,False
253,1247,3.957962372932293,,False
253,55,32.439678040367575,Phố Lương Định Của,False
253,251,30.937371151725287,Phố Lương Định Của,False
254,3212,30.317999918710225,Ngõ 5 Hoàng Tích Trí,False
254,3223,3.225845532260564,Ngõ 5 Hoàng Tích Trí,False
255,766,8.195818930602677,Phố Phạm Ngọc Thạch,True
256,992,40.10788002818536,Ngõ 5 Hoàng Tích Trí,False
256,3223,16.639813576976845,Ngõ 5 Hoàng Tích Trí,False
256,171,100.6418928717842,Ngõ 9 Lương Định Của,False
256,682,44.52249970355272,Ngõ 9 Lương Định Của,False
257,1181,2.1745152116291675,Ngõ 97 Phạm Ngọc Thạch,False
257,3149,26.091739523537083,Ngõ 97 Phạm Ngọc Thạch,False
257,250,63.89764249661472,,False
258,1199,47.47699608199412,Ngõ 97 Phạm Ngọc Thạch,False
258,1181,7.762873979705289,Ngõ 97 Phạm Ngọc Thạch,False
259,1258,4.88112891676847,,False
259,749,29.48773724803037,Phố Lương Định Của,False
259,74,1.7173781531550447,Phố Lương Định Của,False
260,837,79.94486690317716,Phố Hoàng Tích Trí,True
260,2310,4.305988751673161,,False
261,260,7.673127151748031,Phố Hoàng Tích Trí,True
261,2311,4.387562418616855,,False
262,261,8.726171977499547,Phố Hoàng Tích Trí,True
262,2324,3.522821460151058,Ngõ 5 Hoàng Tích Trí,False
263,1609,4.811221739688787,,False
263,2310,18.98144259689628,,False
264,267,83.06601942045452,,False
264,131,88.95454638346192,,False
264,134,26.032396924069705,Ngõ 43 Phạm Ngọc Thạch,False
264,2719,19.689768053544064,Ngõ 43 Phạm Ngọc Thạch,False
265,2313,4.255649565997107,Ngõ 21 Phạm Ngọc Thạch,False
265,2253,83.55774895197149,Phố Hoàng Tích Trí,True
266,134,83.3359131679883,,False
266,3370,14.588035436143226,Ngõ 21 Phạm Ngọc Thạch,False
266,267,27.489900793349555,Ngõ 21 Phạm Ngọc Thạch,False
267,266,27.489900793349555,Ngõ 21 Phạm Ngọc Thạch,False
267,670,12.532569590495854,Ngõ 21 Phạm Ngọc Thạch,False
267,264,83.06601942045452,,False
268,269,30.29705942947462,Ngõ 1 Tôn Thất Tùng,False
268,2153,78.70879819840891,,False
268,192,102.54841821642982,,False
269,196,101.34870986399092,,False
269,2154,74.3919517380409,,False
269,270,28.538637112949345,Ngõ 1 Tôn Thất Tùng,False
269,268,30.29705942947462,Ngõ 1 Tôn Thất Tùng,False
270,3466,34.097753089322744,Ngõ 1 Tôn Thất Tùng,False
270,269,28.538637112949345,Ngõ 1 Tôn Thất Tùng,False
270,197,94.39657133640792,,False
270,822,40.887679774346246,,False
271,2716,19.876510733040966,Phố Xã Đàn,True
272,2513,32.40023560278535,Ngõ 15- Phương Mai,False
273,1556,5.42280793820899,Phố Nguyễn Ngọc Doãn,False
273,2010,11.54254028215322,Phố Nguyễn Ngọc Doãn,False
273,1773,4.579334239144314,Phố Nguyễn Ngọc Doãn,False
274,3562,6.565209807935196,,False
274,2982,10.130162149099464,,False
275,2477,2.758287687881702,,False
275,3177,24.68860436578545,Phố Nguyễn Ngọc Doãn,False
275,370,34.40895271803528,Phố Nguyễn Ngọc Doãn,False
276,282,38.26377676191674,Ngõ 12 Chùa Bộc,True
277,2500,6.406551256238836,Ngõ 12 Chùa Bộc,True
277,284,7.766170587400501,,False
277,3562,5.67264766287324,,False
278,2982,8.362959097170888,,False
278,3557,1.0197968279868317,,False
279,3599,1.9567639992280907,,False
279,3546,3.666458117949035,,False
279,3509,39.25967701961977,,False
279,3601,28.53484796857361,,False
280,1490,5.744042873574014,Ngõ 12 Chùa Bộc,False
280,281,39.20055997202744,Ngõ 12 Chùa Bộc,True
280,282,8.028195556620355,,False
281,618,11.15216220674994,Ngõ 12 Chùa Bộc,True
282,2506,31.52261935033664,Ngõ 12 Chùa Bộc,True
282,280,8.028195556620355,,False
283,186,8.510522022312905,Ngõ 12 Chùa Bộc,False
283,796,5.231504849420271,Ngõ 12 Chùa Bộc,False
283,79,88.08525132027891,Phố Chùa Bộc,True
284,1563,4.517921710454504,,False
284,277,7.766170587400501,,False
285,3522,24.959516031096328,,False
285,1563,36.07171673042108,,False
286,287,36.96186441123312,,False
287,286,36.96186441123312,,False
287,1457,10.845660493213126,,False
288,1653,52.592906872847365,,False
288,2704,2.1452551126766743,,False
289,3347,15.395877847146268,,False
289,1653,48.13265810308684,,False
289,3348,75.11326512650831,,False
290,1987,10.329907312641684,,False
290,50,24.974364740577663,Phố Đặng Văn Ngữ,False
290,2682,40.58881966604707,Phố Đặng Văn Ngữ,False
291,2703,3.010678530929291,,False
291,1033,31.23733353405249,,False
292,1328,25.052721818173502,Ngõ 4 Phố Phương Mai,False
292,707,53.95183780283996,Ngõ 34 Phương Mai,False
292,294,11.496533330886166,Ngõ 34 Phương Mai,False
292,3338,33.20287482752334,Ngõ 4 Phương Mai,False
293,2615,32.2677314199986,Ngõ 24 Giải Phóng,False
293,1119,11.384113333967344,Ngõ 24 Giải Phóng,False
293,707,40.85047539933922,Ngõ 34 Phương Mai,False
294,292,11.496533330886166,Ngõ 34 Phương Mai,False
294,654,10.033155490420288,Ngõ 34 Phương Mai,False
295,3210,9.604239689866656,Ngõ 34 Phố Phương Mai,False
295,81,26.21105590329496,Ngõ 34 Phương Mai,False
295,1617,36.07430546693931,Ngõ 34 Phương Mai,False
296,1331,8.952263711534114,Ngõ 34 Phố Phương Mai,False
296,3211,9.236422712695836,Ngõ 34 Phố Phương Mai,False
297,1647,18.845331928857163,Ngõ 34 Phố Phương Mai,False
297,298,18.398654561421196,Ngõ 34 Phố Phương Mai,False
298,297,18.398654561421196,Ngõ 34 Phố Phương Mai,False
298,299,18.02453600291105,Ngõ 34 Phố Phương Mai,False
299,298,18.02453600291105,Ngõ 34 Phố Phương Mai,False
299,300,22.741336549177497,Ngõ 34 Phố Phương Mai,False
300,299,22.741336549177497,Ngõ 34 Phố Phương Mai,False
300,301,12.935853280253042,Ngõ 34 Phố Phương Mai,False
301,300,12.935853280253042,Ngõ 34 Phố Phương Mai,False
301,302,11.132602762748968,Ngõ 34 Phố Phương Mai,False
302,301,11.132602762748968,Ngõ 34 Phố Phương Mai,False
302,303,7.684670972120113,Ngõ 34 Phố Phương Mai,False
303,302,7.684670972120113,Ngõ 34 Phố Phương Mai,False
303,304,13.124910305205264,Ngõ 34 Phố Phương Mai,False
304,303,13.124910305205264,Ngõ 34 Phố Phương Mai,False
304,305,14.671538076607282,Ngõ 34 Phố Phương Mai,False
305,304,14.671538076607282,Ngõ 34 Phố Phương Mai,False
305,306,17.12519339822243,Ngõ 34 Phố Phương Mai,False
306,305,17.12519339822243,Ngõ 34 Phố Phương Mai,False
306,307,14.100583741080554,Ngõ 34 Phố Phương Mai,False
307,306,14.100583741080554,Ngõ 34 Phố Phương Mai,False
307,308,8.62873849723449,Ngõ 34 Phố Phương Mai,False
308,307,8.62873849723449,Ngõ 34 Phố Phương Mai,False
308,1936,28.713193057054347,Ngõ 34 Phố Phương Mai,False
309,1936,4.935141812668099,Ngõ 34 Phố Phương Mai,False
309,22,32.6781472862689,Phố Phương Mai,False
309,806,25.836369291117983,Phố Phương Mai,False
310,149,34.41626412677893,Ngõ 38 Phố Phương Mai,False
310,150,38.93939590781783,Ngõ 38 Phố Phương Mai,False
311,549,39.79605315444576,,False
311,551,10.8005593380421,,False
311,313,40.51981293414434,,False
312,1502,3.3888404617250463,,False
312,550,33.01026046827062,,False
313,311,40.51981293414434,,False
313,61,47.62815092921701,,False
313,2613,12.05769291728695,,False
314,2681,33.40303670818353,,False
314,1135,58.44060028446047,,False
315,759,15.48731095573038,,True
316,125,23.4436327664699,Phố Đào Duy Anh,False
316,2346,34.7834565310934,Phố Đào Duy Anh,False
316,2345,12.69614263817934,,False
316,1134,13.820466431744494,,False
317,757,11.183539038911372,Ngõ 78 Đường Giải Phóng,False
317,3333,58.00310190877141,Ngõ 78 Đường Giải Phóng,False
318,1078,13.69882099659796,,False
318,1461,13.10674030542977,,False
318,1574,6.026762654547112,,False
319,2844,12.050411740509094,Phố Tây Sơn,True
320,1576,17.171789220926446,Hầm đường bộ Ngã Tư Sở,False
321,946,35.1017047511228,Ngõ 199 Khương Thượng,False
321,2195,13.249254202753391,Phố Khương Thượng,False
321,2971,5.734195335905696,Phố Khương Thượng,False
322,1426,18.442897050871206,Phố Khương Thượng,False
322,323,19.857624766749947,Phố Khương Thượng,False
323,322,19.857624766749947,Phố Khương Thượng,False
323,3136,10.49463342669737,Phố Khương Thượng,False
324,3136,13.890201476259236,Phố Khương Thượng,False
324,325,10.13727110156508,Phố Khương Thượng,False
325,912,25.747251849167448,Phố Khương Thượng,False
325,1428,48.79203910977713,,False
325,324,10.13727110156508,Phố Khương Thượng,False
325,326,22.164737901392275,Phố Khương Thượng,False
326,325,22.164737901392275,Phố Khương Thượng,False
326,327,23.18011534775848,Phố Khương Thượng,False
327,326,23.18011534775848,Phố Khương Thượng,False
327,328,40.94672117544432,Phố Khương Thượng,False
328,327,40.94672117544432,Phố Khương Thượng,False
328,329,19.47093693363713,Phố Khương Thượng,False
329,1526,24.05569178598708,Phố Khương Thượng,False
329,328,19.47093693363713,Phố Khương Thượng,False
329,1414,52.704035228265454,Phố Khương Thượng,False
330,1682,62.77790676794805,Ngõ 78 Đường Giải Phóng,False
330,1816,3.841120343685045,Ngõ 78 Đường Giải Phóng,False
331,1970,6.011072346900336,Ngõ 15- Phương Mai,False
331,23,22.13531241093074,Phố Phương Mai,False
331,22,55.10331116746894,Phố Phương Mai,False
332,802,8.01294749241308,Phố Phương Mai,False
332,405,56.71041248314424,Phố Phương Mai,False
332,1940,5.615591597133316,Ngõ 2 Phố Phương Mai,False
332,1960,9.502689830053148,,False
333,1624,21.04568579312416,Ngõ 2 Phố Phương Mai,False
333,1633,22.02400826057701,Ngõ 2 Phố Phương Mai,False
334,338,50.15112991236247,Đường Trường Chinh,True
335,2467,18.87289089729263,Đường Trường Chinh,True
336,2093,30.058931298191855,Đường Trường Chinh,True
336,1091,8.737197942495639,Phố Tôn Thất Tùng,False
337,2124,8.412533324790124,,False
337,1553,23.24671168320441,Đường Trường Chinh,True
338,2219,9.521645551871446,Ngõ 120 Đường Trường Chinh,False
338,1524,9.942003336649622,Đường Trường Chinh,True
339,340,15.358429503081023,Ngõ 41 Phố Đông Tác,False
339,1851,13.64847337079804,Ngõ 41 Phố Đông Tác,False
340,341,33.768807447008626,Ngõ 41 Phố Đông Tác,False
340,339,15.358429503081023,Ngõ 41 Phố Đông Tác,False
341,893,19.127130654371754,Ngõ 41 Phố Đông Tác,False
341,340,33.768807447008626,Ngõ 41 Phố Đông Tác,False
341,898,19.29322102626484,Ngõ 41 Đông Tác,False
342,1580,32.00743179480965,Ngõ 41 Phố Đông Tác,False
342,893,12.075083923417608,Ngõ 41 Phố Đông Tác,False
343,344,20.523829796136837,Ngõ 41 Phố Đông Tác,False
343,894,26.5535879525612,Ngõ 41 Phố Đông Tác,False
344,345,24.4799136499594,Ngõ 41 Phố Đông Tác,False
344,343,20.523829796136837,Ngõ 41 Phố Đông Tác,False
345,346,29.122887874858847,Ngõ 41 Phố Đông Tác,False
345,344,24.4799136499594,Ngõ 41 Phố Đông Tác,False
346,347,16.076077550225126,Ngõ 41 Phố Đông Tác,False
346,345,29.122887874858847,Ngõ 41 Phố Đông Tác,False
347,3336,8.767272036578188,Ngõ 41 Phố Đông Tác,False
347,346,16.076077550225126,Ngõ 41 Phố Đông Tác,False
348,349,14.887598233598212,Ngõ 41 Phố Đông Tác,False
348,3088,11.777326950573777,Ngõ 41 Phố Đông Tác,False
349,350,21.78957870910808,Ngõ 41 Phố Đông Tác,False
349,348,14.887598233598212,Ngõ 41 Phố Đông Tác,False
350,895,14.746537268101422,Ngõ 41 Phố Đông Tác,False
350,349,21.78957870910808,Ngõ 41 Phố Đông Tác,False
351,352,17.928224693988163,Ngõ 41 Phố Đông Tác,False
351,895,13.12847523686987,Ngõ 41 Phố Đông Tác,False
352,353,22.94010638781097,Ngõ 41 Phố Đông Tác,False
352,351,17.928224693988163,Ngõ 41 Phố Đông Tác,False
352,2863,5.036771503614874,,False
353,354,14.485587336857355,Ngõ 41 Phố Đông Tác,False
353,352,22.94010638781097,Ngõ 41 Phố Đông Tác,False
354,353,14.485587336857355,Ngõ 41 Phố Đông Tác,False
354,2647,13.34703610284865,Ngõ 41 Phố Đông Tác,False
354,1744,20.51885225779237,Ngõ 28A Phố Lương Định Của,False
355,2647,71.19658567188205,Ngõ 41 Phố Đông Tác,False
355,2944,24.97748127240901,Ngõ 41 Phố Đông Tác,False
356,2944,14.00038054025162,Ngõ 120 Đường Trường Chinh,False
356,357,25.05953262953969,Ngõ 120 Đường Trường Chinh,False
357,356,25.05953262953969,Ngõ 120 Đường Trường Chinh,False
357,358,12.307869875998032,Ngõ 120 Đường Trường Chinh,False
358,357,12.307869875998032,Ngõ 120 Đường Trường Chinh,False
358,359,18.253143240696136,Ngõ 120 Đường Trường Chinh,False
359,358,18.253143240696136,Ngõ 120 Đường Trường Chinh,False
359,114,33.27790278796373,Ngõ 120 Đường Trường Chinh,False
360,1457,70.28190784182412,,False
360,1603,83.9730738355117,,False
360,361,12.86779696335775,,False
361,362,54.20158559693609,,False
361,360,12.86779696335775,,False
362,361,54.20158559693609,,False
363,2227,6.004816038066781,Ngõ 102 Trường Chinh,False
363,900,48.77160578120262,Đường Trường Chinh,True
364,544,35.5266694380339,Ngõ 102 Trường Chinh,False
364,365,18.641658271787787,Ngõ 102 Trường Chinh,False
364,1514,42.4818939955961,,False
365,364,18.641658271787787,Ngõ 102 Trường Chinh,False
365,3368,6.087471600804198,Ngõ 102 Trường Chinh,False
365,508,108.46992500351642,,False
366,2463,13.424622493427403,Ngõ 102 Trường Chinh,False
366,367,50.66235625795107,Ngõ 102 Trường Chinh,False
366,1746,52.72854057076728,Ngách 102/70 Đường Trường Chinh,False
367,366,50.66235625795107,Ngõ 102 Trường Chinh,False
367,2925,6.581587735806507,Ngõ 102 Trường Chinh,False
368,1562,26.300771397429106,Ngõ 28D Phố Lương Định Của,False
369,819,22.03800957496188,Phố Tôn Thất Tùng,False
369,747,70.59800995541633,Phố Tôn Thất Tùng,False
369,2150,7.713495778274942,,True
370,275,34.40895271803528,Phố Nguyễn Ngọc Doãn,False
370,1527,9.779292740974732,Phố Nguyễn Ngọc Doãn,False
371,1190,5.941445683534227,Phố Nguyễn Ngọc Doãn,False
371,2398,6.509934780094454,Phố Nguyễn Ngọc Doãn,False
372,1189,5.886147037411846,Phố Nguyễn Ngọc Doãn,False
372,1190,11.325137259770036,Phố Nguyễn Ngọc Doãn,False
372,2478,6.391552450337612,,False
373,374,12.88391802114944,Phố Nguyễn Ngọc Doãn,False
373,1189,10.780363476168532,Phố Nguyễn Ngọc Doãn,False
374,375,15.25478668184926,Phố Nguyễn Ngọc Doãn,False
374,373,12.88391802114944,Phố Nguyễn Ngọc Doãn,False
375,376,12.956781954147171,Phố Nguyễn Ngọc Doãn,False
375,374,15.25478668184926,Phố Nguyễn Ngọc Doãn,False
376,377,17.8508084634831,Phố Nguyễn Ngọc Doãn,False
376,375,12.956781954147171,Phố Nguyễn Ngọc Doãn,False
377,378,15.531710519631863,Phố Nguyễn Ngọc Doãn,False
377,376,17.8508084634831,Phố Nguyễn Ngọc Doãn,False
378,379,38.28007787664619,Phố Nguyễn Ngọc Doãn,False
378,377,15.531710519631863,Phố Nguyễn Ngọc Doãn,False
379,1477,9.097938008812404,Phố Nguyễn Ngọc Doãn,False
379,378,38.28007787664619,Phố Nguyễn Ngọc Doãn,False
380,381,26.11564670931901,Phố Nguyễn Ngọc Doãn,False
380,1477,37.31850592883173,Phố Nguyễn Ngọc Doãn,False
381,3173,9.268879830590356,Phố Nguyễn Ngọc Doãn,False
381,380,26.11564670931901,Phố Nguyễn Ngọc Doãn,False
382,383,12.669262720623982,Phố Nguyễn Ngọc Doãn,False
382,3173,7.625903708705325,Phố Nguyễn Ngọc Doãn,False
383,3169,27.43597891965395,Phố Nguyễn Ngọc Doãn,False
383,382,12.669262720623982,Phố Nguyễn Ngọc Doãn,False
383,3170,6.956681098992073,,False
384,1212,8.534941086309129,Phố Nguyễn Ngọc Doãn,False
384,817,73.40000097078386,Phố Phạm Ngọc Thạch,True
385,3178,9.146130176207093,Phố Nguyễn Ngọc Doãn,False
385,3179,9.0452976392551,Phố Nguyễn Ngọc Doãn,False
386,392,20.37336631688636,Phố Nguyễn Ngọc Doãn,False
386,393,13.541590828985196,Phố Nguyễn Ngọc Doãn,False
387,395,34.673962383247584,Phố Nguyễn Ngọc Doãn,False
387,392,19.243453306614693,Phố Nguyễn Ngọc Doãn,False
388,396,20.63875391315992,Phố Nguyễn Ngọc Doãn,False
388,395,31.344513732992407,Phố Nguyễn Ngọc Doãn,False
389,397,15.657243575368753,Phố Nguyễn Ngọc Doãn,False
389,396,20.83911219168133,Phố Nguyễn Ngọc Doãn,False
390,3181,23.18815196701316,Phố Nguyễn Ngọc Doãn,False
390,866,12.039478395941154,Phố Nguyễn Ngọc Doãn,False
391,3108,4.776489438053796,Phố Nguyễn Ngọc Doãn,False
391,384,25.768899699839377,Phố Phạm Ngọc Thạch,True
392,387,19.243453306614693,Phố Nguyễn Ngọc Doãn,False
392,386,20.37336631688636,Phố Nguyễn Ngọc Doãn,False
393,386,13.541590828985196,Phố Nguyễn Ngọc Doãn,False
393,3180,13.3463502023117,Phố Nguyễn Ngọc Doãn,False
394,3179,51.3824236690269,Phố Nguyễn Ngọc Doãn,False
394,2011,10.057545121883036,Phố Nguyễn Ngọc Doãn,False
395,388,31.344513732992407,Phố Nguyễn Ngọc Doãn,False
395,387,34.673962383247584,Phố Nguyễn Ngọc Doãn,False
396,389,20.83911219168133,Phố Nguyễn Ngọc Doãn,False
396,388,20.63875391315992,Phố Nguyễn Ngọc Doãn,False
396,2050,55.97002725374017,Ngõ 52 Phố Nguyễn Ngọc Doãn,False
397,866,6.664613618875934,Phố Nguyễn Ngọc Doãn,False
397,389,15.657243575368753,Phố Nguyễn Ngọc Doãn,False
398,631,26.17527027053774,Ngách 95/8 Phố Chùa Bộc,False
398,440,26.37307637539823,Ngõ 95 Phố Chùa Bộc,False
398,1453,41.76891168581262,Ngõ 95 Phố Chùa Bộc,False
399,631,147.08750472945164,Ngách 95/8 Phố Chùa Bộc,False
399,1719,32.70456051710043,Ngõ 165 Phố Chùa Bộc,False
399,1756,58.33907655009535,,False
400,1069,67.03226922963869,Ngõ 165 Phố Chùa Bộc,False
400,1719,32.32104254865618,Ngõ 165 Phố Chùa Bộc,False
400,1752,22.106018065208,Ngách 4/165 Phố Chùa Bộc,False
401,1823,3.49966486862175,Đường Giải Phóng,False
401,690,4.899653752785364,Đường Giải Phóng,False
402,1823,9.450038083115462,Đường Giải Phóng,False
402,758,107.54927216636754,Đường Giải Phóng,True
403,1695,48.88856255089159,,False
403,221,35.14364163069462,,False
403,2576,38.20708768481471,,False
404,1562,46.26106433307958,Ngõ 28D Phố Lương Định Của,False
404,494,46.25654897623901,Phố Lương Định Của,False
404,1692,6.031501045185257,Phố Lương Định Của,False
405,332,56.71041248314424,Phố Phương Mai,False
405,473,28.11306490516377,Phố Phương Mai,False
405,1972,7.216628127522179,,False
406,1745,55.800183160294985,Ngõ 28A Phố Lương Định Của,False
406,2644,55.83907516402259,Ngõ 28A Phố Lương Định Của,False
406,20,25.636186470293367,Ngõ 167 Phố Phương Mai,False
406,1686,17.62806588536674,Ngõ 167 Phương Mai,False
407,408,14.304727966298788,Phố Tôn Thất Tùng,False
407,195,40.56844766983644,Phố Tôn Thất Tùng,False
407,1077,10.686652344184989,,False
408,409,12.381481991074423,Phố Tôn Thất Tùng,False
408,407,14.304727966298788,Phố Tôn Thất Tùng,False
409,410,4.57702917824906,Phố Tôn Thất Tùng,False
409,408,12.381481991074423,Phố Tôn Thất Tùng,False
409,2158,12.599746853128869,,False
409,2157,11.49922768970436,,False
410,409,4.57702917824906,Phố Tôn Thất Tùng,False
410,172,19.27517226604853,Phố Tôn Thất Tùng,True
411,3144,43.18272630540948,Ngõ 101 Phạm Ngọc Thạch,False
411,237,9.898509771809527,Ngõ 101 Phạm Ngọc Thạch,False
411,1222,22.338961118390387,,False
411,1237,9.462167080154472,,False
412,1088,32.64636804984446,,False
413,1088,11.86757608658651,,False
413,799,68.98059020677825,Phố Tây Sơn,True
414,415,44.58232528627085,,False
415,414,44.58232528627085,,False
415,1664,5.026594839339532,,False
415,416,11.183234432970115,,False
416,415,11.183234432970115,,False
416,1087,25.39595675831628,,False
417,745,40.125109187510965,Đường Trường Chinh,True
418,1667,19.22694381998023,Ngõ 592 Trường Chinh,False
419,908,13.323034458770904,Ngõ 554 Trường Chinh,False
419,420,19.18823075801567,Ngõ 554 Trường Chinh,False
420,419,19.18823075801567,Ngõ 554 Trường Chinh,False
420,421,10.113810004779411,Ngõ 554 Trường Chinh,False
420,1373,19.59814056315944,,False
421,420,10.113810004779411,Ngõ 554 Trường Chinh,False
421,1410,53.93778759231402,Ngõ 554 Trường Chinh,False
422,1403,4.569394010026604,Ngõ 554 Trường Chinh,False
422,423,104.7652377192949,Ngõ 554 Trường Chinh,False
423,422,104.7652377192949,Ngõ 554 Trường Chinh,False
423,694,29.655660446529367,Ngõ 554 Đường Trường Chinh,False
423,1405,34.451520531792376,,False
424,1044,10.50493963322113,,False
424,798,23.38728479567897,Phố Tây Sơn,True
425,1390,14.696379760973684,,False
425,86,14.07989445188872,Phố Khương Thượng,False
425,3121,68.86491645086555,Phố Khương Thượng,False
426,1031,76.95890824707362,,False
426,430,86.78538376181884,,False
427,3121,42.339104453488886,Phố Khương Thượng,False
427,87,106.03966736667228,Phố Khương Thượng,False
428,2877,84.62221863938962,,False
429,2725,58.4379479130328,,False
429,430,119.66419035737304,,False
429,2723,18.77175645390391,,False
430,426,86.78538376181884,,False
430,2877,89.42250204431822,,False
430,429,119.66419035737304,,False
431,1077,47.89998817828554,,False
432,435,27.78693131291113,,False
432,433,38.6684071895401,,False
433,432,38.6684071895401,,False
433,436,28.33460328569002,,False
434,435,71.36605200372543,,False
434,985,23.54602206620581,Ngõ 95 Phố Chùa Bộc,False
434,1466,22.00851287191869,Ngõ 95 Phố Chùa Bộc,False
435,432,27.78693131291113,,False
435,434,71.36605200372543,,False
435,436,39.27115483394379,,False
436,433,28.33460328569002,,False
436,435,39.27115483394379,,False
436,437,54.78529090014075,,False
436,1467,25.52118113829805,,False
437,436,54.78529090014075,,False
437,988,21.13172992013592,,False
438,439,70.28730571619167,,False
438,1549,5.754607353084187,,False
438,2515,54.54356981799357,,False
439,438,70.28730571619167,,False
439,458,18.11238426301856,Phố Tam Khương,False
439,459,5.844304425705851,Phố Tam Khương,False
440,441,63.12129720775253,,False
440,190,54.62865545798885,Ngõ 95 Phố Chùa Bộc,False
440,398,26.37307637539823,Ngõ 95 Phố Chùa Bộc,False
441,440,63.12129720775253,,False
442,443,14.214217699643712,Phố Đông Tác,True
442,17,6.27962040519753,Phố Đông Tác,False
443,815,17.484800950780457,Phố Phạm Ngọc Thạch,True
443,78,17.908641635623148,Phố Chùa Bộc,True
444,1076,9.939707368046324,,False
444,195,7.149792679354388,Phố Tôn Thất Tùng,False
444,823,49.83278937161035,Phố Tôn Thất Tùng,False
445,1464,61.69607992667388,,False
445,2873,26.200501041784168,,False
445,2874,26.342788393632613,,False
446,820,7.023996823983568,Phố Tôn Thất Tùng,False
446,2654,4.946571301611802,Phố Tôn Thất Tùng,False
447,3464,27.490508424575385,,True
447,3452,10.361613357021836,,True
448,2151,25.557391033112847,,True
448,3452,94.76558419053993,,False
449,1465,20.875724462673748,,False
449,728,36.597992364568455,,False
450,3453,9.121990619910598,,False
450,451,95.61823316793182,,False
450,2819,12.075654359138444,,False
451,448,58.38497872198359,,True
451,1465,35.90790943246681,,False
451,450,95.61823316793182,,False
451,3358,36.35461595986756,,False
452,821,69.37544071207618,Phố Tam Khương,False
452,1182,6.344174669026747,Phố Tam Khương,False
453,1379,11.223280269393005,Phố Tam Khương,False
453,454,22.24155423799233,Phố Tam Khương,False
454,453,22.24155423799233,Phố Tam Khương,False
454,1399,23.84722271371034,Phố Tam Khương,False
455,1399,9.84392766227953,Phố Tam Khương,False
455,456,22.03062337121601,Phố Tam Khương,False
456,455,22.03062337121601,Phố Tam Khương,False
456,2523,6.092195685554937,Phố Tam Khương,False
457,1397,9.096834526420944,Phố Tam Khương,False
457,458,44.12653352800306,Phố Tam Khương,False
458,457,44.12653352800306,Phố Tam Khương,False
458,439,18.11238426301856,Phố Tam Khương,False
459,439,5.844304425705851,Phố Tam Khương,False
459,460,13.78758636967429,Phố Tam Khương,False
460,459,13.78758636967429,Phố Tam Khương,False
460,3159,12.261768080112962,Phố Tam Khương,False
460,1446,44.91364682619133,,False
460,2547,40.42958004378647,,False
461,3159,1.08671744176745,Phố Tam Khương,False
461,462,26.33662455112629,Phố Tam Khương,False
461,985,22.6820302068445,Ngõ 95 Phố Chùa Bộc,False
462,461,26.33662455112629,Phố Tam Khương,False
462,1417,16.348420894581412,Phố Tam Khương,False
463,1650,21.271416235298727,Phố Tam Khương,False
463,176,29.39309938756171,Phố Tam Khương,False
464,1934,5.525250616728106,,False
464,145,19.01765482862809,Phố Phương Mai,False
464,1338,40.97884444123623,Phố Phương Mai,False
465,1934,15.472681044307766,,False
466,1900,5.970751000594769,,False
466,851,3.6914492307187343,Phố Lương Định Của,False
466,234,10.426912689517488,Phố Lương Định Của,False
467,3187,49.72098609097801,Ngõ 1 Tôn Thất Tùng,False
467,1843,63.57648756760271,,False
467,194,35.32632457056135,Ngõ 1 Tôn Thất Tùng,False
468,1114,6.1520254555227005,Đường Giải Phóng,False
468,470,36.53549936130669,Đường Giải Phóng,False
469,690,9.855276806509227,Đường Giải Phóng,False
469,3388,8.863446428245156,,False
469,470,19.47611362160613,Đường Giải Phóng,False
470,3387,19.56431483452964,,False
470,468,36.53549936130669,Đường Giải Phóng,False
470,469,19.47611362160613,Đường Giải Phóng,False
471,802,72.04683015872486,Phố Phương Mai,False
471,1950,5.215555644303746,,False
471,688,19.443520195231017,Phố Phương Mai,False
472,999,109.89440304650782,,False
472,716,20.90841371405108,,False
472,717,82.81860840809962,,False
473,1939,5.553919670353268,Ngõ 4 Phố Phương Mai,False
473,405,28.11306490516377,Phố Phương Mai,False
473,1971,7.4725691994859265,,False
473,803,27.28979676732954,Phố Phương Mai,False
474,2197,6.234376942864984,Ngõ 390 Trường Chinh,False
474,906,68.12615679394558,Đường Trường Chinh,True
475,2511,8.2084317898984,Ngõ 390 Trường Chinh,False
475,476,52.74932098910987,Ngõ 390 Trường Chinh,False
476,475,52.74932098910987,Ngõ 390 Trường Chinh,False
476,965,33.115089639022045,Ngõ 191 Khương Thượng,False
476,964,12.103839324256382,Ngõ 191 Khương Thượng,False
477,726,103.32070446191868,,False
477,3453,31.891866109475863,,False
477,1668,27.219876955186844,,False
478,480,23.1545360167745,,False
479,1103,59.23324706497991,Đường Trường Chinh,True
479,2215,6.501245677309735,,False
480,478,23.1545360167745,,False
480,1665,44.157835347030826,,False
481,1656,55.36806729358494,Đường Trường Chinh,True
482,483,10.339216501398218,,True
483,2813,56.77114568291612,,True
484,1074,7.137189508191139,Ngõ 54 Tôn Thất Tùng,False
484,487,6.419347698919957,Phố Tôn Thất Tùng,False
484,934,45.94340687268811,Phố Tôn Thất Tùng,False
485,1074,10.800802073639115,Ngõ 54 Tôn Thất Tùng,False
485,486,9.016303187253978,Ngõ 54 Tôn Thất Tùng,False
486,485,9.016303187253978,Ngõ 54 Tôn Thất Tùng,False
486,1385,34.503144819469576,Ngõ 54 Tôn Thất Tùng,False
487,2149,8.983673265583947,Ngõ Hồ Hố Mẻ,False
487,2814,4.79634611206682,Phố Tôn Thất Tùng,False
487,484,6.419347698919957,Phố Tôn Thất Tùng,False
488,781,32.48172597424361,Ngõ Hồ Hố Mẻ,False
488,1127,27.016452458930942,Ngõ Hồ Hố Mẻ,False
488,1523,12.518887281475992,,False
489,2953,22.09220865071292,,False
490,2929,12.54273128637886,Ngõ 36 Phố Lương Định Của,False
491,335,52.47605675278888,Đường Trường Chinh,True
491,2214,10.11472689410428,,False
492,2214,76.49925990766509,,False
493,516,30.990840022236604,Ngõ 120 Đường Trường Chinh,False
494,1354,15.35693926996785,Phố Lương Định Của,False
494,404,46.25654897623901,Phố Lương Định Của,False
494,755,46.33885687451164,Ngõ 28C Phố Lương Định Của,False
495,751,32.25739379050536,Ngõ 30 Phố Lương Định Của,False
495,1692,26.42589808920944,Phố Lương Định Của,False
495,877,13.116474608087769,Phố Lương Định Của,False
496,2218,8.482853892960085,,False
496,2256,31.888729547543434,Đường Trường Chinh,True
497,2218,72.69835890674722,,False
498,2614,7.20432307835635,,False
498,2468,105.6383668629343,Đường Trường Chinh,True
499,2827,49.46795147421498,,False
500,2833,41.97376202253778,,False
500,502,32.96535351019671,,False
500,2826,65.50049871890926,,False
501,2216,6.761755666504819,,False
501,2465,29.541391030129205,Đường Trường Chinh,True
502,500,32.96535351019671,,False
503,2940,16.159117032565362,,False
503,504,12.68231567431426,,False
504,503,12.68231567431426,,False
504,505,12.302655787515118,,False
504,2954,25.435245582665413,,False
505,504,12.302655787515118,,False
505,506,14.096817171842956,,False
506,505,14.096817171842956,,False
506,2941,16.663201993883998,,False
507,509,44.649108945126194,,False
507,1558,9.607185094758224,,False
508,2940,24.715783448753047,,False
508,509,64.88277066527928,,False
508,365,108.46992500351642,,False
509,508,64.88277066527928,,False
509,511,12.416884144698216,,False
509,507,44.649108945126194,,False
510,3368,71.54937640700477,Ngõ 102 Trường Chinh,False
510,2648,27.41335562469031,Ngõ 102 Trường Chinh,False
510,511,103.28194104823422,,False
511,512,25.813889027186228,,False
511,509,12.416884144698216,,False
511,510,103.28194104823422,,False
512,1561,58.91762185602317,,False
512,511,25.813889027186228,,False
512,513,19.27080533731153,,False
513,512,19.27080533731153,,False
514,114,7.54671269686827,Ngõ 120 Trường Chinh,False
514,515,11.381370284221042,Ngõ 120 Trường Chinh,False
515,514,11.381370284221042,Ngõ 120 Trường Chinh,False
515,516,8.005250883671415,Ngõ 120 Trường Chinh,False
516,515,8.005250883671415,Ngõ 120 Trường Chinh,False
516,493,30.990840022236604,Ngõ 120 Đường Trường Chinh,False
516,523,34.369303168804855,Ngõ 120 Đường Trường Chinh,False
517,518,26.818253652903916,Ngõ 120 Đường Trường Chinh,False
518,2861,37.97231577653088,Ngõ 120 Đường Trường Chinh,False
518,517,26.818253652903916,Ngõ 120 Đường Trường Chinh,False
519,3094,27.17726171750036,Ngõ 120 Đường Trường Chinh,False
519,2861,24.80856884293276,Ngõ 120 Đường Trường Chinh,False
520,521,45.51909428374389,Ngõ 120 Đường Trường Chinh,False
520,3094,24.545827193706295,Ngõ 120 Đường Trường Chinh,False
521,3090,21.592593303965188,Ngõ 120 Đường Trường Chinh,False
521,520,45.51909428374389,Ngõ 120 Đường Trường Chinh,False
522,523,34.45508022049481,Ngõ 120 Đường Trường Chinh,False
522,3090,32.213800529073055,Ngõ 120 Đường Trường Chinh,False
523,516,34.369303168804855,Ngõ 120 Đường Trường Chinh,False
523,522,34.45508022049481,Ngõ 120 Đường Trường Chinh,False
524,3373,45.07780242171328,Ngõ Hồ Hố Mẻ,False
525,526,16.56579253637822,Ngõ Hồ Hố Mẻ,False
525,3373,18.825696305444247,Ngõ Hồ Hố Mẻ,False
526,3413,46.180564262412354,Ngõ Hồ Hố Mẻ,False
526,525,16.56579253637822,Ngõ Hồ Hố Mẻ,False
526,3371,21.85731796280348,Ngõ Hồ Hố Mẻ,False
527,2824,12.79871786545556,Ngõ Hồ Hố Mẻ,False
527,727,82.49563630675962,Ngõ Hồ Hố Mẻ,False
528,2864,49.78835888907936,,False
529,532,32.67889266628406,,False
530,531,12.973026801030407,,False
530,2490,24.52721408800489,,False
531,532,79.79547674012785,,False
531,221,24.889189023857107,,False
531,530,12.973026801030407,,False
532,531,79.79547674012785,,False
532,529,32.67889266628406,,False
532,2577,46.2057008768323,,False
533,83,9.731363923043522,,False
533,1824,2.409277134675536,,False
534,808,20.162942474130865,Đường Giải Phóng,True
534,1818,9.488859303591452,,False
535,538,110.8112617985694,,False
536,539,20.949194925212115,,False
536,219,32.7778560671281,,False
537,1002,10.994302081801004,,False
537,538,13.288140947324464,,False
537,219,7.22771026140656,,False
538,539,32.92283474671125,,False
538,535,110.8112617985694,,False
538,537,13.288140947324464,,False
539,538,32.92283474671125,,False
539,536,20.949194925212115,,False
539,2575,5.139383806114782,,False
540,2490,32.01383916094775,,False
540,541,8.028311890446453,,False
541,540,8.028311890446453,,False
542,1956,119.81283746112298,,False
542,2679,23.806840256777797,,False
543,544,142.01982372989585,Ngách 102/25 Trường Chinh,False
544,2227,36.96815552487421,Ngõ 102 Trường Chinh,False
544,364,35.5266694380339,Ngõ 102 Trường Chinh,False
544,543,142.01982372989585,Ngách 102/25 Trường Chinh,False
545,1108,15.72535145242051,Đường Trường Chinh,True
546,1514,67.95563067195435,,False
546,556,9.704750732996638,,False
547,2474,12.51172534476746,Đường Giải Phóng,True
547,545,8.061957209314535,Đường Trường Chinh,True
548,1816,7.885786226511846,Ngõ 78 Đường Giải Phóng,False
548,931,68.13259735347036,Đường Giải Phóng,True
549,311,39.79605315444576,,False
549,2564,10.451902433501155,,False
550,312,33.01026046827062,,False
550,551,28.181345398460508,,False
551,550,28.181345398460508,,False
551,311,10.8005593380421,,False
552,61,113.35644830769976,,False
552,220,12.186588522896718,,False
553,555,21.703680333240246,,False
553,757,41.50299614453843,Ngõ 74 Đường Trường Chinh,False
553,1606,9.88832314150736,,False
554,3359,27.107865747433763,,False
555,556,7.368349445512118,,False
555,553,21.703680333240246,,False
556,546,9.704750732996638,,False
556,555,7.368349445512118,,False
557,3420,58.83030544876389,Phố Xã Đàn,True
558,2431,47.803678125858085,Ngõ 35 Phố Tây Sơn,False
559,166,23.537508564118657,Ngõ 119 Hồ Đắc Di,False
559,1458,44.71895786064688,,False
560,561,71.24565650313721,,False
561,560,71.24565650313721,,False
561,1478,33.93588005034756,,False
561,1653,29.640496687756485,,False
562,563,64.5728779883151,,False
563,3351,3.1979241920267585,,False
563,562,64.5728779883151,,False
564,565,41.24317367882069,,False
564,3350,12.60194834664338,,False
564,1478,19.25838099017917,,False
565,564,41.24317367882069,,False
565,3349,3.874427350470476,,False
566,3043,4.827744115003276,,False
566,1015,12.017362227534798,,False
566,1016,13.276935465171462,,False
567,3016,26.280610518938584,,False
567,2259,13.6514069460349,Phố Tây Sơn,True
568,569,21.719273437572923,Ngõ 119 Hồ Đắc Di,False
569,2904,17.232282586422865,Ngõ 119 Hồ Đắc Di,False
569,568,21.719273437572923,Ngõ 119 Hồ Đắc Di,False
569,570,20.121836421814123,Ngõ 119 Hồ Đắc Di,False
570,569,20.121836421814123,Ngõ 119 Hồ Đắc Di,False
570,571,31.86145793632348,Ngõ 119 Hồ Đắc Di,False
570,588,26.616938762527308,Ngõ 119 Hồ Đắc Di,False
571,45,50.67359901091399,Ngõ 119 Hồ Đắc Di,False
571,583,9.217212960931116,Ngõ 119 Hồ Đắc Di,False
571,570,31.86145793632348,Ngõ 119 Hồ Đắc Di,False
572,573,64.77906657712107,Ngách 167/31 Phố Tây Sơn,False
573,1018,24.679638024287037,Ngõ 167 Phố Tây Sơn,False
573,47,40.17925781885269,Ngõ 167 Phố Tây Sơn,False
573,572,64.77906657712107,Ngách 167/31 Phố Tây Sơn,False
574,47,90.61305786819622,Ngách 167/37 Phố Tây Sơn,False
575,578,61.23885294252939,,False
575,579,71.12138021517084,,False
575,2977,48.23035488293536,,False
576,2978,3.4367640394150527,,False
576,577,53.61125060207837,,False
577,1017,38.312787016886176,,False
577,576,53.61125060207837,,False
577,1012,34.78900212197302,,False
578,1017,17.11583239896065,,False
578,1019,21.84795529559774,,False
578,575,61.23885294252939,,False
579,575,71.12138021517084,,False
579,3505,80.48605224235035,,False
579,581,26.649664971254893,,False
580,3505,10.151715385907504,,False
581,1011,6.132799197710026,Ngõ 167 Phố Tây Sơn,False
581,46,40.653691853399074,Ngõ 167 Phố Tây Sơn,False
581,579,26.649664971254893,,False
582,583,33.287655581198194,,False
583,571,9.217212960931116,Ngõ 119 Hồ Đắc Di,False
583,40,28.93729590553218,Ngõ 119 Hồ Đắc Di,False
583,582,33.287655581198194,,False
584,40,16.85482249153803,Ngõ 119 Hồ Đắc Di,False
584,2904,15.175555890325086,Ngõ 119 Hồ Đắc Di,False
585,991,57.54839531043474,Phố Phạm Ngọc Thạch,False
585,1201,9.89374968456544,Ngõ 65 Phạm Ngọc Thạch,False
585,608,28.561401418504293,Phố Phạm Ngọc Thạch,False
586,2047,25.591229651497077,,False
587,209,22.00490804682263,Phố Đặng Văn Ngữ,False
587,207,11.5718809481122,Phố Đặng Văn Ngữ,False
587,2047,4.327366437347454,,False
588,612,18.69272765113158,Ngõ 119 Hồ Đắc Di,False
588,570,26.616938762527308,Ngõ 119 Hồ Đắc Di,False
589,3152,2.1183114014286217,Phố Đặng Văn Ngữ,False
589,2003,10.62046181330171,Phố Đặng Văn Ngữ,False
589,2050,5.146961685922861,Ngõ 52 Phố Nguyễn Ngọc Doãn,False
590,591,19.775108641555512,,False
591,590,19.775108641555512,,False
591,3109,15.174973168204565,,False
592,3109,12.031713968940746,,False
592,593,15.24370162616175,,False
593,592,15.24370162616175,,False
593,2049,13.950589540361335,,False
594,53,15.427096160464773,Phố Đặng Văn Ngữ,False
594,865,19.801837222614758,Phố Đặng Văn Ngữ,False
594,863,4.049309270527444,,False
595,3511,49.52779398693306,,False
595,3591,22.37698902130661,,False
595,1004,72.34074841470188,,False
595,3573,16.30650437278823,,False
595,3525,2.818885819593093,,False
596,1290,26.879768512123707,,False
596,597,32.34613924495854,Ngách 1 Ngõ 46 Phố Phạm Ngọc Thạch,False
596,2452,13.511644092062213,Ngách 1 Ngõ 46 Phố Phạm Ngọc Thạch,False
597,600,6.030421991343958,Ngõ 46 Phố Phạm Ngọc Thạch,False
597,2454,23.128779277987853,Ngõ 46 Phố Phạm Ngọc Thạch,False
597,596,32.34613924495854,Ngách 1 Ngõ 46 Phố Phạm Ngọc Thạch,False
598,1283,16.35978389924076,Ngách 46/28 Phố Phạm Ngọc Thạch,False
598,2710,36.021880035754535,Ngõ 27 Phố Xã Đàn,False
599,1283,14.394506339872256,Ngách 46/28 Phố Phạm Ngọc Thạch,False
599,1289,15.636006055622522,Ngách 46/28 Phố Phạm Ngọc Thạch,False
600,2712,6.906420738622573,Ngõ 46 Phố Phạm Ngọc Thạch,False
600,597,6.030421991343958,Ngõ 46 Phố Phạm Ngọc Thạch,False
601,2529,14.81777504976956,Phố Phạm Ngọc Thạch,True
601,2092,15.908287937687398,Cầu vượt nút giao Chùa Bộc - Phạm Ngọc Thạch,True
602,1498,25.9737039234798,Ngõ 46D Phạm Ngọc Thạch,False
602,2727,35.058098435807494,Ngõ 4 Phố Đặng Văn Ngữ,False
602,2019,94.13219182034976,Ngõ 4 Phố Đặng Văn Ngữ,False
603,867,4.768949011279012,Phố Đặng Văn Ngữ,False
603,3152,35.063481959187364,Phố Đặng Văn Ngữ,False
603,2019,4.629528523542758,Ngõ 4 Phố Đặng Văn Ngữ,False
604,1497,21.99339845159385,Ngõ 46C Phạm Ngọc Thạch,False
604,3451,35.12750923601365,Ngõ 46C Phạm Ngọc Thạch,False
604,605,91.64622807810056,,False
604,1036,88.32503639970103,,False
605,604,91.64622807810056,,False
605,607,43.56070012795247,Ngõ 46B Phạm Ngọc Thạch,False
605,609,38.78685869607138,Ngõ 46B Phạm Ngọc Thạch,False
606,607,81.8637410308767,Ngõ 46A Phố Phạm Ngọc Thạch,False
606,2453,6.557547913214799,Ngõ 46A Phố Phạm Ngọc Thạch,False
606,1196,24.52314147206512,Ngõ 46A Phạm Ngọc Thạch,False
607,606,81.8637410308767,Ngõ 46A Phố Phạm Ngọc Thạch,False
607,1195,25.617478193584027,Ngõ 46B Phạm Ngọc Thạch,False
607,605,43.56070012795247,Ngõ 46B Phạm Ngọc Thạch,False
608,1195,10.734794127885818,Ngõ 46B Phạm Ngọc Thạch,False
608,585,28.561401418504293,Phố Phạm Ngọc Thạch,False
608,136,56.71934236292344,Phố Phạm Ngọc Thạch,False
609,605,38.78685869607138,Ngõ 46B Phạm Ngọc Thạch,False
609,610,10.611193798015345,Ngõ 46B Phạm Ngọc Thạch,False
610,609,10.611193798015345,Ngõ 46B Phạm Ngọc Thạch,False
610,1717,17.92533672183889,,False
610,1110,43.75982008913167,Ngõ 4 Đặng Văn Ngữ,False
611,45,26.58077369586893,Ngõ 119 Hồ Đắc Di,False
611,3483,1.7620833247394176,,False
612,3485,9.131205016319068,Ngõ 119 Hồ Đắc Di,False
612,588,18.69272765113158,Ngõ 119 Hồ Đắc Di,False
612,3484,8.163106688323749,,False
612,3483,8.294090799212663,,False
613,614,80.71324462930318,,False
614,613,80.71324462930318,,False
614,615,17.06904812906609,,False
615,614,17.06904812906609,,False
615,630,43.39029249732253,,False
616,630,51.153390182319,,False
616,1210,14.206316356270618,,False
616,1122,37.45685854229535,,False
617,685,33.372799748879245,,False
618,276,12.983160212953726,Ngõ 12 Chùa Bộc,True
618,796,7.049353357639366,Ngõ 12 Chùa Bộc,False
619,1453,10.584163710315003,Ngõ 95 Phố Chùa Bộc,False
619,623,44.819439980462604,Ngõ 95 Phố Chùa Bộc,False
620,621,30.383342000215443,,False
621,620,30.383342000215443,,False
621,3160,4.7015710821942704,,False
622,3160,3.4286815466616285,,False
622,3161,43.58336061854813,,False
623,3161,9.697131872628573,,False
623,619,44.819439980462604,Ngõ 95 Phố Chùa Bộc,False
623,1451,15.357851279427903,Ngõ 95 Phố Chùa Bộc,False
624,625,24.00121136309649,,False
624,1767,50.953230215043575,,False
625,626,86.77316385063716,Ngõ 203 Phố Chùa Bộc,False
625,624,24.00121136309649,,False
625,687,18.8253238140977,,False
626,625,86.77316385063716,Ngõ 203 Phố Chùa Bộc,False
626,3166,14.546863961907947,,False
627,1761,23.545253062160704,Ngõ 231 Phố Chùa Bộc,False
627,3455,5.803741459810166,Ngõ 257 Phố Chùa Bộc,False
627,3461,5.200168152219052,Ngõ 231 Phố Chùa Bộc,False
628,3454,11.27288502513288,Ngõ 257 Phố Chùa Bộc,False
628,1759,17.848788514154602,Ngõ 257 Phố Chùa Bộc,False
628,1066,20.646390251096054,Ngõ 249 Phố Chùa Bộc,False
629,173,23.944201979868247,Phố Tây Sơn,True
629,1056,7.688147032785721,,False
630,615,43.39029249732253,,False
630,616,51.153390182319,,False
631,399,147.08750472945164,Ngách 95/8 Phố Chùa Bộc,False
631,398,26.17527027053774,Ngách 95/8 Phố Chùa Bộc,False
631,3418,49.30128745697475,,False
632,642,14.128169965944076,,False
632,2693,39.28224149811972,,False
632,2700,1.7759304625863217,,False
633,3208,26.91495093305542,,False
633,3202,20.80094692625581,,False
634,1469,59.16933623974735,,False
634,635,37.52429113683092,,False
634,89,53.10774286387329,,False
635,634,37.52429113683092,,False
635,636,58.86931148062912,,False
636,635,58.86931148062912,,False
636,3206,29.679121080215964,,False
636,3204,16.714463174346236,,False
637,646,2.2812124418159367,,False
637,638,2.2942237275883888,,False
638,637,2.2942237275883888,,False
638,2691,0.9861295599775494,,False
639,1094,2.0221681075825986,,False
639,640,2.470607921992848,,False
640,639,2.470607921992848,,False
640,647,2.4743875984043147,,False
641,647,2.4822780056255094,,False
641,642,2.471465416840121,,False
642,632,14.128169965944076,,False
642,641,2.471465416840121,,False
642,1100,2.2867444337623115,,False
643,1098,2.2852766757527387,,False
643,2696,1.157226774677775,,False
644,2696,1.1242490947831163,,False
644,645,2.28419935267393,,False
645,644,2.28419935267393,,False
645,646,2.2895148766770417,,False
646,645,2.2895148766770417,,False
646,637,2.2812124418159367,,False
647,640,2.4743875984043147,,False
647,641,2.4822780056255094,,False
648,3409,16.741672318200592,,False
649,768,33.13275216779452,Phố Đào Duy Anh,False
649,672,49.925263595091536,Phố Đào Duy Anh,False
649,2338,6.437514801263864,,False
650,3448,12.680707302678435,Ngõ 46D Phạm Ngọc Thạch,False
650,3449,2.6106747119770213,Ngõ 46D Phạm Ngọc Thạch,False
651,870,23.626562535970184,Phố Đặng Văn Ngữ,False
651,869,51.88298444804528,Phố Đặng Văn Ngữ,False
651,2020,4.531615060209822,,False
652,1212,34.285124192611306,Phố Nguyễn Ngọc Doãn,False
652,3169,25.0371315879261,Phố Nguyễn Ngọc Doãn,False
652,1034,47.98407821872754,,False
653,1616,79.03665511381152,,False
653,3338,8.629454261486906,,False
653,654,24.663954441614205,,False
654,294,10.033155490420288,Ngõ 34 Phương Mai,False
654,1617,78.32843806323122,Ngõ 34 Phương Mai,False
654,653,24.663954441614205,,False
655,656,78.0723890814423,,False
656,3341,5.466106769208288,Ngõ 4 Phố Phương Mai,False
656,1578,20.03357356470543,Ngõ 4 Phố Phương Mai,False
656,655,78.0723890814423,,False
657,658,72.6066471431617,,False
657,19,12.989800511647012,Ngõ 4 Phương Mai,False
657,3338,7.489795638050436,Ngõ 4 Phương Mai,False
658,659,32.19337669499368,,False
658,707,33.25968187546293,,False
658,657,72.6066471431617,,False
658,2615,35.31196387387396,,False
659,658,32.19337669499368,,False
659,664,73.77371649377235,,False
660,661,85.23721428686673,,False
661,660,85.23721428686673,,False
661,662,27.756919970742977,,False
662,661,27.756919970742977,,False
662,675,59.35665936004665,,False
662,667,22.265311486342004,,False
663,1615,22.717161451256366,,False
664,659,73.77371649377235,,False
664,1615,79.5945097612354,,False
664,1620,20.39282137369286,Ngõ 4 Phương Mai,False
664,19,19.667904998457747,Ngõ 4 Phương Mai,False
665,671,40.34665794487261,,False
665,2348,48.75106927760572,,False
666,680,19.18996057122708,,False
667,680,79.9206862258221,,False
667,677,23.49994483930407,,False
667,662,22.265311486342004,,False
668,1613,18.9124450116143,Ngõ 21 Phạm Ngọc Thạch,False
668,2296,92.20926058624212,,False
668,1177,16.420259959019067,Ngõ 21 Phạm Ngọc Thạch,False
669,12,21.21675539132105,Phố Đào Duy Anh,False
669,127,44.64129527496505,Phố Đào Duy Anh,False
669,2296,8.142583071162983,,False
670,267,12.532569590495854,Ngõ 21 Phạm Ngọc Thạch,False
670,2720,5.517599933282826,Ngõ 21 Phạm Ngọc Thạch,False
670,2297,94.9540392985716,,False
671,665,40.34665794487261,,False
672,649,49.925263595091536,Phố Đào Duy Anh,False
672,769,110.9601183455607,Phố Đào Duy Anh,False
672,2348,6.002618258360421,,False
672,2384,8.277294475825299,,False
673,674,5.4742532867861495,,False
673,1199,78.82108418488224,,False
673,1223,12.727554294948652,,False
674,673,5.4742532867861495,,False
674,52,77.97440340031257,Phố Phạm Ngọc Thạch,True
675,662,59.35665936004665,,False
676,677,41.57103089410693,,False
677,676,41.57103089410693,,False
677,3410,37.15735665262528,,False
677,667,23.49994483930407,,False
678,3206,26.5888672321607,,False
678,3202,16.259401067502218,,False
678,2702,6.533266502783065,,False
679,680,42.55365101305458,,False
680,666,19.18996057122708,,False
680,667,79.9206862258221,,False
680,679,42.55365101305458,,False
680,3376,19.70356947789537,,False
681,3217,6.016069720327735,Ngách 14/9  Lương Đình Của,False
681,3216,3.503950976960289,Ngách 14/9  Lương Đình Của,False
681,1324,30.065083112269157,,False
682,1597,49.89087962769057,Ngõ 9 Lương Định Của,False
682,3221,23.999601684850827,Ngách 14/9  Lương Đình Của,False
682,256,44.52249970355272,Ngõ 9 Lương Định Của,False
683,1257,4.449047940273048,,False
683,1126,23.489524874396636,Phố Lương Định Của,False
683,749,8.561642250901272,Phố Lương Định Của,False
684,685,30.82625433398531,,False
684,1565,23.52677711643425,,False
685,617,33.372799748879245,,False
685,1564,24.582174037861208,,False
685,684,30.82625433398531,,False
686,687,87.19673154361053,Ngõ 203 Phố Chùa Bộc,False
686,3166,4.388401303395032,,False
687,686,87.19673154361053,Ngõ 203 Phố Chùa Bộc,False
687,625,18.8253238140977,,False
687,3456,5.552223964783773,,False
688,1941,5.941092240504255,,False
688,471,19.443520195231017,Phố Phương Mai,False
688,24,7.987569184045106,Phố Phương Mai,False
689,897,53.78234005739397,Đường Giải Phóng,False
689,3392,10.185517276641209,Đường Giải Phóng,False
690,401,4.899653752785364,Đường Giải Phóng,False
690,469,9.855276806509227,Đường Giải Phóng,False
690,3392,65.53874488294849,Đường Giải Phóng,False
690,1701,47.20314512454832,Đường Giải Phóng,False
691,105,11.09442290829726,,True
692,2346,23.774098006445552,Phố Đào Duy Anh,False
692,126,32.16013517726981,Phố Đào Duy Anh,False
693,141,39.244517628985,Phố Xã Đàn,True
693,2736,10.743806131359088,,False
694,423,29.655660446529367,Ngõ 554 Đường Trường Chinh,False
694,911,39.31245188867772,Ngõ 554 Đường Trường Chinh,False
695,1076,56.04404315908713,,False
695,1450,14.680390751411116,,False
695,2872,54.15628845414823,,False
696,121,33.249392656193294,,False
696,1549,11.9059112242979,,False
697,987,10.372141306353225,,False
697,698,54.36794692174128,,False
698,697,54.36794692174128,,False
698,699,47.91319736403013,,False
698,1467,12.130322836544034,,False
699,190,111.39184082872865,,False
699,89,78.95345645053872,,False
699,698,47.91319736403013,,False
700,1381,14.82289254725676,Ngõ 123 Khương Thượng,False
700,2402,36.70555456116514,Ngõ 123 Khương Thượng,False
700,2660,4.850833153563716,,False
701,2401,18.541371098554936,Ngõ 123 Khương Thượng,False
701,1391,36.38855997595363,,False
701,3369,13.16678081676269,Phố Khương Thượng,False
701,177,44.85422594216207,Phố Khương Thượng,False
702,1448,73.97082911172102,Ngõ 43 Phố Chùa Bộc,False
702,1072,94.20803149689542,Ngõ 43 Phố Chùa Bộc,False
703,3190,33.63182768534834,Ngõ 1A Phố Tôn Thất Tùng,False
703,2152,80.95548991822574,Ngõ 1A Phố Tôn Thất Tùng,False
703,3358,9.23075563075735,,False
704,1041,37.14420343563047,Ngõ 65 Phố Lương Định Của,False
705,1041,20.06306090191133,Ngõ 65 Phố Lương Định Của,False
705,706,17.71689276246824,Phố Lương Định Của,False
705,756,19.76372878551698,Phố Lương Định Của,False
706,3141,100.20625037775318,Ngõ 28A Phố Lương Định Của,False
706,21,19.498310113742107,Phố Lương Định Của,False
706,705,17.71689276246824,Phố Lương Định Của,False
707,658,33.25968187546293,,False
707,293,40.85047539933922,Ngõ 34 Phương Mai,False
707,292,53.95183780283996,Ngõ 34 Phương Mai,False
708,1649,7.895424320118397,,False
709,1579,28.0652088880282,,False
709,1332,7.7074480918765405,,False
709,1506,83.74241238345773,,False
710,1332,24.72827609426046,,False
710,1645,12.05176656645398,,False
711,3472,45.74846818520704,,False
711,3316,22.678002697469072,,False
711,1352,7.902922109031628,,False
712,1351,50.90298797345763,Ngõ 15- Phương Mai,False
712,724,69.48490997066527,Ngõ 15- Phương Mai,False
712,3472,34.093938829489495,,False
713,805,3.653707723534765,,False
713,714,2.0938783771854075,,False
714,713,2.0938783771854075,,False
714,715,2.3198814349578547,,False
715,714,2.3198814349578547,,False
715,716,3.198195210575873,,False
716,715,3.198195210575873,,False
716,472,20.90841371405108,,False
717,472,82.81860840809962,,False
718,724,15.337027870477264,,False
718,719,20.40919484074767,,False
718,3488,5.5603216609733375,,False
719,718,20.40919484074767,,False
719,720,25.919055272052848,,False
720,719,25.919055272052848,,False
720,721,14.866768720670922,,False
720,3487,10.394734629571214,,False
721,720,14.866768720670922,,False
721,3302,5.90524544107178,,False
722,3302,10.813415344814343,,False
722,3318,23.086614848560167,,False
722,1353,35.73131793380837,,False
723,3318,26.273881387938214,,False
724,712,69.48490997066527,Ngõ 15- Phương Mai,False
724,2513,53.84394524204857,Ngõ 15- Phương Mai,False
724,718,15.337027870477264,,False
725,3488,26.60435906372408,,False
726,2867,55.47186986683419,,False
726,477,103.32070446191868,,False
726,2852,76.50156907405015,,False
727,527,82.49563630675962,Ngõ Hồ Hố Mẻ,False
727,3413,12.978187319680217,Ngõ Hồ Hố Mẻ,False
728,449,36.597992364568455,,False
729,1818,4.548159326727427,,False
729,1002,6.965249583550473,,False
730,1164,18.75682665923368,Cầu vượt Ngã Tư Sở,True
731,743,13.902266171235915,Phố Tây Sơn,True
732,2427,37.26652189321323,Ngõ 157 Tây Sơn,False
733,1495,13.57097814540062,Phố Tây Sơn,True
734,731,27.71313351089339,Phố Tây Sơn,True
734,2427,5.873516896139575,Ngõ 157 Tây Sơn,False
735,1140,39.36916506497935,Ngõ 81 Phố Xã Đàn,False
735,1281,13.26438870351102,,False
735,1543,5.2692358469442855,,False
736,1140,8.478366276861832,Ngõ 81 Phố Xã Đàn,False
736,1785,17.2883868731426,Phố Xã Đàn,True
737,1145,32.74993315265492,Ngõ 6 Phạm Ngọc Thạch,False
738,1139,8.136544154042948,Ngõ 89 Phố Xã Đàn,False
738,3400,20.8294494472857,Phố Xã Đàn,True
739,3125,5.116368013816536,Ngõ 89 Phố Xã Đàn,False
739,1139,23.852655064167443,Ngõ 89 Phố Xã Đàn,False
740,2908,16.012575681575086,,False
741,2432,14.575177503544834,Ngõ 21 Phố Tây Sơn,False
742,2428,25.7865198190234,Ngõ 119 Tây Sơn,False
743,2428,5.325674043711503,Ngõ 119 Tây Sơn,False
743,123,99.86062684415226,Phố Tây Sơn,True
744,1086,32.75176942630786,Ngõ 630 Trường Chinh,False
745,1086,8.797626232619837,Ngõ 630 Trường Chinh,False
745,1371,30.667264043467537,Đường Trường Chinh,True
746,1075,58.44394856440454,Ngõ 22 Phố Tôn Thất Tùng,False
746,969,9.279398514653174,Ngõ 22 Phố Tôn Thất Tùng,False
747,1075,5.972221142889576,Ngõ 22 Phố Tôn Thất Tùng,False
747,369,70.59800995541633,Phố Tôn Thất Tùng,False
747,818,31.22791986442288,Phố Tôn Thất Tùng,False
748,1243,67.42263381872115,Ngõ 6 Phố Lương Định Của,False
749,1243,6.262326116763369,Ngõ 6 Phố Lương Định Của,False
749,683,8.561642250901272,Phố Lương Định Của,False
749,259,29.48773724803037,Phố Lương Định Của,False
750,1857,33.14436169063805,Ngõ 39 Phố Đông Tác,False
751,495,32.25739379050536,Ngõ 30 Phố Lương Định Của,False
751,1533,43.7189236808356,Ngõ 30 Phố Lương Định Của,False
752,1937,24.07376456117888,Ngõ 8 Phương Mai,False
753,2233,3.0337614544184617,Ngõ 74 Đường Trường Chinh,False
753,905,23.11821406486885,Đường Trường Chinh,True
754,756,53.38844265537723,Ngõ 28B Phố Lương Định Của,False
755,3140,6.55030332980695,Ngõ 28C Phố Lương Định Của,False
755,494,46.33885687451164,Ngõ 28C Phố Lương Định Của,False
756,705,19.76372878551698,Phố Lương Định Của,False
756,1354,11.564586890852528,Phố Lương Định Của,False
756,754,53.38844265537723,Ngõ 28B Phố Lương Định Của,False
757,317,11.183539038911372,Ngõ 78 Đường Giải Phóng,False
757,553,41.50299614453843,Ngõ 74 Đường Trường Chinh,False
757,2233,64.63106176905606,Ngõ 74 Đường Trường Chinh,False
758,1794,10.57606195762502,,False
758,1510,21.30753630151594,Đường Giải Phóng,True
759,106,3.396583140230597,,True
759,1120,5.919005046633661,,False
759,772,5.020941219956967,,False
760,3443,11.840354552460994,,False
760,2273,5.896945495955196,,False
760,3444,50.83610828033707,Phố Phạm Ngọc Thạch,True
761,162,10.755605340926929,,True
761,1146,5.685463618293384,,False
761,2399,4.835903173897294,,False
762,2399,12.257462282252028,,False
762,860,11.125720977141482,Phố Xã Đàn,True
763,2400,2.277745046266382,,False
763,764,16.511262973416194,,False
763,57,14.75177390712058,Phố Phạm Ngọc Thạch,True
764,763,16.511262973416194,,False
764,2399,9.682081113567978,,False
764,859,17.530778911480457,Phố Phạm Ngọc Thạch,True
765,60,12.013098370324148,Phố Xã Đàn,True
765,2706,2.908885613837432,,False
765,2705,6.152250299451219,,False
766,856,4.4862021168708575,Phố Phạm Ngọc Thạch,True
767,62,8.632044861280363,Phố Phạm Ngọc Thạch,True
768,10,12.123556753092744,Phố Đào Duy Anh,False
768,649,33.13275216779452,Phố Đào Duy Anh,False
769,672,110.9601183455607,Phố Đào Duy Anh,False
769,11,10.006660721202804,Phố Đào Duy Anh,False
769,2361,5.895966523872937,,False
769,2334,6.148919637055352,,False
770,1475,14.56802979482744,Phố Đào Duy Anh,False
770,11,9.238576425439618,Phố Đào Duy Anh,False
770,2300,6.372986786080984,,False
770,2301,7.425212941026395,,False
771,2359,28.64029643077912,Phố Hoàng Tích Trí,False
771,11,10.196826314109735,Phố Hoàng Tích Trí,False
771,2360,5.131812829838713,,False
771,2280,5.108013950631798,,False
772,773,4.431585150077542,,False
772,759,5.020941219956967,,False
773,772,4.431585150077542,,False
773,774,3.802009545522864,,False
774,773,3.802009545522864,,False
774,775,5.488689063004569,,False
775,774,5.488689063004569,,False
775,2706,2.97246341138724,,False
776,1821,9.0386144184445,,False
776,58,27.0682632457257,Đường Giải Phóng,True
777,2442,5.586362283939099,,False
777,547,22.10988206945852,Đường Giải Phóng,True
778,780,6.123473309595783,,False
779,548,102.00744131401213,Đường Giải Phóng,True
779,1817,5.775278170994669,,False
780,778,6.123473309595783,,False
780,1817,2.875716950376104,,False
781,2149,57.34589561288247,Ngõ Hồ Hố Mẻ,False
781,488,32.48172597424361,Ngõ Hồ Hố Mẻ,False
782,2271,4.567771851392121,,False
782,783,7.326561704581464,,False
782,3425,87.24252797324698,Phố Chùa Bộc,True
783,782,7.326561704581464,,False
783,2272,5.743255823569531,,False
783,181,6.748971523251234,Phố Chùa Bộc,True
784,2261,12.322170029247577,Phố Chùa Bộc,True
784,2455,10.358874902507404,,False
784,785,21.93161116021788,,False
785,784,21.93161116021788,,False
785,103,14.396750760898236,Phố Chùa Bộc,True
785,1777,9.604810192204608,,False
786,783,76.53413253766185,Phố Chùa Bộc,True
786,2678,4.766918951454581,Ngõ 203 Chùa Bộc,False
787,2082,23.088016526902177,Cầu vượt nút giao Chùa Bộc - Phạm Ngọc Thạch,True
787,180,27.163730878565,Phố Chùa Bộc,True
788,3415,2.587027182219819,,False
788,796,29.31924910728859,,False
788,1208,39.765878962513504,,False
789,3416,3.1285687843194534,,False
789,1070,52.83922448473708,,False
789,1062,21.93319622399023,,False
790,3415,11.09169221336371,,False
790,791,17.024374626620695,,False
791,790,17.024374626620695,,False
791,3416,9.998753012051532,,False
792,1226,6.234466063555901,,False
792,793,17.85540719302823,,False
792,2806,12.611122135590614,Phố Chùa Bộc,True
793,792,17.85540719302823,,False
793,1065,10.366582422668614,,False
793,182,17.89112183536459,Phố Chùa Bộc,True
794,2544,5.766234201212918,Phố Chùa Bộc,True
795,1209,5.013265222440261,,False
795,76,31.222107114302656,Phố Chùa Bộc,True
796,283,5.231504849420271,Ngõ 12 Chùa Bộc,False
796,618,7.049353357639366,Ngõ 12 Chùa Bộc,False
796,788,29.31924910728859,,False
796,2270,5.245425988833949,,False
797,0,24.342092346782135,Phố Tây Sơn,True
798,1054,11.546255362808967,,False
798,51,22.3114967277722,Phố Tây Sơn,True
799,1052,12.591230679593323,,False
799,424,17.369244734670097,Phố Tây Sơn,True
800,3384,8.109052260672133,,False
801,1950,6.917113176351022,,False
801,999,8.752408225160417,,False
802,471,72.04683015872486,Phố Phương Mai,False
802,332,8.01294749241308,Phố Phương Mai,False
802,1952,5.794017136543557,,False
802,1953,5.68301692938167,,False
803,473,27.28979676732954,Phố Phương Mai,False
803,804,47.20638347086986,Phố Phương Mai,False
803,1980,5.076208201476891,,False
803,1981,7.15296538609653,,False
804,803,47.20638347086986,Phố Phương Mai,False
804,23,6.923175502043669,Phố Phương Mai,False
804,1978,6.458611483779034,,False
804,1979,4.965570826405213,,False
805,1957,3.515006459386376,,False
805,713,3.653707723534765,,False
806,1969,5.378626675208444,,False
806,309,25.836369291117983,Phố Phương Mai,False
806,145,23.86004087951507,Phố Phương Mai,False
807,188,55.91686820947929,Đường Giải Phóng,True
808,807,40.69276970521118,Đường Giải Phóng,True
809,2841,6.854468430975363,,True
810,824,4.172572300295448,,True
812,846,6.860437900257523,,False
812,1030,8.069140495048115,,False
813,1107,42.420716979024206,Đường Trường Chinh,True
814,1083,25.57711062287336,Đường Trường Chinh,True
815,2541,13.251414476553302,Phố Phạm Ngọc Thạch,True
815,1224,7.028008736680458,,False
815,816,16.66218450484517,,False
816,78,19.728092254427963,Phố Phạm Ngọc Thạch,True
816,815,16.66218450484517,,False
816,1225,7.934479804998998,,False
817,2809,22.347333042344992,Phố Phạm Ngọc Thạch,True
817,14,15.91602842627766,,False
818,747,31.22791986442288,Phố Tôn Thất Tùng,False
818,2814,11.903238374360502,Phố Tôn Thất Tùng,False
818,2172,9.483859914800872,,False
818,2171,6.132313001664509,,False
819,2957,28.152990544766094,Phố Tôn Thất Tùng,False
819,369,22.03800957496188,Phố Tôn Thất Tùng,False
819,2170,7.176945171788929,,False
819,2169,6.730527301354635,,False
820,446,7.023996823983568,Phố Tôn Thất Tùng,False
820,1471,7.004080294019492,Phố Tôn Thất Tùng,False
820,2168,7.55548926584544,,False
820,2167,7.8793243605444605,,False
821,191,7.390753955085772,Phố Tam Khương,False
821,452,69.37544071207618,Phố Tam Khương,False
821,2162,5.739486832294099,,False
821,2165,7.42987832638481,,False
822,270,40.887679774346246,,False
823,2160,8.085729483904204,,False
823,2159,8.136317982971235,,False
823,444,49.83278937161035,Phố Tôn Thất Tùng,False
823,18,30.097949098957265,Phố Tôn Thất Tùng,False
824,809,4.564238242391251,,True
825,94,3.8975563625174288,,True
826,93,5.023886748556115,,True
826,2840,11.52158009303097,Đường Láng,True
827,1844,3.290490349826094,Ngõ 43 Đông Tác,False
827,828,12.23679493395899,Ngõ 43 Đông Tác,False
828,827,12.23679493395899,Ngõ 43 Đông Tác,False
828,194,66.30142361107924,Ngõ 43 Đông Tác,False
829,237,6.990356155148247,Phố Đông Tác,False
829,31,19.40478846485462,Phố Đông Tác,False
830,767,4.1313031714986455,Phố Phạm Ngọc Thạch,True
830,1220,5.3748751907583125,Ngõ 103 Phạm Ngọc Thạch,False
831,1220,7.312844463319961,Ngõ 103 Phạm Ngọc Thạch,False
831,832,12.94986514047996,Ngõ 103 Phạm Ngọc Thạch,False
832,831,12.94986514047996,Ngõ 103 Phạm Ngọc Thạch,False
832,833,58.81076402816432,Ngõ 103 Phạm Ngọc Thạch,False
833,832,58.81076402816432,Ngõ 103 Phạm Ngọc Thạch,False
833,1222,26.48770764672409,Ngõ 103 Phạm Ngọc Thạch,False
834,157,24.93256305032525,Phố Lương Định Của,False
834,26,12.13261372140366,Phố Lương Định Của,False
834,1873,6.489897277728822,,False
834,1874,7.6365667673488975,,False
835,26,14.22826812034048,Phố Lương Định Của,False
835,235,29.676404431809463,Phố Lương Định Của,False
835,1904,6.1115057911336965,,False
835,1879,6.4053902443051,,False
836,212,34.50487930775316,Phố Đông Tác,False
836,1898,9.01944403251361,Phố Đông Tác,False
836,1856,7.792037275908196,,False
836,1875,4.950191005123333,,False
837,55,5.942709720372192,Phố Hoàng Tích Trí,True
837,2309,7.258524397955372,,False
837,2314,6.35504263929804,,False
838,28,22.062571004531865,Phố Lương Định Của,False
838,1126,11.035495627420069,Phố Lương Định Của,False
839,842,7.717317504536289,,False
839,1211,78.45557531543905,,False
839,161,29.45733670287544,,False
840,1463,5.089708335318822,,False
840,1243,42.026355835605806,,False
840,1242,8.495798746167512,,False
841,1254,10.047027664968669,,False
841,1256,4.840313900769692,,False
841,1462,3.6010802385071714,,False
842,839,7.717317504536289,,False
842,843,26.09757044096967,,False
843,1462,9.890726942180674,,False
843,842,26.09757044096967,,False
843,844,18.868480427648816,,False
844,843,18.868480427648816,,False
844,1463,10.596514596102413,,False
845,1245,4.686121941153565,,False
845,74,28.292406565570893,Phố Lương Định Của,False
845,1610,9.436265161035372,Phố Lương Định Của,False
846,812,6.860437900257523,,False
846,1130,69.7218705786296,,False
846,1030,14.375695628533585,,False
847,1197,3.4219162689921667,Ngõ 46 Phố Phạm Ngọc Thạch,False
847,13,17.166448444024482,Phố Phạm Ngọc Thạch,True
848,136,26.35233506373383,Phố Phạm Ngọc Thạch,False
848,13,60.63189284946897,Phố Phạm Ngọc Thạch,False
848,1196,10.532442999229987,Ngõ 46A Phạm Ngọc Thạch,False
849,233,71.41377591477485,,False
849,1902,2.823179729068835,,False
850,1900,2.9588749615554786,,False
851,3156,18.945584224831947,Phố Lương Định Của,False
851,466,3.6914492307187343,Phố Lương Định Của,False
851,1907,6.103677962704691,,False
851,1906,6.980711339313302,,False
852,28,15.748917899191866,Phố Phạm Ngọc Thạch,False
852,854,10.349193447436583,Phố Phạm Ngọc Thạch,True
853,142,52.00077574433165,Phố Xã Đàn,True
853,1132,8.136235078155611,,False
854,3367,39.12550404603429,Phố Phạm Ngọc Thạch,True
855,852,10.477278751047592,Phố Phạm Ngọc Thạch,True
856,1223,5.674339364763314,Ngõ 101 Phạm Ngọc Thạch,False
856,674,11.51862009201499,Phố Phạm Ngọc Thạch,True
859,9,17.55638140703186,Phố Phạm Ngọc Thạch,True
860,57,17.237032136849287,Phố Xã Đàn,True
860,764,13.048144325873157,Phố Phạm Ngọc Thạch,True
861,129,12.500192312605776,,True
861,763,13.60778114868078,Phố Phạm Ngọc Thạch,True
862,869,19.76420330700181,Phố Đặng Văn Ngữ,False
862,867,15.0367522805201,Phố Đặng Văn Ngữ,False
862,2435,4.420736738440241,,False
862,2436,4.2910667725201845,,False
863,2049,0.9454037036952864,,False
863,594,4.049309270527444,,False
864,2440,14.002064840310345,Ngõ 75 Phố Đặng Văn Ngữ,False
865,594,19.801837222614758,Phố Đặng Văn Ngữ,False
865,208,55.18155509057655,Phố Đặng Văn Ngữ,False
865,2048,4.588116586238756,Ngõ 75 Phố Đặng Văn Ngữ,False
866,390,12.039478395941154,Phố Nguyễn Ngọc Doãn,False
866,397,6.664613618875934,Phố Nguyễn Ngọc Doãn,False
866,2459,9.655861949689744,Ngõ 40 Phố Nguyễn Ngọc Doãn,False
867,862,15.0367522805201,Phố Đặng Văn Ngữ,False
867,603,4.768949011279012,Phố Đặng Văn Ngữ,False
867,2051,4.532524452869235,Ngõ 47 Phố Đặng Văn Ngữ,False
868,2052,25.330746840596973,Ngõ 29 Phố Đặng Văn Ngữ,False
869,651,51.88298444804528,Phố Đặng Văn Ngữ,False
869,862,19.76420330700181,Phố Đặng Văn Ngữ,False
869,2052,3.830827067552952,Ngõ 29 Phố Đặng Văn Ngữ,False
870,159,6.228855065846875,Phố Đặng Văn Ngữ,False
870,651,23.626562535970184,Phố Đặng Văn Ngữ,False
870,2006,5.149181132370635,,False
870,2057,4.882875753721718,,False
871,738,160.5990333491417,Phố Xã Đàn,True
872,2788,31.563094201649,Phố Nam Đồng,False
872,2731,7.381273098840587,Phố Nam Đồng,False
873,2731,13.276361848937745,Phố Nam Đồng,False
873,165,9.789715066090308,Phố Nam Đồng,False
873,2728,11.68675985170959,,False
874,2970,51.61005137986544,Ngõ 32 Phố Lương Định Của,False
875,877,17.402033698917556,Phố Lương Định Của,False
875,25,13.480121768303434,Phố Lương Định Của,False
875,3151,10.907727600462124,Ngõ 32 Phố Lương Định Của,False
876,2924,13.427471420586766,Ngõ 89 Phố Lương Định Của,False
877,495,13.116474608087769,Phố Lương Định Của,False
877,875,17.402033698917556,Phố Lương Định Của,False
877,2922,63.65017575634655,Ngõ 89 Phố Lương Định Của,False
879,777,14.335587409068024,Đường Giải Phóng,True
879,1509,7.090525950113869,,True
880,776,29.4900356129746,Đường Giải Phóng,True
881,501,12.225533471472538,Đường Trường Chinh,True
882,883,16.697182758329888,,False
883,882,16.697182758329888,,False
883,3077,0.9594380346847258,,False
884,733,20.311961707933413,Phố Tây Sơn,True
885,884,2.9888530090697127,,True
886,885,2.367647182339976,,True
887,3115,30.33787701368754,Ngõ 61 Phố Tây Sơn,False
888,2429,4.336027942122192,Ngõ 61 Phố Tây Sơn,False
888,892,26.816294828523983,Phố Tây Sơn,True
889,2426,27.78186234191103,Ngõ 155 Phố Tây Sơn,False
890,734,18.720573406699025,Phố Tây Sơn,True
890,2426,5.925951155403576,Ngõ 155 Phố Tây Sơn,False
891,2430,23.03348661129596,,False
892,2430,4.608327150442865,,False
893,342,12.075083923417608,Ngõ 41 Phố Đông Tác,False
893,341,19.127130654371754,Ngõ 41 Phố Đông Tác,False
894,343,26.5535879525612,Ngõ 41 Phố Đông Tác,False
894,1580,17.29774892789856,Ngõ 41 Phố Đông Tác,False
895,351,13.12847523686987,Ngõ 41 Phố Đông Tác,False
895,350,14.746537268101422,Ngõ 41 Phố Đông Tác,False
896,1822,2.90828912070223,,False
896,897,5.626556286868651,,False
897,689,53.78234005739397,Đường Giải Phóng,False
897,896,5.626556286868651,,False
897,3395,4.405392687709831,,False
898,341,19.29322102626484,Ngõ 41 Đông Tác,False
898,3256,3.218410385790756,Ngõ 41 Đông Tác,False
899,928,36.181017570723135,Đường Trường Chinh,True
900,899,16.834559392212633,Đường Trường Chinh,True
901,902,17.270705680954126,,False
901,903,18.92763526173781,,False
902,901,17.270705680954126,,False
903,901,18.92763526173781,,False
903,2229,3.29697958232267,,False
904,363,57.33976041673086,Đường Trường Chinh,True
904,2229,4.040510734540965,,False
905,1691,47.04313417686301,Đường Trường Chinh,True
906,2196,6.939228364093023,Ngõ 199 Khương Thượng,False
906,1025,68.50630361774682,Đường Trường Chinh,True
907,3489,17.426770916718247,Ngõ 592 Trường Chinh,False
907,2479,85.55320191358908,Ngõ 592 Trường Chinh,False
907,909,25.81458964861425,,False
907,2487,18.093961559320967,Ngách 592/29 Đường Trường Chinh,False
908,2193,44.257455911652535,Ngõ 554 Trường Chinh,False
908,419,13.323034458770904,Ngõ 554 Trường Chinh,False
908,1409,22.41156046639115,,False
909,1409,15.036398263609112,,False
909,907,25.81458964861425,,False
910,2440,25.697078118932897,Ngõ 75 Phố Đặng Văn Ngữ,False
910,2048,32.768312995583706,Ngõ 75 Phố Đặng Văn Ngữ,False
911,1528,5.944329116068512,Phố Khương Thượng,False
911,694,39.31245188867772,Ngõ 554 Đường Trường Chinh,False
911,917,28.6182956174436,Phố Khương Thượng,False
912,913,22.338099641337724,Phố Khương Thượng,False
912,325,25.747251849167448,Phố Khương Thượng,False
913,914,14.439751451385382,Phố Khương Thượng,False
913,912,22.338099641337724,Phố Khương Thượng,False
914,915,7.438190983912207,Phố Khương Thượng,False
914,913,14.439751451385382,Phố Khương Thượng,False
914,1374,37.97106716629805,,False
915,916,16.688419765896967,Phố Khương Thượng,False
915,914,7.438190983912207,Phố Khương Thượng,False
916,917,23.74409547799169,Phố Khương Thượng,False
916,915,16.688419765896967,Phố Khương Thượng,False
917,911,28.6182956174436,Phố Khương Thượng,False
917,916,23.74409547799169,Phố Khương Thượng,False
919,1028,138.03545976828752,Đường Vành đai 2,True
920,3435,215.1784210668257,Đường Vành đai 2,True
921,3436,95.27016129258064,Đường Vành đai 2,True
922,3439,55.208515097133095,Đường Vành đai 2,True
923,3440,133.32082773952507,Đường Vành đai 2,True
924,3399,14.293766031349316,Đường Trường Chinh,True
924,926,16.78057531945585,Đường Trường Chinh,True
924,1081,169.05200607816593,,True
925,753,41.37247642387105,Đường Trường Chinh,True
926,929,262.7097894052449,Đường Trường Chinh,True
927,334,39.160733031148254,Đường Trường Chinh,True
928,334,36.0210767051676,Đường Trường Chinh,True
929,927,68.44472605149477,Đường Trường Chinh,True
930,1376,72.41232173583434,Đường Trường Chinh,True
930,2195,6.057742702969798,Phố Khương Thượng,False
931,879,27.58166377753969,Đường Giải Phóng,True
931,2443,7.161375687609299,,True
932,924,41.19051485621427,Đường Trường Chinh,True
933,1109,18.53130311184212,,True
934,1073,7.122559683212657,Ngõ 72 Tôn Thất Tùng,False
934,484,45.94340687268811,Phố Tôn Thất Tùng,False
934,1090,51.55147016686531,Phố Tôn Thất Tùng,False
935,1073,29.34835702561672,Ngõ 72 Tôn Thất Tùng,False
935,936,57.28928472529275,Ngõ 72 Tôn Thất Tùng,False
936,935,57.28928472529275,Ngõ 72 Tôn Thất Tùng,False
936,937,103.8996050092914,Ngõ 72 Tôn Thất Tùng,False
937,936,103.8996050092914,Ngõ 72 Tôn Thất Tùng,False
937,938,12.166001683202014,Ngõ 72 Tôn Thất Tùng,False
937,2444,15.053188637780677,Ngách 82 Ngõ 72 Phố Tôn Thất Tùng,False
938,937,12.166001683202014,Ngõ 72 Tôn Thất Tùng,False
938,939,13.179463585364072,Ngõ 72 Tôn Thất Tùng,False
939,938,13.179463585364072,Ngõ 72 Tôn Thất Tùng,False
939,940,24.698222581261252,Ngõ 72 Tôn Thất Tùng,False
939,1382,27.08438442658232,,False
940,939,24.698222581261252,Ngõ 72 Tôn Thất Tùng,False
940,941,8.20691540052949,Ngõ 72 Tôn Thất Tùng,False
941,940,8.20691540052949,Ngõ 72 Tôn Thất Tùng,False
941,942,11.68291743171606,Ngõ 72 Tôn Thất Tùng,False
942,941,11.68291743171606,Ngõ 72 Tôn Thất Tùng,False
942,3419,23.908349637976755,Ngõ 72 Tôn Thất Tùng,False
943,3419,13.804420044368094,Ngõ 72 Tôn Thất Tùng,False
943,2508,30.61746347197769,Ngõ 354 Đường Trường Chinh,False
943,945,70.4491603343991,Ngõ 354 Đường Trường Chinh,False
944,2178,14.886514452646074,Ngõ 354 Đường Trường Chinh,False
944,2508,11.391719088322848,Ngõ 354 Đường Trường Chinh,False
945,943,70.4491603343991,Ngõ 354 Đường Trường Chinh,False
945,984,15.60762992450668,Ngõ 354 Đường Trường Chinh,False
945,968,14.793386135635734,Ngõ 191 Khương Thượng,False
946,947,25.7406966092336,Ngõ 199 Khương Thượng,False
946,321,35.1017047511228,Ngõ 199 Khương Thượng,False
947,948,13.53312828210795,Ngõ 199 Khương Thượng,False
947,946,25.7406966092336,Ngõ 199 Khương Thượng,False
948,949,10.749591349456042,Ngõ 199 Khương Thượng,False
948,947,13.53312828210795,Ngõ 199 Khương Thượng,False
949,950,6.912620557166204,Ngõ 199 Khương Thượng,False
949,948,10.749591349456042,Ngõ 199 Khương Thượng,False
950,951,10.79978682802251,Ngõ 199 Khương Thượng,False
950,949,6.912620557166204,Ngõ 199 Khương Thượng,False
951,952,18.87684539911819,Ngõ 199 Khương Thượng,False
951,950,10.79978682802251,Ngõ 199 Khương Thượng,False
952,2196,12.885166124120891,Ngõ 199 Khương Thượng,False
952,951,18.87684539911819,Ngõ 199 Khương Thượng,False
953,954,21.682663912203065,Ngõ 191 Khương Thượng,False
953,1426,25.379957745568408,Ngõ 191 Khương Thượng,False
954,955,19.084437013683434,Ngõ 191 Khương Thượng,False
954,953,21.682663912203065,Ngõ 191 Khương Thượng,False
955,956,8.782019589224964,Ngõ 191 Khương Thượng,False
955,954,19.084437013683434,Ngõ 191 Khương Thượng,False
956,957,11.796717607881666,Ngõ 191 Khương Thượng,False
956,955,8.782019589224964,Ngõ 191 Khương Thượng,False
957,958,7.361481687717887,Ngõ 191 Khương Thượng,False
957,956,11.796717607881666,Ngõ 191 Khương Thượng,False
958,959,3.8416614448280346,Ngõ 191 Khương Thượng,False
958,957,7.361481687717887,Ngõ 191 Khương Thượng,False
959,960,5.879703049445639,Ngõ 191 Khương Thượng,False
959,958,3.8416614448280346,Ngõ 191 Khương Thượng,False
960,961,8.241134405593577,Ngõ 191 Khương Thượng,False
960,959,5.879703049445639,Ngõ 191 Khương Thượng,False
961,3132,17.949008425370636,Ngõ 191 Khương Thượng,False
961,960,8.241134405593577,Ngõ 191 Khương Thượng,False
961,1427,64.61807807961905,,False
962,963,14.92502232547259,Ngõ 191 Khương Thượng,False
962,3132,7.913571551486695,Ngõ 191 Khương Thượng,False
963,964,9.80143280480029,Ngõ 191 Khương Thượng,False
963,962,14.92502232547259,Ngõ 191 Khương Thượng,False
964,476,12.103839324256382,Ngõ 191 Khương Thượng,False
964,963,9.80143280480029,Ngõ 191 Khương Thượng,False
965,966,10.889559181143426,Ngõ 191 Khương Thượng,False
965,476,33.115089639022045,Ngõ 191 Khương Thượng,False
965,1431,33.203523477077894,,False
966,967,16.379400651184824,Ngõ 191 Khương Thượng,False
966,965,10.889559181143426,Ngõ 191 Khương Thượng,False
967,968,6.415441048726104,Ngõ 191 Khương Thượng,False
967,966,16.379400651184824,Ngõ 191 Khương Thượng,False
968,945,14.793386135635734,Ngõ 191 Khương Thượng,False
968,967,6.415441048726104,Ngõ 191 Khương Thượng,False
969,970,6.361383729317247,Ngõ 22 Phố Tôn Thất Tùng,False
969,746,9.279398514653174,Ngõ 22 Phố Tôn Thất Tùng,False
970,971,11.410101356587038,Ngõ 22 Phố Tôn Thất Tùng,False
970,969,6.361383729317247,Ngõ 22 Phố Tôn Thất Tùng,False
971,972,9.379291638791436,Ngõ 22 Phố Tôn Thất Tùng,False
971,970,11.410101356587038,Ngõ 22 Phố Tôn Thất Tùng,False
972,1378,34.4688705738658,,False
972,973,10.609539500980658,Ngõ 22 Phố Tôn Thất Tùng,False
972,971,9.379291638791436,Ngõ 22 Phố Tôn Thất Tùng,False
973,1387,14.661744129212757,Ngõ 22 Phố Tôn Thất Tùng,False
973,972,10.609539500980658,Ngõ 22 Phố Tôn Thất Tùng,False
974,975,16.06147919458086,Ngõ 22 Phố Tôn Thất Tùng,False
974,1387,5.633328050378499,Ngõ 22 Phố Tôn Thất Tùng,False
975,976,13.054348271233238,Ngõ 22 Phố Tôn Thất Tùng,False
975,974,16.06147919458086,Ngõ 22 Phố Tôn Thất Tùng,False
976,977,14.375721637717326,Ngõ 22 Phố Tôn Thất Tùng,False
976,975,13.054348271233238,Ngõ 22 Phố Tôn Thất Tùng,False
977,978,20.265197568615008,Ngõ 22 Phố Tôn Thất Tùng,False
977,976,14.375721637717326,Ngõ 22 Phố Tôn Thất Tùng,False
978,979,17.78136862845875,Ngõ 22 Phố Tôn Thất Tùng,False
978,977,20.265197568615008,Ngõ 22 Phố Tôn Thất Tùng,False
979,980,27.25570350060712,Ngõ 354 Đường Trường Chinh,False
979,3097,11.550209592932696,,False
979,1402,70.07819982925153,Ngách 354/159 Đường Trường Chinh,False
979,978,17.78136862845875,Ngõ 22 Phố Tôn Thất Tùng,False
980,981,26.296563625787467,Ngõ 354 Đường Trường Chinh,False
980,979,27.25570350060712,Ngõ 354 Đường Trường Chinh,False
981,982,53.62520846133916,Ngõ 354 Đường Trường Chinh,False
981,980,26.296563625787467,Ngõ 354 Đường Trường Chinh,False
981,1443,68.13882684141747,Ngách 354/137 Trường Chinh,False
982,983,23.67833704176517,Ngõ 354 Đường Trường Chinh,False
982,981,53.62520846133916,Ngõ 354 Đường Trường Chinh,False
982,1442,28.551686205868453,Ngách 22/99 Tôn Thất Tùng,False
983,984,15.396704427499484,Ngõ 354 Đường Trường Chinh,False
983,982,23.67833704176517,Ngõ 354 Đường Trường Chinh,False
984,945,15.60762992450668,Ngõ 354 Đường Trường Chinh,False
984,983,15.396704427499484,Ngõ 354 Đường Trường Chinh,False
985,461,22.6820302068445,Ngõ 95 Phố Chùa Bộc,False
985,434,23.54602206620581,Ngõ 95 Phố Chùa Bộc,False
986,987,22.26339370231532,,False
986,89,62.9928128020312,,False
986,988,27.65585817764819,,False
987,986,22.26339370231532,,False
987,697,10.372141306353225,,False
988,986,27.65585817764819,,False
988,2849,41.55028859226035,,False
988,437,21.13172992013592,,False
989,990,25.79468496631463,Ngõ 46A Phố Phạm Ngọc Thạch,False
989,2451,7.837746574353139,Ngõ 46A Phố Phạm Ngọc Thạch,False
990,1323,28.062774174336862,Ngõ 46A Phố Phạm Ngọc Thạch,False
990,989,25.79468496631463,Ngõ 46A Phố Phạm Ngọc Thạch,False
991,585,57.54839531043474,Phố Phạm Ngọc Thạch,False
991,160,5.001211792178505,Phố Phạm Ngọc Thạch,False
992,256,40.10788002818536,Ngõ 5 Hoàng Tích Trí,False
992,2324,68.85392118113515,Ngõ 5 Hoàng Tích Trí,False
993,3469,17.772471719203526,,True
994,1001,6.893663149388301,,False
994,1819,3.270162728462608,,False
995,3382,4.381312439803235,Đường Giải Phóng,False
995,3383,4.702682089943584,Đường Giải Phóng,False
996,63,22.808799597054744,Phố Đông Tác,False
996,212,73.97774977066669,Phố Đông Tác,False
997,130,13.428144818268008,Ngõ 65 Phạm Ngọc Thạch,False
997,131,11.022159325609296,Ngõ 65 Phạm Ngọc Thạch,False
998,1176,75.9697433310693,,False
998,135,18.79114673405373,,False
999,801,8.752408225160417,,False
999,472,109.89440304650782,,False
1000,2564,13.421419572023018,,False
1000,2567,5.386685574373156,,False
1000,1001,9.60177610969684,,False
1001,1000,9.60177610969684,,False
1001,994,6.893663149388301,,False
1002,729,6.965249583550473,,False
1002,537,10.994302081801004,,False
1003,3547,5.147185362254227,,False
1003,3518,3.241074238585877,,False
1003,1004,51.457227891104594,,False
1004,1007,27.200063459188417,,False
1004,595,72.34074841470188,,False
1004,1003,51.457227891104594,,False
1004,3528,46.43398198435903,,False
1004,3526,3.530714382409195,,False
1005,1006,40.97246294817627,,False
1005,3594,8.969242882060232,,False
1006,1005,40.97246294817627,,False
1007,3577,23.50662308293041,,False
1007,1004,27.200063459188417,,False
1007,1008,44.90105238831069,,False
1008,1007,44.90105238831069,,False
1009,1016,13.731557542950744,,False
1009,1010,9.44407804377576,,False
1010,1009,9.44407804377576,,False
1010,2980,19.153365616425933,,False
1011,47,55.144201219361136,Ngõ 167 Phố Tây Sơn,False
1011,581,6.132799197710026,Ngõ 167 Phố Tây Sơn,False
1012,577,34.78900212197302,,False
1012,1013,14.889862700741997,,False
1013,1014,15.231505451090122,,False
1013,1012,14.889862700741997,,False
1014,3006,2.85924985119541,,False
1014,1013,15.231505451090122,,False
1015,566,12.017362227534798,,False
1015,3006,11.711480222765392,,False
1016,1009,13.731557542950744,,False
1016,566,13.276935465171462,,False
1017,577,38.312787016886176,,False
1017,578,17.11583239896065,,False
1017,2981,13.93781563948792,,False
1018,2976,5.149838796659827,Ngõ 167 Phố Tây Sơn,False
1018,573,24.679638024287037,Ngõ 167 Phố Tây Sơn,False
1018,1149,38.24877548359708,Ngách 15 / Ngách 25,False
1019,578,21.84795529559774,,False
1019,2976,5.394919386899799,,False
1020,214,29.09830529738951,,False
1020,1021,29.46238353863763,,False
1020,2590,7.551972905610739,,False
1021,1022,52.40717165858796,,False
1021,1020,29.46238353863763,,False
1022,1021,52.40717165858796,,False
1024,2488,19.07789273253747,Đường Trường Chinh,True
1025,930,63.74668856795567,Đường Trường Chinh,True
1026,1192,200.4813679571272,Đường Vành đai 2,True
1027,3434,73.29867363566925,Đường Vành đai 2,True
1028,2192,106.53227385626792,Đường Vành đai 2,True
1029,2193,4.710053844503898,Ngõ 554 Trường Chinh,False
1029,1024,45.22083314224077,Đường Trường Chinh,True
1030,812,8.069140495048115,,False
1030,846,14.375695628533585,,False
1030,1173,6.213144029935715,,False
1031,426,76.95890824707362,,False
1032,2081,6.298354217590163,,False
1032,2235,4.7903186422529735,Phố Đặng Văn Ngữ,False
1032,2080,10.296612549054746,Phố Đặng Văn Ngữ,False
1033,291,31.23733353405249,,False
1033,1987,3.1409853487124324,,False
1034,652,47.98407821872754,,False
1034,3172,22.380055738754315,,False
1034,3171,17.631486720038488,,False
1035,3451,8.22748695410433,Ngõ 46C Phạm Ngọc Thạch,False
1035,161,23.79767169247468,Ngõ 46C Phạm Ngọc Thạch,False
1035,3445,85.52073222257273,,False
1036,3450,33.76332875244452,Ngõ 46D Phạm Ngọc Thạch,False
1036,1498,22.896188452344894,Ngõ 46D Phạm Ngọc Thạch,False
1036,604,88.32503639970103,,False
1037,1038,35.020114558498086,,False
1037,1122,17.399192240311226,,False
1038,1037,35.020114558498086,,False
1039,1871,1.8503502024540048,,False
1039,3155,8.466854330510838,,False
1040,170,32.94670135533117,,False
1040,3154,3.19826479798076,,False
1041,704,37.14420343563047,Ngõ 65 Phố Lương Định Của,False
1041,705,20.06306090191133,Ngõ 65 Phố Lương Định Của,False
1042,1043,33.762711324518065,,False
1042,1088,5.923219921650847,,False
1043,2845,24.533950208487543,,False
1043,1042,33.762711324518065,,False
1044,2723,16.0012538174003,,False
1044,424,10.50493963322113,,False
1044,2456,12.678114507111152,,False
1044,2471,10.451519337786442,,False
1045,1088,18.93133845307396,,False
1045,1046,38.25738665375118,,False
1046,1045,38.25738665375118,,False
1046,1087,5.809334733866888,,False
1047,1087,39.61651107892061,,False
1047,1048,28.139490144208143,,False
1048,1047,28.139490144208143,,False
1048,3482,9.07801794403118,,False
1049,3482,39.60887261770088,,False
1049,1050,39.52505249258517,,False
1050,1049,39.52505249258517,,False
1050,1572,5.03482935218764,,False
1051,1572,14.12019881835846,,False
1051,1570,13.662893936325757,,False
1052,799,12.591230679593323,,False
1052,2456,3.58148518333033,,False
1052,2845,4.248318970200857,,False
1053,2684,5.163779743490705,,False
1053,1068,75.91100231236634,,False
1053,88,42.88147747347229,Phố Khương Thượng,False
1053,90,16.765648156258855,Phố Khương Thượng,False
1054,798,11.546255362808967,,False
1054,1068,22.78500882877081,,False
1054,2471,14.3963188149099,,False
1055,1776,1.9186714060904289,,False
1055,1056,78.8861442627562,,False
1055,2685,46.92130296050343,,False
1056,1057,96.27242496061317,,False
1056,1055,78.8861442627562,,False
1056,2690,42.600180631147545,,False
1056,629,7.688147032785721,,False
1057,1058,11.232543955478889,,False
1057,1056,96.27242496061317,,False
1058,1059,29.34623941798116,,False
1058,1057,11.232543955478889,,False
1059,2686,46.912643552880525,,False
1059,1058,29.34623941798116,,False
1059,1774,14.135014079363565,,False
1060,1061,9.494869269136926,,False
1060,2686,7.458764618209989,,False
1061,1758,48.33634468116043,,False
1061,1060,9.494869269136926,,False
1062,789,21.93319622399023,,False
1062,1069,96.40928082139956,,False
1063,2535,7.196209982631528,,False
1063,1072,97.88659631452072,,False
1064,1065,26.64144626075645,,False
1064,2653,3.665197353078936,,False
1065,793,10.366582422668614,,False
1065,1064,26.64144626075645,,False
1065,2099,5.729278476013394,,False
1066,2677,34.59355129528909,,False
1066,1758,18.2447465448755,,False
1066,628,20.646390251096054,Ngõ 249 Phố Chùa Bộc,False
1066,184,4.267062227396853,Ngõ 249 Phố Chùa Bộc,False
1067,2678,36.12937915761218,,False
1067,2677,17.94669453349581,,False
1068,1053,75.91100231236634,,False
1068,1054,22.78500882877081,,False
1069,400,67.03226922963869,Ngõ 165 Phố Chùa Bộc,False
1069,2272,5.480118496524869,,False
1069,181,5.839995745859776,,False
1069,1062,96.40928082139956,,False
1070,1451,21.67344745048449,Ngõ 95 Phố Chùa Bộc,False
1070,178,5.3445682084394495,Ngõ 95 Phố Chùa Bộc,False
1070,1071,69.35644466850636,,False
1070,789,52.83922448473708,,False
1071,3186,18.783347622908558,Ngõ 59 Phố Chùa Bộc,False
1071,2848,5.753997791885701,Ngõ 59 Phố Chùa Bộc,False
1071,1072,47.59237512010579,,False
1071,1070,69.35644466850636,,False
1072,702,94.20803149689542,Ngõ 43 Phố Chùa Bộc,False
1072,180,6.973274747390732,Ngõ 43 Phố Chùa Bộc,False
1072,1063,97.88659631452072,,False
1072,1071,47.59237512010579,,False
1073,934,7.122559683212657,Ngõ 72 Tôn Thất Tùng,False
1073,935,29.34835702561672,Ngõ 72 Tôn Thất Tùng,False
1073,2119,46.57446786650402,,False
1073,2118,4.089930428202822,,False
1074,484,7.137189508191139,Ngõ 54 Tôn Thất Tùng,False
1074,485,10.800802073639115,Ngõ 54 Tôn Thất Tùng,False
1074,2117,15.979358846145834,,False
1074,2171,23.31062923759245,,False
1075,747,5.972221142889576,Ngõ 22 Phố Tôn Thất Tùng,False
1075,746,58.44394856440454,Ngõ 22 Phố Tôn Thất Tùng,False
1075,2116,29.462490023354555,,False
1075,2115,17.530824186950863,,False
1076,444,9.939707368046324,,False
1076,695,56.04404315908713,,False
1076,2104,10.972797278387908,,False
1076,2103,9.458128807910573,,False
1077,407,10.686652344184989,,False
1077,431,47.89998817828554,,False
1077,2103,38.8406533404528,,False
1077,2102,24.5533403490775,,False
1078,2469,6.356863504604643,,False
1078,318,13.69882099659796,,False
1079,1461,28.87469581072837,,False
1079,1086,3.030219623887585,,False
1080,2488,5.899681895548472,Ngõ 592 Trường Chinh,False
1080,2483,17.01253162217601,Ngõ 592 Trường Chinh,False
1080,1086,53.75913008098501,,False
1080,2193,65.14552072248955,,False
1081,1082,174.69017514529045,,True
1082,3437,59.715307192232025,,True
1083,1084,30.09916104604647,Đường Trường Chinh,True
1083,2509,10.332244267971108,Đường Trường Chinh,True
1084,1085,423.9302349800796,Đường Trường Chinh,True
1085,2489,6.450787661575604,Ngõ 592 Trường Chinh,False
1085,417,16.564699517517063,Đường Trường Chinh,True
1086,745,8.797626232619837,Ngõ 630 Trường Chinh,False
1086,744,32.75176942630786,Ngõ 630 Trường Chinh,False
1086,1079,3.030219623887585,,False
1086,1080,53.75913008098501,,False
1087,1046,5.809334733866888,,False
1087,1047,39.61651107892061,,False
1087,416,25.39595675831628,,False
1087,100,7.349343175607348,,False
1088,412,32.64636804984446,,False
1088,413,11.86757608658651,,False
1088,1042,5.923219921650847,,False
1088,1045,18.93133845307396,,False
1089,2094,13.301632533581346,,True
1089,336,27.49877894912295,Đường Trường Chinh,True
1090,934,51.55147016686531,Phố Tôn Thất Tùng,False
1090,2175,25.571584745347188,,True
1090,1091,21.901468427774684,Phố Tôn Thất Tùng,False
1091,2176,8.82416441969344,,False
1091,2174,12.794726208823384,,False
1091,1090,21.901468427774684,Phố Tôn Thất Tùng,False
1091,336,8.737197942495639,Phố Tôn Thất Tùng,False
1092,1089,10.651873654875743,Đường Trường Chinh,True
1092,2125,10.30725959596479,,False
1093,2728,8.710797724216205,,False
1093,871,12.931350366697956,Phố Xã Đàn,True
1094,2699,0.4614342979895975,,False
1094,639,2.0221681075825986,,False
1094,2698,31.689908956889244,,False
1095,1096,2.472293671411576,,False
1095,2699,2.4746399806429897,,False
1096,1097,2.473833040569033,,False
1096,1095,2.472293671411576,,False
1097,1101,2.4749200521926684,,False
1097,1096,2.473833040569033,,False
1098,1099,2.2824371695800387,,False
1098,643,2.2852766757527387,,False
1099,1100,2.2919572289110506,,False
1099,1098,2.2824371695800387,,False
1100,642,2.2867444337623115,,False
1100,1099,2.2919572289110506,,False
1101,2691,1.4914649447990915,,False
1101,1097,2.4749200521926684,,False
1102,2078,10.188390358098696,,False
1102,2234,12.949374327835171,Phố Đặng Văn Ngữ,False
1102,2514,8.742813442259564,Phố Đặng Văn Ngữ,False
1103,1515,12.222323004786348,Đường Trường Chinh,True
1104,1092,35.343917555234526,Đường Trường Chinh,True
1105,1106,6.173710244718534,Đường Trường Chinh,True
1106,814,59.13591021450803,Đường Trường Chinh,True
1107,2450,7.5587250548125775,,False
1107,1105,5.407763700351266,Đường Trường Chinh,True
1108,3475,4.91930934548434,Đường Trường Chinh,True
1108,1836,10.014925905315907,,False
1109,932,54.16370650115981,,True
1109,1828,7.716997354347887,,False
1109,1835,7.570076587460793,,False
1110,1111,29.253619209590543,,False
1110,610,43.75982008913167,Ngõ 4 Đặng Văn Ngữ,False
1110,1112,37.31796123919703,Ngõ 4 Đặng Văn Ngữ,False
1111,54,37.55077169108243,Ngõ 4A Phố Đặng Văn Ngữ,False
1111,3086,39.70917728848957,Ngõ 4A Phố Đặng Văn Ngữ,False
1111,1110,29.253619209590543,,False
1112,54,28.400048117692027,Ngõ 46C Phạm Ngọc Thạch,False
1112,1497,26.768698055148988,Ngõ 46C Phạm Ngọc Thạch,False
1112,1113,36.58370687360311,Ngõ 4 Phố Đặng Văn Ngữ,False
1112,1110,37.31796123919703,Ngõ 4 Đặng Văn Ngữ,False
1113,1112,36.58370687360311,Ngõ 4 Phố Đặng Văn Ngữ,False
1113,2727,16.587775947147097,Ngõ 4 Phố Đặng Văn Ngữ,False
1114,1115,22.41161558295513,Ngõ 24 Giải Phóng,False
1114,3393,5.863638333782874,Ngõ 24 Giải Phóng,False
1114,468,6.1520254555227005,Đường Giải Phóng,False
1115,1116,12.237087512925267,Ngõ 24 Giải Phóng,False
1115,1114,22.41161558295513,Ngõ 24 Giải Phóng,False
1116,1117,51.83186311638341,Ngõ 24 Giải Phóng,False
1116,1115,12.237087512925267,Ngõ 24 Giải Phóng,False
1117,1118,37.36182653568327,Ngõ 24 Giải Phóng,False
1117,1116,51.83186311638341,Ngõ 24 Giải Phóng,False
1118,1119,7.727372770794792,Ngõ 24 Giải Phóng,False
1118,1117,37.36182653568327,Ngõ 24 Giải Phóng,False
1119,293,11.384113333967344,Ngõ 24 Giải Phóng,False
1119,1118,7.727372770794792,Ngõ 24 Giải Phóng,False
1120,759,5.919005046633661,,False
1120,1121,8.725286126333922,,False
1120,1786,17.73245671408298,,False
1120,1137,15.670217372801238,,False
1121,1120,8.725286126333922,,False
1122,1037,17.399192240311226,,False
1122,616,37.45685854229535,,False
1122,1123,26.66767814861115,,False
1123,1122,26.66767814861115,,False
1124,89,53.18693703634269,,False
1125,201,13.703602460838422,Ngõ 6 Đặng Văn Ngữ,False
1125,200,103.1667510425436,Ngõ 6 Đặng Văn Ngữ,False
1126,838,11.035495627420069,Phố Lương Định Của,False
1126,683,23.489524874396636,Phố Lương Định Của,False
1127,488,27.016452458930942,Ngõ Hồ Hố Mẻ,False
1127,2824,12.492614049198076,Ngõ Hồ Hố Mẻ,False
1127,3412,17.45277084424036,Ngõ Hồ Hố Mẻ,False
1128,1104,23.98877846458604,Đường Trường Chinh,True
1129,919,49.30269995348407,Đường Vành đai 2,True
1130,2283,46.47790040428392,,False
1130,846,69.7218705786296,,False
1131,2785,35.54772262848209,,False
1131,2351,39.97525996047575,,False
1132,2384,28.309210559104667,,False
1132,853,8.136235078155611,,False
1132,2383,3.39160233648565,,False
1132,2366,4.776318429194644,,False
1133,2759,14.20081652143026,,False
1133,2390,1.6227698683861134,,False
1134,2760,18.3623831687397,,False
1134,2382,13.248748307622892,,False
1134,316,13.820466431744494,,False
1135,314,58.44060028446047,,False
1135,2680,9.415502232527668,,False
1135,2789,10.196259060761744,,False
1135,2345,25.314458795571564,,False
1136,1577,11.883228991698791,,False
1136,2790,6.108932690390861,,False
1137,1120,15.670217372801238,,False
1137,1577,23.949655277584483,,False
1138,1139,99.52073773233568,,False
1138,2249,54.59438800837372,,False
1139,739,23.852655064167443,Ngõ 89 Phố Xã Đàn,False
1139,738,8.136544154042948,Ngõ 89 Phố Xã Đàn,False
1139,3424,23.03748193593221,,False
1139,1138,99.52073773233568,,False
1140,735,39.36916506497935,Ngõ 81 Phố Xã Đàn,False
1140,736,8.478366276861832,Ngõ 81 Phố Xã Đàn,False
1140,1784,16.675935816347653,,False
1140,3424,26.92649206355638,,False
1141,3366,24.9848222284676,,False
1141,1784,86.28976033826727,,False
1142,1143,3.779616372180886,,False
1142,1566,20.35977519164333,,False
1143,1146,16.71978712368104,,False
1143,1142,3.779616372180886,,False
1144,1193,8.361620852414884,,False
1144,1146,10.900993526268255,,False
1145,9,13.381280542400011,Ngõ 6 Phạm Ngọc Thạch,False
1145,737,32.74993315265492,Ngõ 6 Phạm Ngọc Thạch,False
1145,1193,11.733832983843,,False
1145,2273,43.66608849892452,,False
1146,761,5.685463618293384,,False
1146,1144,10.900993526268255,,False
1146,1143,16.71978712368104,,False
1147,2278,39.64379490323089,,False
1147,1148,5.948239686820524,,False
1147,129,2.968262171536385,,False
1148,1173,2.767261120368542,,False
1148,1147,5.948239686820524,,False
1149,1150,62.87488777523367,Ngách 15 / Ngách 25,False
1149,1018,38.24877548359708,Ngách 15 / Ngách 25,False
1150,49,38.61317085206869,Ngách 15 / Ngách 25,False
1150,1149,62.87488777523367,Ngách 15 / Ngách 25,False
1151,1152,6.73685578353485,Ngõ 19 Đông Tác,False
1151,3265,2.053592006766597,Ngõ 19 Đông Tác,False
1152,1153,7.4910164939260495,Ngõ 19 Đông Tác,False
1152,1151,6.73685578353485,Ngõ 19 Đông Tác,False
1153,3268,2.198719847240825,Ngõ 19 Đông Tác,False
1153,1152,7.4910164939260495,Ngõ 19 Đông Tác,False
1154,1155,17.65039998215197,Ngõ 19 Đông Tác,False
1154,3268,4.768025283406875,Ngõ 19 Đông Tác,False
1155,1156,5.283799946253689,Ngõ 19 Phố Đông Tác,False
1155,1154,17.65039998215197,Ngõ 19 Đông Tác,False
1155,3238,17.005428361353257,,False
1155,3239,10.779818868860357,,False
1156,1157,2.750858696831972,Ngõ 19 Phố Đông Tác,False
1156,1155,5.283799946253689,Ngõ 19 Phố Đông Tác,False
1157,1158,17.044035354419016,Ngõ 19 Phố Đông Tác,False
1157,1156,2.750858696831972,Ngõ 19 Phố Đông Tác,False
1158,3147,2.595648594942298,Ngõ 19 Phố Đông Tác,False
1158,1157,17.044035354419016,Ngõ 19 Phố Đông Tác,False
1158,3300,1.8722435518668317,,False
1159,1160,4.05042565933446,Ngõ 19 Phố Đông Tác,False
1159,3147,15.557781924115886,Ngõ 19 Phố Đông Tác,False
1160,1161,15.025992720979737,Ngõ 19 Phố Đông Tác,False
1160,1159,4.05042565933446,Ngõ 19 Phố Đông Tác,False
1161,1162,35.72494392542445,Ngõ 19 Phố Đông Tác,False
1161,1160,15.025992720979737,Ngõ 19 Phố Đông Tác,False
1161,3095,30.55651124680225,,False
1162,213,49.99750426310667,Phố Đông Tác,False
1162,63,25.72545652538861,Phố Đông Tác,False
1162,1161,35.72494392542445,Ngõ 19 Phố Đông Tác,False
1163,1680,39.110972345301846,,False
1163,232,15.535120620813013,Ngõ 19 Đông Tác,False
1163,138,30.551018122324145,Ngõ 19 Đông Tác,False
1164,2,19.563039330227767,Cầu vượt Ngã Tư Sở,True
1165,730,14.857420891201818,Cầu vượt Ngã Tư Sở,True
1166,1167,17.91224784395639,Cầu vượt Ngã Tư Sở,True
1167,102,18.12869760876514,Cầu vượt Ngã Tư Sở,True
1168,101,26.60569142075391,Phố Tây Sơn,True
1169,125,36.485799919952576,Phố Xã Đàn,True
1170,3422,32.40176225836163,Hầm chui Kim Liên,True
1171,1172,36.745315530800696,Hầm chui Kim Liên,True
1172,8,39.15367024131245,Hầm chui Kim Liên,True
1173,1030,6.213144029935715,,False
1173,1148,2.767261120368542,,False
1174,811,34.7890867660934,Hầm chui Kim Liên,True
1175,2014,1.0327494760488554,Ngõ 4C Phố Đặng Văn Ngữ,False
1175,202,3.35053296145073,Ngõ 4C Phố Đặng Văn Ngữ,False
1176,1257,4.616544594527044,,False
1176,998,75.9697433310693,,False
1177,668,16.420259959019067,Ngõ 21 Phạm Ngọc Thạch,False
1177,1203,28.499772426543885,Ngõ 21 Phạm Ngọc Thạch,False
1178,128,13.998113089635266,Phố Đào Duy Anh,False
1178,12,20.17826418974735,Phố Đào Duy Anh,False
1179,135,20.86483062964664,Ngõ 65 Phạm Ngọc Thạch,False
1179,1201,26.81845324613453,Ngõ 65 Phạm Ngọc Thạch,False
1180,251,38.73473372271256,Phố Lương Định Của,False
1180,27,17.476210406588137,Phố Lương Định Của,False
1181,258,7.762873979705289,Ngõ 97 Phạm Ngọc Thạch,False
1181,257,2.1745152116291675,Ngõ 97 Phạm Ngọc Thạch,False
1182,452,6.344174669026747,Phố Tam Khương,False
1182,1379,7.557511441018238,Phố Tam Khương,False
1182,3188,74.36933522159433,,False
1183,191,4.70271201478166,Phố Tôn Thất Tùng,False
1183,2161,1.684530226820646,Phố Tôn Thất Tùng,False
1184,148,8.785192621217794,Phố Lương Định Của,False
1184,225,29.03513185178149,Phố Lương Định Của,False
1185,1913,7.735636006891932,,False
1185,222,25.77328304431839,,False
1186,232,6.774037091288442,Ngõ 28 Lương Đình Của,False
1186,151,79.28616210755476,Ngõ 28 Lương Đình Của,False
1187,224,9.150511356475633,,False
1187,146,72.38851121808054,,False
1188,234,28.823173208580503,Phố Lương Định Của,False
1188,140,18.71786694364086,Phố Lương Định Của,False
1188,1901,5.770047519695961,Ngõ 27 Lương Định Của,False
1189,373,10.780363476168532,Phố Nguyễn Ngọc Doãn,False
1189,372,5.886147037411846,Phố Nguyễn Ngọc Doãn,False
1189,3185,11.776702339642226,Ngõ 65 Phố Nguyễn Ngọc Doãn,False
1190,372,11.325137259770036,Phố Nguyễn Ngọc Doãn,False
1190,371,5.941445683534227,Phố Nguyễn Ngọc Doãn,False
1191,2013,12.853092959574251,Phố Nguyễn Ngọc Doãn,False
1191,1770,33.35351722409405,Phố Nguyễn Ngọc Doãn,False
1192,2489,164.94331014632738,Đường Vành đai 2,True
1193,1145,11.733832983843,,False
1193,1144,8.361620852414884,,False
1194,1196,52.66138500968591,,False
1194,1197,24.486069962615545,,False
1195,608,10.734794127885818,Ngõ 46B Phạm Ngọc Thạch,False
1195,607,25.617478193584027,Ngõ 46B Phạm Ngọc Thạch,False
1195,161,91.34576585727244,,False
1195,1196,82.31084872062445,,False
1196,1195,82.31084872062445,,False
1196,1194,52.66138500968591,,False
1196,848,10.532442999229987,Ngõ 46A Phạm Ngọc Thạch,False
1196,606,24.52314147206512,Ngõ 46A Phạm Ngọc Thạch,False
1197,1287,23.47905878304761,Ngõ 46 Phố Phạm Ngọc Thạch,False
1197,847,3.4219162689921667,Ngõ 46 Phố Phạm Ngọc Thạch,False
1197,1194,24.486069962615545,,False
1197,2273,61.30311416241468,,False
1198,1250,34.866387749696536,,False
1198,1199,72.64272543016182,,False
1199,52,4.2671107101714,Ngõ 97 Phạm Ngọc Thạch,False
1199,258,47.47699608199412,Ngõ 97 Phạm Ngọc Thạch,False
1199,1198,72.64272543016182,,False
1199,673,78.82108418488224,,False
1200,1201,100.04203739397924,,False
1200,1253,1.9706745447542984,,False
1201,1179,26.81845324613453,Ngõ 65 Phạm Ngọc Thạch,False
1201,585,9.89374968456544,Ngõ 65 Phạm Ngọc Thạch,False
1201,1202,85.71995300409448,,False
1201,1200,100.04203739397924,,False
1202,1612,62.93796072473142,Ngõ 43 Phạm Ngọc Thạch,False
1202,136,10.13869222395294,Ngõ 43 Phạm Ngọc Thạch,False
1202,1203,86.60920829051926,,False
1202,1201,85.71995300409448,,False
1203,2274,77.10860877954467,,False
1203,1202,86.60920829051926,,False
1203,1177,28.499772426543885,Ngõ 21 Phạm Ngọc Thạch,False
1203,13,10.917890835414488,Ngõ 21 Phạm Ngọc Thạch,False
1204,1205,4.247255748499676,,False
1204,2534,3.46717218270668,,False
1205,1206,4.941922823402607,,False
1205,1204,4.247255748499676,,False
1206,1226,4.959574963954415,,False
1206,1205,4.941922823402607,,False
1207,2811,3.528074417865904,,False
1207,1226,9.568219558301791,,False
1208,1564,7.842066954192138,,False
1208,76,5.151519850315823,,False
1208,788,39.765878962513504,,False
1208,1209,31.243093784048387,,False
1209,1565,9.08682623440498,,False
1209,795,5.013265222440261,,False
1209,1208,31.243093784048387,,False
1209,2798,99.82397172515924,,False
1210,616,14.206316356270618,,False
1210,80,5.294139776304969,,False
1210,2798,96.58087479728977,,False
1210,2811,36.602716912425386,,False
1211,3367,6.641962714729151,Ngõ 46D Phạm Ngọc Thạch,False
1211,3447,19.941415642490597,Ngõ 46D Phạm Ngọc Thạch,False
1211,2007,73.92201752029638,,False
1211,839,78.45557531543905,,False
1212,384,8.534941086309129,Phố Nguyễn Ngọc Doãn,False
1212,652,34.285124192611306,Phố Nguyễn Ngọc Doãn,False
1212,2533,6.815711878953868,,False
1212,3106,24.088788027493575,,False
1213,1845,75.20524699274635,,False
1213,1224,4.970689794555276,,False
1214,1224,6.326556488430899,,False
1214,1215,4.571296700675248,,False
1215,1214,4.571296700675248,,False
1215,1216,5.383406841633455,,False
1215,17,11.144371262943922,,False
1216,1215,5.383406841633455,,False
1216,2156,4.135250117818181,,False
1217,2156,5.51402799936778,,False
1217,1218,72.78434907274968,,False
1218,1217,72.78434907274968,,False
1218,1219,8.02724166247166,,False
1219,1218,8.02724166247166,,False
1219,1850,7.230675793432882,,False
1220,830,5.3748751907583125,Ngõ 103 Phạm Ngọc Thạch,False
1220,831,7.312844463319961,Ngõ 103 Phạm Ngọc Thạch,False
1220,1221,0.5541251580140937,,False
1220,1845,18.15072956673309,,False
1221,1220,0.5541251580140937,,False
1221,1223,27.452453273811106,,False
1222,833,26.48770764672409,Ngõ 103 Phạm Ngọc Thạch,False
1222,31,9.499653908584545,Ngõ 103 Phạm Ngọc Thạch,False
1222,1850,17.517037212493324,,False
1222,411,22.338961118390387,,False
1223,856,5.674339364763314,Ngõ 101 Phạm Ngọc Thạch,False
1223,3144,75.9209040997747,Ngõ 101 Phạm Ngọc Thạch,False
1223,1221,27.452453273811106,,False
1223,673,12.727554294948652,,False
1224,815,7.028008736680458,,False
1224,1213,4.970689794555276,,False
1224,1214,6.326556488430899,,False
1225,816,7.934479804998998,,False
1225,2534,5.56576413638221,,False
1225,2812,8.307986170804487,,False
1226,792,6.234466063555901,,False
1226,1207,9.568219558301791,,False
1226,1206,4.959574963954415,,False
1227,1863,3.7701646464376144,,False
1227,1240,3.5746764324727107,,False
1228,1875,14.199409425011604,,False
1228,1858,6.130954091084015,,False
1229,1875,14.243331876593532,,False
1230,1231,19.01357414257976,,False
1230,1239,17.57833879898777,,False
1231,1232,24.84027808772081,,False
1231,1230,19.01357414257976,,False
1232,1233,26.798448633599964,,False
1232,1231,24.84027808772081,,False
1233,2449,11.596234128187502,,False
1233,1232,26.798448633599964,,False
1234,3146,25.025622340554204,,False
1234,2448,14.858273588530182,,False
1235,1236,8.378158528338433,,False
1235,3099,10.235943487871875,,False
1236,1238,5.274270760788983,,False
1236,1235,8.378158528338433,,False
1237,411,9.462167080154472,,False
1237,1238,6.082588599914589,,False
1238,236,5.2276532547306855,Ngõ 26 Phố Đông Tác,False
1238,3143,6.931412536438811,Ngõ 26 Phố Đông Tác,False
1238,1237,6.082588599914589,,False
1238,1236,5.274270760788983,,False
1239,241,20.937934675951137,Ngõ 97 Phố Phạm Ngọc Thạch,False
1239,212,4.917549386550304,Ngõ 97 Phố Phạm Ngọc Thạch,False
1239,1230,17.57833879898777,,False
1240,1227,3.5746764324727107,,False
1240,1249,2.7401664004649677,,False
1241,1249,2.48657679404706,,False
1241,1248,33.694305377044294,,False
1242,840,8.495798746167512,,False
1242,1252,2.4454668582389845,,False
1243,749,6.262326116763369,Ngõ 6 Phố Lương Định Của,False
1243,748,67.42263381872115,Ngõ 6 Phố Lương Định Của,False
1243,1244,31.05583814499231,,False
1243,840,42.026355835605806,,False
1244,75,79.20642008753329,Ngõ 8 Phố Lương Định Của,False
1244,74,5.494215647606166,Ngõ 8 Phố Lương Định Của,False
1244,1245,28.371249381702363,,False
1244,1243,31.05583814499231,,False
1245,3101,78.98890596738082,,False
1245,845,4.686121941153565,,False
1245,1246,40.04098772942901,,False
1245,1244,28.371249381702363,,False
1246,64,84.40218679236612,,False
1246,55,4.902122381709106,,False
1246,1247,31.557510473093224,,False
1246,1245,40.04098772942901,,False
1247,253,3.957962372932293,,False
1247,2882,35.329449831390214,,False
1247,1248,31.313330240268836,,False
1247,1246,31.557510473093224,,False
1248,251,4.638965265860419,,False
1248,241,81.20364071899407,,False
1248,1241,33.694305377044294,,False
1248,1247,31.313330240268836,,False
1249,1240,2.7401664004649677,,False
1249,1241,2.48657679404706,,False
1250,1251,4.032090848454696,,False
1250,1198,34.866387749696536,,False
1251,1252,2.6022476764957285,,False
1251,1250,4.032090848454696,,False
1252,1242,2.4454668582389845,,False
1252,1251,2.6022476764957285,,False
1253,1200,1.9706745447542984,,False
1253,1254,2.4369619201259787,,False
1254,1253,2.4369619201259787,,False
1254,841,10.047027664968669,,False
1255,1258,4.132517883009241,,False
1255,1259,35.27009552547632,,False
1256,841,4.840313900769692,,False
1256,1257,29.035015405049364,,False
1257,683,4.449047940273048,,False
1257,1176,4.616544594527044,,False
1257,1256,29.035015405049364,,False
1257,1258,38.02848984323323,,False
1258,132,98.11844137623062,,False
1258,259,4.88112891676847,,False
1258,1257,38.02848984323323,,False
1258,1255,4.132517883009241,,False
1259,1610,5.388666668175582,,False
1259,84,73.88530015423724,,False
1259,1255,35.27009552547632,,False
1259,2325,20.911835752328933,,False
1260,1261,53.32102829786507,,False
1261,1260,53.32102829786507,,False
1261,1262,52.0416855764518,,False
1262,201,23.84666078698061,Ngõ 4A Đặng Văn Ngữ,False
1262,1750,24.59576975918333,Ngõ 4A Đặng Văn Ngữ,False
1262,1261,52.0416855764518,,False
1263,1322,32.43876324711831,,False
1264,1267,40.79557408497485,,False
1265,3507,5.708461425300409,,False
1265,1266,32.420349422177246,,False
1265,2059,25.229641058516275,,False
1265,2074,3.911636571624759,,False
1266,1265,32.420349422177246,,False
1266,3506,15.22267832715792,,False
1267,1264,40.79557408497485,,False
1267,3506,38.60312938282573,,False
1267,1268,25.91141718224884,,False
1268,1267,25.91141718224884,,False
1268,1271,25.41735899372572,,False
1268,2650,38.7327993379278,,False
1269,1270,21.772578751380603,,False
1269,3492,6.531551475876373,Ngõ 25 Phố Hồ Đắc Di,False
1269,1277,65.43835714515764,Ngõ 25 Phố Hồ Đắc Di,False
1270,1269,21.772578751380603,,False
1270,2918,40.23316659191378,,False
1271,1277,29.946538465672905,,False
1271,1268,25.41735899372572,,False
1271,2918,23.536452346163586,,False
1272,1273,74.44164486822939,,False
1272,1276,15.46438689257928,,False
1272,175,64.21540263527126,,False
1273,1272,74.44164486822939,,False
1273,1274,56.65256752253229,,False
1274,1273,56.65256752253229,,False
1274,1275,25.20418054684872,,False
1275,3497,14.0996643655928,,False
1275,3495,7.565033393749077,,False
1275,1274,25.20418054684872,,False
1276,1277,62.31842484366752,,False
1276,2650,28.93118294628886,,False
1276,1272,15.46438689257928,,False
1277,175,13.245795543126066,,False
1277,1271,29.946538465672905,,False
1277,1276,62.31842484366752,,False
1277,1269,65.43835714515764,Ngõ 25 Phố Hồ Đắc Di,False
1278,1279,72.87260452867007,Ngõ 81 Phố Đặng Văn Ngữ,False
1279,1278,72.87260452867007,Ngõ 81 Phố Đặng Văn Ngữ,False
1279,2046,8.611706620610068,Ngõ 81 Phố Đặng Văn Ngữ,False
1280,202,27.870290823259324,Phố Đặng Văn Ngữ,False
1280,2434,15.794163467937135,Phố Đặng Văn Ngữ,False
1280,2046,5.480940658355061,Ngõ 81 Phố Đặng Văn Ngữ,False
1281,735,13.26438870351102,,False
1281,1294,7.6754274263052285,,False
1281,1310,33.92436557528023,,False
1282,1543,26.125439806132285,,False
1282,1547,3.725143169922561,,False
1283,598,16.35978389924076,Ngách 46/28 Phố Phạm Ngọc Thạch,False
1283,599,14.394506339872256,Ngách 46/28 Phố Phạm Ngọc Thạch,False
1283,1284,5.6516558864363935,,False
1284,1283,5.6516558864363935,,False
1284,1285,18.102809465689116,,False
1285,1284,18.102809465689116,,False
1285,1286,12.425354746341307,,False
1286,1285,12.425354746341307,,False
1286,1321,4.446209060729088,,False
1287,2454,9.166545304893251,Ngõ 46 Phố Phạm Ngọc Thạch,False
1287,1197,23.47905878304761,Ngõ 46 Phố Phạm Ngọc Thạch,False
1287,1288,21.62349597396928,,False
1288,1287,21.62349597396928,,False
1288,1289,38.67447550567638,,False
1289,599,15.636006055622522,Ngách 46/28 Phố Phạm Ngọc Thạch,False
1289,1315,7.977746719570777,Ngách 46/28 Phố Phạm Ngọc Thạch,False
1289,1288,38.67447550567638,,False
1290,596,26.879768512123707,,False
1291,164,19.346955888825512,Phố Xã Đàn,True
1291,1566,9.288840499859038,Ngõ 27 Phố Xã Đàn,False
1292,2711,10.050258589975412,Ngõ 27 Phố Xã Đàn,False
1292,2710,10.678943853526295,Ngõ 27 Phố Xã Đàn,False
1293,3352,18.689889722953048,,False
1293,3083,10.303806924271642,,False
1294,3083,15.861752084482776,,False
1294,1281,7.6754274263052285,,False
1295,1296,33.41796194904201,,False
1296,1295,33.41796194904201,,False
1296,1297,11.431870180976526,,False
1297,1296,11.431870180976526,,False
1297,1298,18.204919751393845,,False
1298,1297,18.204919751393845,,False
1298,1301,42.63325336102569,Ngõ 6 Đặng Văn Ngữ,False
1298,1986,17.69231077002865,Ngõ 6 Đặng Văn Ngữ,False
1299,32,25.27123261800174,Ngõ 62 Phố Đặng Văn Ngữ,False
1299,33,69.44231135850491,Ngõ 62 Phố Đặng Văn Ngữ,False
1299,1300,82.54085724588704,,False
1300,1299,82.54085724588704,,False
1300,1301,33.91029467455656,,False
1301,206,55.18668084030203,Ngõ 6 Đặng Văn Ngữ,False
1301,1300,33.91029467455656,,False
1301,1298,42.63325336102569,Ngõ 6 Đặng Văn Ngữ,False
1302,1303,25.63943831590284,,False
1303,1302,25.63943831590284,,False
1303,1305,25.78865246906227,,False
1304,3085,21.084001203121822,,False
1305,1303,25.78865246906227,,False
1305,3085,16.92168826657823,,False
1305,1306,40.03339714459408,,False
1306,1305,40.03339714459408,,False
1306,3084,42.32481893686381,,False
1307,3084,18.431262837826942,,False
1307,1308,22.08911438876724,,False
1307,1309,28.179476449355903,,False
1308,1307,22.08911438876724,,False
1309,1307,28.179476449355903,,False
1309,1310,22.856368771083165,,False
1309,1320,14.775407384241111,,False
1310,1281,33.92436557528023,,False
1310,1309,22.856368771083165,,False
1311,1312,65.4189070775124,,False
1311,1319,23.322007295283488,Ngõ 46 Phố Phạm Ngọc Thạch,False
1311,1320,26.371748498888365,Ngõ 46 Phố Phạm Ngọc Thạch,False
1312,1311,65.4189070775124,,False
1312,1314,24.93551595177166,,False
1313,1709,12.74688611796772,,False
1313,2708,44.24351032639884,Ngõ 29 Phố Xã Đàn,False
1314,1312,24.93551595177166,,False
1314,3082,8.484006155131668,,False
1314,1319,66.00332585541868,,False
1315,1289,7.977746719570777,Ngách 46/28 Phố Phạm Ngọc Thạch,False
1315,2712,9.496550259555342,Ngõ 46 Phố Phạm Ngọc Thạch,False
1315,1316,33.64058520425813,Ngõ 46 Phố Phạm Ngọc Thạch,False
1316,1315,33.64058520425813,Ngõ 46 Phố Phạm Ngọc Thạch,False
1316,1317,4.340283104190061,Ngõ 46 Phố Phạm Ngọc Thạch,False
1316,1321,27.06472132817439,,False
1316,1322,52.64557116300336,,False
1317,1316,4.340283104190061,Ngõ 46 Phố Phạm Ngọc Thạch,False
1317,1318,27.881135510885823,Ngõ 46 Phố Phạm Ngọc Thạch,False
1318,1317,27.881135510885823,Ngõ 46 Phố Phạm Ngọc Thạch,False
1318,1319,31.85792049003382,Ngõ 46 Phố Phạm Ngọc Thạch,False
1319,1314,66.00332585541868,,False
1319,1318,31.85792049003382,Ngõ 46 Phố Phạm Ngọc Thạch,False
1319,1311,23.322007295283488,Ngõ 46 Phố Phạm Ngọc Thạch,False
1320,1309,14.775407384241111,,False
1320,1311,26.371748498888365,Ngõ 46 Phố Phạm Ngọc Thạch,False
1321,1286,4.446209060729088,,False
1321,1316,27.06472132817439,,False
1322,1316,52.64557116300336,,False
1322,1263,32.43876324711831,,False
1323,2669,7.022323096369456,Ngõ 46A Phố Phạm Ngọc Thạch,False
1323,990,28.062774174336862,Ngõ 46A Phố Phạm Ngọc Thạch,False
1324,681,30.065083112269157,,False
1325,156,58.41398811474055,Ngõ 38 Phương Mai,False
1325,247,41.52211366266733,Ngõ 38 Phương Mai,False
1325,1326,48.61340293478857,,False
1326,3081,7.641804499583904,Ngách 14/9  Lương Đình Của,False
1326,1325,48.61340293478857,,False
1326,1602,5.230959815333121,,False
1327,3213,3.657293527079478,Ngõ 5 Hoàng Tích Trí,False
1327,2461,22.9009799747358,,False
1327,247,52.420053195371416,Ngõ 5 Hoàng Tích Trí,False
1328,292,25.052721818173502,Ngõ 4 Phố Phương Mai,False
1328,3341,4.246108798569927,Ngõ 4 Phố Phương Mai,False
1328,1329,23.869711764035813,,False
1329,1328,23.869711764035813,,False
1329,1330,29.624689570108615,,False
1330,1329,29.624689570108615,,False
1330,1331,91.76151417721957,,False
1331,3210,6.118359751882643,Ngõ 34 Phố Phương Mai,False
1331,296,8.952263711534114,Ngõ 34 Phố Phương Mai,False
1331,1330,91.76151417721957,,False
1332,709,7.7074480918765405,,False
1332,710,24.72827609426046,,False
1332,1333,43.56904103929811,,False
1333,1332,43.56904103929811,,False
1334,1901,77.79207957323057,Ngõ 27 Lương Định Của,False
1334,2475,13.129214223478828,,False
1334,2498,7.688209695429078,,False
1335,3355,24.95324729617667,Ngõ 46 Phố Phương Mai,False
1336,1337,20.74416639984222,,False
1336,3355,28.621322671437404,Ngõ 46 Phố Phương Mai,False
1336,1933,24.145343004798125,Ngõ 46 Phố Phương Mai,False
1337,1336,20.74416639984222,,False
1338,464,40.97884444123623,Phố Phương Mai,False
1338,1977,40.7533993836056,Phố Phương Mai,False
1338,1933,5.670654075968909,Ngõ 46 Phố Phương Mai,False
1339,1340,30.342387213482983,,False
1340,1339,30.342387213482983,,False
1340,1341,10.011946741200296,,False
1341,1340,10.011946741200296,,False
1341,3303,35.148706308006254,,False
1341,3308,8.319516831824078,,False
1342,3312,12.884911349741094,,False
1343,3311,4.065315352578788,,False
1343,1344,12.002767772395876,,False
1344,1343,12.002767772395876,,False
1344,3304,21.11424598571245,,False
1344,3310,19.36019845628438,,False
1345,3313,4.550112046466941,,False
1345,1346,2.950228294363778,,False
1345,3316,9.528334818068265,,False
1346,1345,2.950228294363778,,False
1346,1347,17.89562942890758,,False
1347,1346,17.89562942890758,,False
1347,1348,5.048871605754825,,False
1348,1347,5.048871605754825,,False
1348,1349,23.26297190392824,,False
1349,1348,23.26297190392824,,False
1350,1351,79.01546777213395,,False
1351,1970,28.028433305445056,Ngõ 15- Phương Mai,False
1351,712,50.90298797345763,Ngõ 15- Phương Mai,False
1351,1350,79.01546777213395,,False
1352,711,7.902922109031628,,False
1352,1353,13.322918887137517,,False
1353,1352,13.322918887137517,,False
1353,722,35.73131793380837,,False
1353,3303,35.70388012899662,,False
1354,756,11.564586890852528,Phố Lương Định Của,False
1354,494,15.35693926996785,Phố Lương Định Của,False
1354,3310,11.286411213115995,,False
1355,1356,50.534577986407925,,False
1356,2648,18.10655500422308,Ngõ 102 Trường Chinh,False
1356,2463,17.330631640162284,Ngõ 102 Trường Chinh,False
1356,1355,50.534577986407925,,False
1357,2632,29.312318064848363,Ngõ 167 Phố Phương Mai,False
1357,2622,3.1782454988062967,Ngách 17 Ngõ 167 Phương Mai,False
1357,1686,28.210504388373824,Ngõ 167 Phương Mai,False
1357,2628,14.233156209973531,Ngách 167/19 Phố Phương Mai,False
1358,2633,3.0531789286290585,Ngõ 167 Phố Phương Mai,False
1358,2640,7.570672176685238,Ngõ 167 Phố Phương Mai,False
1358,2638,11.092744198836744,Ngách 33 Ngõ 167 Phương Mai,False
1359,2640,15.999266155235434,Ngõ 167 Phố Phương Mai,False
1359,2646,32.48339928067726,Ngõ 167 Phố Phương Mai,False
1359,2641,3.339129666138932,,False
1360,1532,22.45229488009381,Ngõ 30 Phố Lương Định Của,False
1361,1394,29.19919197382148,,False
1362,1363,38.99091900839233,,False
1363,1362,38.99091900839233,,False
1363,1393,19.510569105607768,,False
1363,1394,18.579191454005045,,False
1364,1365,14.20192591471173,,False
1365,1364,14.20192591471173,,False
1365,1366,15.640391557965811,,False
1366,1365,15.640391557965811,,False
1366,2955,21.053526402875267,,False
1367,1783,11.715965735982932,,False
1367,1368,18.31086378120473,,False
1368,1367,18.31086378120473,,False
1368,2956,8.472812274082722,,False
1369,2956,10.10161278751249,,False
1369,1370,9.72876732407435,,False
1370,1369,9.72876732407435,,False
1370,1461,28.21962174382997,,False
1371,2843,3.15901331365142,Đường Trường Chinh,True
1371,1461,9.14269952685299,,False
1372,1373,34.479208541148445,,False
1373,1372,34.479208541148445,,False
1373,420,19.59814056315944,,False
1374,3135,50.11092404758427,,False
1374,914,37.97106716629805,,False
1374,1410,36.58741943594519,,False
1375,3134,33.323811592852635,,False
1375,2194,15.905913226244031,,False
1376,1029,65.78172815765556,Đường Trường Chinh,True
1376,2194,5.0914381133049424,,False
1377,1378,45.166787927675074,,False
1378,1377,45.166787927675074,,False
1378,972,34.4688705738658,,False
1379,1182,7.557511441018238,Phố Tam Khương,False
1379,453,11.223280269393005,Phố Tam Khương,False
1379,1539,42.624324170166936,,False
1380,1538,7.477382660478992,,False
1380,1398,34.37039139071685,,False
1381,2668,15.89591955921487,Phố Tam Khương,False
1381,1650,61.02562226095899,Phố Tam Khương,False
1381,700,14.82289254725676,Ngõ 123 Khương Thượng,False
1382,939,27.08438442658232,,False
1383,1384,42.9386119240765,,False
1384,1383,42.9386119240765,,False
1384,1385,16.915497066966292,,False
1385,486,34.503144819469576,Ngõ 54 Tôn Thất Tùng,False
1385,1384,16.915497066966292,,False
1386,1387,38.346448645123175,,False
1387,1386,38.346448645123175,,False
1387,974,5.633328050378499,Ngõ 22 Phố Tôn Thất Tùng,False
1387,973,14.661744129212757,Ngõ 22 Phố Tôn Thất Tùng,False
1388,3097,22.574911820657075,,False
1389,1390,48.55109833557725,,False
1390,1389,48.55109833557725,,False
1390,1392,95.41908791042069,,False
1390,425,14.696379760973684,,False
1391,701,36.38855997595363,,False
1391,1394,33.174716322700874,,False
1392,1390,95.41908791042069,,False
1393,1363,19.510569105607768,,False
1393,176,36.26124914569045,Phố Khương Thượng,False
1393,3369,18.355456799344758,Phố Khương Thượng,False
1394,1361,29.19919197382148,,False
1394,1391,33.174716322700874,,False
1394,1363,18.579191454005045,,False
1395,2961,23.694827708239465,Ngõ 51 Tam Khương,False
1395,2959,27.10743421817056,Ngõ 51 Tam Khương,False
1396,2959,20.43034536810446,Ngõ 51 Tam Khương,False
1396,1397,30.33007205628608,Ngõ 51 Tam Khương,False
1397,2523,25.52235203653435,Phố Tam Khương,False
1397,457,9.096834526420944,Phố Tam Khương,False
1397,1396,30.33007205628608,Ngõ 51 Tam Khương,False
1398,1380,34.37039139071685,,False
1398,1399,62.85709069250892,Ngõ 31 Tam Khương,False
1399,454,23.84722271371034,Phố Tam Khương,False
1399,455,9.84392766227953,Phố Tam Khương,False
1399,1398,62.85709069250892,Ngõ 31 Tam Khương,False
1400,1401,57.25310030320768,,False
1401,1400,57.25310030320768,,False
1401,1402,59.80537508373584,,False
1402,1401,59.80537508373584,,False
1402,1421,20.490998293735075,Ngách 354/159 Đường Trường Chinh,False
1402,979,70.07819982925153,Ngách 354/159 Đường Trường Chinh,False
1403,1410,13.10281232772321,Ngõ 554 Trường Chinh,False
1403,422,4.569394010026604,Ngõ 554 Trường Chinh,False
1403,1404,36.81984204879858,,False
1404,1403,36.81984204879858,,False
1404,1407,23.87470644416287,,False
1404,1408,41.80219976495929,,False
1404,2482,20.24471691710708,,False
1405,423,34.451520531792376,,False
1405,1406,31.903177269466852,,False
1406,1405,31.903177269466852,,False
1406,1407,52.70115423736213,,False
1407,1406,52.70115423736213,,False
1407,1404,23.87470644416287,,False
1408,1404,41.80219976495929,,False
1408,1409,55.63721496115604,,False
1409,908,22.41156046639115,,False
1409,909,15.036398263609112,,False
1409,1408,55.63721496115604,,False
1410,421,53.93778759231402,Ngõ 554 Trường Chinh,False
1410,1403,13.10281232772321,Ngõ 554 Trường Chinh,False
1410,1374,36.58741943594519,,False
1411,1412,19.789270467117912,,False
1412,1411,19.789270467117912,,False
1412,2496,12.554697671220351,,False
1413,2496,15.435477255471843,,False
1413,1414,49.14686563875535,,False
1414,1413,49.14686563875535,,False
1414,329,52.704035228265454,Phố Khương Thượng,False
1414,176,25.51448322793055,Phố Khương Thượng,False
1415,2550,21.530787101927253,Ngách 354/137 Trường Chinh,False
1415,1445,6.312305019383645,Ngách 354/137 Trường Chinh,False
1415,2548,12.589459613194313,Hẻm 21 Ngách 137 Ngõ 354 Trường Chinh,False
1416,1417,55.27710990122318,Ngõ 91 Tam Khương,False
1416,2552,3.351313748114949,Ngách 137 Ngõ 354 Trường Chinh,False
1417,462,16.348420894581412,Phố Tam Khương,False
1417,2972,26.05591239938034,Phố Tam Khương,False
1417,1416,55.27710990122318,Ngõ 91 Tam Khương,False
1418,2546,21.15896860122386,Hẻm 34 Ngách 137 Ngõ 354 Trường Chinh,False
1418,1419,8.464872374973105,Hẻm 34 Ngách 137 Ngõ 354 Trường Chinh,False
1419,1418,8.464872374973105,Hẻm 34 Ngách 137 Ngõ 354 Trường Chinh,False
1419,2553,5.920649644475969,Hẻm 34 Ngách 137 Ngõ 354 Trường Chinh,False
1420,2553,16.18867271510623,Hẻm 34 Ngách 137 Ngõ 354 Trường Chinh,False
1420,2550,11.833847265364414,Ngách 137 Ngõ 354 Trường Chinh,False
1421,2963,5.6811361609658695,Ngách 354/159 Đường Trường Chinh,False
1421,1402,20.490998293735075,Ngách 354/159 Đường Trường Chinh,False
1422,1442,45.805354314279775,,False
1423,1424,50.83538024323209,,False
1424,1423,50.83538024323209,,False
1424,1425,9.891549575795908,,False
1425,1424,9.891549575795908,,False
1425,1426,21.2873187241176,,False
1426,953,25.379957745568408,Ngõ 191 Khương Thượng,False
1426,1425,21.2873187241176,,False
1426,2971,24.99198071744401,Phố Khương Thượng,False
1426,322,18.442897050871206,Phố Khương Thượng,False
1427,1428,41.86406947338568,,False
1427,1429,17.70740957409719,,False
1427,961,64.61807807961905,,False
1428,1427,41.86406947338568,,False
1428,325,48.79203910977713,,False
1429,1427,17.70740957409719,,False
1430,1431,33.21598424172799,,False
1431,1430,33.21598424172799,,False
1431,965,33.203523477077894,,False
1432,1433,34.627579437958026,,False
1433,1432,34.627579437958026,,False
1433,1434,17.76929310125814,,False
1434,1433,17.76929310125814,,False
1434,1435,19.9155942322706,,False
1435,1434,19.9155942322706,,False
1435,1436,9.845372393924038,,False
1435,1542,40.12063841400516,,False
1436,1435,9.845372393924038,,False
1436,1439,21.15758883336513,Ngách 22/99 Tôn Thất Tùng,False
1436,1440,14.924357368077043,Ngách 22/99 Tôn Thất Tùng,False
1437,1541,12.54970156510008,,False
1438,1439,29.92454541189389,Ngách 22/99 Tôn Thất Tùng,False
1439,1438,29.92454541189389,Ngách 22/99 Tôn Thất Tùng,False
1439,1436,21.15758883336513,Ngách 22/99 Tôn Thất Tùng,False
1440,1436,14.924357368077043,Ngách 22/99 Tôn Thất Tùng,False
1440,1441,26.19840675281172,Ngách 22/99 Tôn Thất Tùng,False
1441,1440,26.19840675281172,Ngách 22/99 Tôn Thất Tùng,False
1441,1442,29.28845665215272,Ngách 22/99 Tôn Thất Tùng,False
1442,1422,45.805354314279775,,False
1442,1441,29.28845665215272,Ngách 22/99 Tôn Thất Tùng,False
1442,982,28.551686205868453,Ngách 22/99 Tôn Thất Tùng,False
1443,1444,20.86553135810546,,False
1443,1445,13.79297643524601,Ngách 354/137 Trường Chinh,False
1443,981,68.13882684141747,Ngách 354/137 Trường Chinh,False
1444,1443,20.86553135810546,,False
1444,2555,14.93907803097529,,False
1445,1415,6.312305019383645,Ngách 354/137 Trường Chinh,False
1445,1443,13.79297643524601,Ngách 354/137 Trường Chinh,False
1445,2556,14.3854414412735,Hẻm 354/137/21 Đường Trường Chinh,False
1446,460,44.91364682619133,,False
1447,3188,30.09414680570303,,False
1447,3189,59.65932980669368,,False
1448,120,87.64700418256285,Ngõ 43 Phố Chùa Bộc,False
1448,702,73.97082911172102,Ngõ 43 Phố Chùa Bộc,False
1448,3189,43.93749292066872,,False
1449,1607,31.79313739673808,,False
1450,1464,13.731123816257766,,False
1450,1607,28.63695691315912,,False
1450,695,14.680390751411116,,False
1451,623,15.357851279427903,Ngõ 95 Phố Chùa Bộc,False
1451,1070,21.67344745048449,Ngõ 95 Phố Chùa Bộc,False
1452,3186,65.98717070476012,Ngõ 59 Phố Chùa Bộc,False
1453,398,41.76891168581262,Ngõ 95 Phố Chùa Bộc,False
1453,619,10.584163710315003,Ngõ 95 Phố Chùa Bộc,False
1453,2847,82.63182010623662,,False
1454,1761,38.418064226406166,Ngõ 231 Phố Chùa Bộc,False
1454,1768,40.831005154047205,Ngách 32 Ngõ 231 Phố Chùa Bộc,False
1454,1762,30.061823989889504,Ngõ 231 Phố Chùa Bộc,False
1455,1768,16.205600713416803,Ngách 32 Ngõ 231 Phố Chùa Bộc,False
1456,3112,17.560727023449523,,False
1457,287,10.845660493213126,,False
1457,360,70.28190784182412,,False
1457,1604,18.339731824523284,,False
1458,559,44.71895786064688,,False
1458,1459,16.34188964550968,,False
1459,3111,35.653091692950326,,False
1459,3228,15.096724748679163,,False
1459,1458,16.34188964550968,,False
1461,318,13.10674030542977,,False
1461,1079,28.87469581072837,,False
1461,1370,28.21962174382997,,False
1461,1371,9.14269952685299,,False
1462,843,9.890726942180674,,False
1462,841,3.6010802385071714,,False
1463,840,5.089708335318822,,False
1463,844,10.596514596102413,,False
1464,1450,13.731123816257766,,False
1464,445,61.69607992667388,,False
1465,451,35.90790943246681,,False
1465,449,20.875724462673748,,False
1466,434,22.00851287191869,Ngõ 95 Phố Chùa Bộc,False
1466,121,19.067862829432915,Ngõ 95 Phố Chùa Bộc,False
1467,698,12.130322836544034,,False
1467,436,25.52118113829805,,False
1468,1658,18.825153212313165,,False
1469,3208,30.19347024698834,,False
1469,634,59.16933623974735,,False
1469,1658,92.0964771548119,,False
1469,3204,20.564655289057317,,False
1470,1652,56.99121568775725,Ngõ 12 Phố Tôn Thất Tùng,False
1471,820,7.004080294019492,Phố Tôn Thất Tùng,False
1471,2957,29.98789742436774,Phố Tôn Thất Tùng,False
1471,1652,7.8162940754334045,Ngõ 12 Phố Tôn Thất Tùng,False
1472,1707,31.337293028252127,Ngõ 4D Đặng Văn Ngữ,False
1472,37,32.98447635953783,Ngõ 4D Đặng Văn Ngữ,False
1472,1743,38.17022762122927,,False
1473,203,24.669278560284464,Ngõ 4C Phố Đặng Văn Ngữ,False
1473,210,5.258000785432032,Ngõ 4C Phố Đặng Văn Ngữ,False
1474,2298,58.88232623725222,,False
1475,127,41.428997160166624,Phố Đào Duy Anh,False
1475,770,14.56802979482744,Phố Đào Duy Anh,False
1475,2298,7.373566070848201,,False
1476,1477,24.461487364992887,,False
1476,3175,41.157357744210906,,False
1476,3174,12.801566255706968,,False
1477,380,37.31850592883173,Phố Nguyễn Ngọc Doãn,False
1477,379,9.097938008812404,Phố Nguyễn Ngọc Doãn,False
1477,1476,24.461487364992887,,False
1478,1479,70.75640279874003,,False
1478,564,19.25838099017917,,False
1478,561,33.93588005034756,,False
1479,1478,70.75640279874003,,False
1480,1548,40.84733770814976,Ngõ 65 Phố Nguyễn Ngọc Doãn,False
1480,1481,15.135689023539026,Ngõ 65 Phố Nguyễn Ngọc Doãn,False
1481,1480,15.135689023539026,Ngõ 65 Phố Nguyễn Ngọc Doãn,False
1481,1482,6.024972675814223,Ngõ 65 Phố Nguyễn Ngọc Doãn,False
1482,1481,6.024972675814223,Ngõ 65 Phố Nguyễn Ngọc Doãn,False
1482,1483,23.77174054948791,Ngõ 65 Phố Nguyễn Ngọc Doãn,False
1483,1482,23.77174054948791,Ngõ 65 Phố Nguyễn Ngọc Doãn,False
1483,1484,9.543964053621576,Ngõ 65 Phố Nguyễn Ngọc Doãn,False
1484,1483,9.543964053621576,Ngõ 65 Phố Nguyễn Ngọc Doãn,False
1484,1485,22.48356079754434,Ngõ 65 Phố Nguyễn Ngọc Doãn,False
1485,1484,22.48356079754434,Ngõ 65 Phố Nguyễn Ngọc Doãn,False
1485,1486,7.575345754374626,Ngõ 65 Phố Nguyễn Ngọc Doãn,False
1486,1485,7.575345754374626,Ngõ 65 Phố Nguyễn Ngọc Doãn,False
1486,3183,2.040872683570382,Ngõ 65 Phố Nguyễn Ngọc Doãn,False
1487,3184,3.166578282316952,Ngõ 65 Phố Nguyễn Ngọc Doãn,False
1487,3185,2.9294795851863475,Ngõ 65 Phố Nguyễn Ngọc Doãn,False
1488,2983,48.51275293850412,Ngõ 12 Chùa Bộc,False
1489,2984,3.148201763993142,Ngõ 12 Chùa Bộc,False
1489,2891,7.665726231265178,Ngõ 12 Chùa Bộc,False
1490,280,5.744042873574014,Ngõ 12 Chùa Bộc,False
1490,2906,7.973903124976455,Ngõ 12 Chùa Bộc,False
1491,3502,9.7818132386813,Ngõ 169 Phố Tây Sơn,False
1491,1492,61.84341896249465,Ngõ 169 Phố Tây Sơn,False
1492,1491,61.84341896249465,Ngõ 169 Phố Tây Sơn,False
1492,1493,39.88275565391523,Ngõ 169 Phố Tây Sơn,False
1493,1492,39.88275565391523,Ngõ 169 Phố Tây Sơn,False
1493,1494,31.51774288009936,Ngõ 169 Phố Tây Sơn,False
1494,1493,31.51774288009936,Ngõ 169 Phố Tây Sơn,False
1494,3015,21.156095571304164,Ngõ 169 Phố Tây Sơn,False
1495,174,14.876074437134346,Phố Tây Sơn,True
1495,1782,4.304779094806121,Ngõ 169 Phố Tây Sơn,False
1496,1760,40.64687405232458,,False
1496,1763,16.355959452474256,,False
1497,1112,26.768698055148988,Ngõ 46C Phạm Ngọc Thạch,False
1497,604,21.99339845159385,Ngõ 46C Phạm Ngọc Thạch,False
1497,1498,88.29609719580722,,False
1498,1036,22.896188452344894,Ngõ 46D Phạm Ngọc Thạch,False
1498,602,25.9737039234798,Ngõ 46D Phạm Ngọc Thạch,False
1498,1497,88.29609719580722,,False
1499,2603,11.748825061766048,,False
1499,1500,99.13899689649656,,False
1499,2611,33.00218846678656,,False
1500,1499,99.13899689649656,,False
1500,1501,2.4206904000671234,,False
1501,1500,2.4206904000671234,,False
1501,1502,1.803792708774593,,False
1501,1722,33.79291531457189,,False
1502,1501,1.803792708774593,,False
1502,312,3.3888404617250463,,False
1503,2569,3.856944163895677,,False
1503,1504,124.90810040053572,,False
1504,2679,6.541245148888393,,False
1504,1505,36.265888894578325,,False
1504,1503,124.90810040053572,,False
1505,1504,36.265888894578325,,False
1505,2576,41.70395647857175,,False
1505,2577,12.743169098612844,,False
1506,1578,30.573011055864946,Ngõ 4 Phố Phương Mai,False
1506,1636,37.14203732654304,Ngõ 4 Phố Phương Mai,False
1506,709,83.74241238345773,,False
1507,1511,41.73157818774588,,True
1508,1507,77.75662896104,,True
1509,878,4.29638280310051,,True
1510,880,51.81874316734771,Đường Giải Phóng,True
1510,1822,10.30298059760089,,False
1511,1512,78.82241287134147,,True
1512,1508,40.76899300562999,,True
1512,2463,12.918738422577029,,False
1513,3322,2.735576336603184,,False
1513,3321,20.071072062426836,,False
1514,546,67.95563067195435,,False
1514,3321,23.598544354998825,,False
1514,364,42.4818939955961,,False
1515,1128,14.64732813037639,Đường Trường Chinh,True
1515,2203,7.8995440033569055,,False
1516,1517,18.82216560651842,,False
1516,2823,17.00182140635709,,False
1517,1518,23.466163252206517,,False
1517,1516,18.82216560651842,,False
1518,1519,26.26823531482001,,False
1518,1517,23.466163252206517,,False
1519,1520,9.84335345877042,,False
1519,1518,26.26823531482001,,False
1520,1521,8.933015525666569,,False
1520,1519,9.84335345877042,,False
1521,1522,9.740907475994046,,False
1521,1520,8.933015525666569,,False
1522,1523,10.285277322148042,,False
1522,1521,9.740907475994046,,False
1523,488,12.518887281475992,,False
1523,1522,10.285277322148042,,False
1524,1525,29.72627946372949,Đường Trường Chinh,True
1525,491,13.51166067143398,Đường Trường Chinh,True
1526,1529,10.118216030905948,Phố Khương Thượng,False
1526,329,24.05569178598708,Phố Khương Thượng,False
1527,370,9.779292740974732,Phố Nguyễn Ngọc Doãn,False
1527,1555,7.3475309038475585,Phố Nguyễn Ngọc Doãn,False
1528,911,5.944329116068512,Phố Khương Thượng,False
1528,1529,6.067259865064301,Phố Khương Thượng,False
1529,1528,6.067259865064301,Phố Khương Thượng,False
1529,1526,10.118216030905948,Phố Khương Thượng,False
1530,1531,6.377796965110627,Ngõ 30 Phố Lương Định Của,False
1530,1532,5.744815748949417,Ngõ 30 Phố Lương Định Của,False
1531,1533,15.715916820458007,Ngõ 30 Phố Lương Định Của,False
1531,1530,6.377796965110627,Ngõ 30 Phố Lương Định Của,False
1532,1530,5.744815748949417,Ngõ 30 Phố Lương Định Của,False
1532,1360,22.45229488009381,Ngõ 30 Phố Lương Định Của,False
1533,751,43.7189236808356,Ngõ 30 Phố Lương Định Của,False
1533,1531,15.715916820458007,Ngõ 30 Phố Lương Định Của,False
1534,1537,1.3508714703679163,,False
1534,1539,1.3676133056141897,,False
1535,1538,1.8632320204599029,,False
1535,1536,1.7835241338315078,,False
1536,1535,1.7835241338315078,,False
1536,1537,16.26975372146381,,False
1537,1536,16.26975372146381,,False
1537,1534,1.3508714703679163,,False
1538,1380,7.477382660478992,,False
1538,1535,1.8632320204599029,,False
1539,1534,1.3676133056141897,,False
1539,1379,42.624324170166936,,False
1540,1542,2.022200527136962,,False
1540,1541,2.39310063537273,,False
1541,1540,2.39310063537273,,False
1541,1437,12.54970156510008,,False
1542,1435,40.12063841400516,,False
1542,1540,2.022200527136962,,False
1543,735,5.2692358469442855,,False
1543,1282,26.125439806132285,,False
1544,1545,2.7419613735820367,,False
1544,3501,12.47319690280533,,False
1545,1546,5.104344691945822,,False
1545,1544,2.7419613735820367,,False
1546,1547,2.433244907543929,,False
1546,1545,5.104344691945822,,False
1547,1282,3.725143169922561,,False
1547,1546,2.433244907543929,,False
1548,2502,4.625152545351573,Ngõ 65 Phố Nguyễn Ngọc Doãn,False
1548,1480,40.84733770814976,Ngõ 65 Phố Nguyễn Ngọc Doãn,False
1549,696,11.9059112242979,,False
1549,438,5.754607353084187,,False
1549,1551,7.450051509205537,,False
1550,1551,49.689193505496256,,False
1551,1550,49.689193505496256,,False
1551,1549,7.450051509205537,,False
1552,1554,28.48988894580036,,False
1553,2201,8.360691544312521,,False
1553,481,17.079120525576794,Đường Trường Chinh,True
1554,1552,28.48988894580036,,False
1554,2201,20.9037568617536,,False
1555,1527,7.3475309038475585,Phố Nguyễn Ngọc Doãn,False
1555,1556,7.115711376822409,Phố Nguyễn Ngọc Doãn,False
1556,1555,7.115711376822409,Phố Nguyễn Ngọc Doãn,False
1556,273,5.42280793820899,Phố Nguyễn Ngọc Doãn,False
1557,1559,11.676573354759556,,False
1557,1560,17.396638864696424,,False
1558,507,9.607185094758224,,False
1558,1559,8.91133100620884,,False
1559,1558,8.91133100620884,,False
1559,1557,11.676573354759556,,False
1560,1557,17.396638864696424,,False
1560,2942,8.323649031473849,,False
1561,2942,5.415469483447175,,False
1561,512,58.91762185602317,,False
1562,404,46.26106433307958,Ngõ 28D Phố Lương Định Của,False
1562,368,26.300771397429106,Ngõ 28D Phố Lương Định Của,False
1562,3139,30.474923759874223,Ngõ 28C Lương Định Của,False
1563,285,36.07171673042108,,False
1563,284,4.517921710454504,,False
1564,685,24.582174037861208,,False
1564,1208,7.842066954192138,,False
1565,684,23.52677711643425,,False
1565,1209,9.08682623440498,,False
1566,1142,20.35977519164333,,False
1566,3365,16.78605183751103,,False
1566,1291,9.288840499859038,Ngõ 27 Phố Xã Đàn,False
1566,2711,15.693044216342429,Ngõ 27 Phố Xã Đàn,False
1567,1572,4.434922339894369,,False
1567,2844,14.19320773032906,,True
1568,1571,12.915994511741934,Hầm đường bộ Ngã Tư Sở,False
1568,1569,14.433709272307375,,True
1569,1567,20.89373665039114,,True
1570,1051,13.662893936325757,,False
1570,2469,5.472103523699676,,False
1570,2842,10.53093703825267,,False
1571,1568,12.915994511741934,Hầm đường bộ Ngã Tư Sở,False
1571,1576,9.35604399308724,Hầm đường bộ Ngã Tư Sở,False
1571,1573,9.36666566333013,,False
1572,1050,5.03482935218764,,False
1572,1051,14.12019881835846,,False
1572,1567,4.434922339894369,,False
1573,2842,4.414418964945997,,False
1573,1571,9.36666566333013,,False
1574,1575,11.873394529701333,,True
1574,318,6.026762654547112,,False
1575,1576,17.1159057433982,,True
1576,1571,9.35604399308724,Hầm đường bộ Ngã Tư Sở,False
1576,320,17.171789220926446,Hầm đường bộ Ngã Tư Sở,False
1577,1137,23.949655277584483,,False
1577,1136,11.883228991698791,,False
1578,656,20.03357356470543,Ngõ 4 Phố Phương Mai,False
1578,1506,30.573011055864946,Ngõ 4 Phố Phương Mai,False
1578,1579,85.275306554656,,False
1579,709,28.0652088880282,,False
1579,1578,85.275306554656,,False
1580,894,17.29774892789856,Ngõ 41 Phố Đông Tác,False
1580,342,32.00743179480965,Ngõ 41 Phố Đông Tác,False
1580,1581,16.242577467336737,,False
1581,1582,6.193346157270173,,False
1581,1580,16.242577467336737,,False
1582,3253,13.675610293647422,Ngõ 41 Đông Tác,False
1582,3252,4.738952292207262,Ngõ 41 Đông Tác,False
1582,1581,6.193346157270173,,False
1583,3252,4.6272933800349065,Ngõ 41 Đông Tác,False
1583,1584,13.040834977883677,Ngõ 41 Đông Tác,False
1584,1583,13.040834977883677,Ngõ 41 Đông Tác,False
1584,1585,14.877796217382256,Ngõ 41 Đông Tác,False
1585,3259,5.269228168653413,,False
1585,1584,14.877796217382256,Ngõ 41 Đông Tác,False
1585,1591,11.688874906378622,Ngõ 41 Đông Tác,False
1586,3259,12.113428666238669,,False
1586,1587,12.665095194834048,,False
1587,1586,12.665095194834048,,False
1587,1588,8.0154288135627,,False
1588,1587,8.0154288135627,,False
1588,1697,10.57000565105333,,False
1589,1697,4.233899186114145,,False
1589,3096,10.084525360072115,,False
1590,3096,5.7451032927830274,,False
1590,3260,3.271077510705304,,False
1591,1585,11.688874906378622,Ngõ 41 Đông Tác,False
1591,1592,11.382126398383216,Ngõ 41 Đông Tác,False
1592,1591,11.382126398383216,Ngõ 41 Đông Tác,False
1592,1593,10.631175575647651,Ngõ 41 Đông Tác,False
1593,1592,10.631175575647651,Ngõ 41 Đông Tác,False
1593,3248,5.832394096063357,Ngõ 41 Đông Tác,False
1594,1596,9.602354917160842,Ngõ 41 Đông Tác,False
1594,1731,19.608680036201967,Ngõ 41 Đông Tác,False
1594,2472,11.23002269165491,Ngách 53 Ngõ 41 Phố Đông Tác,False
1595,3248,11.886410922060394,Ngõ 41 Đông Tác,False
1595,1596,12.820700147359812,Ngõ 41 Đông Tác,False
1596,1595,12.820700147359812,Ngõ 41 Đông Tác,False
1596,1594,9.602354917160842,Ngõ 41 Đông Tác,False
1597,682,49.89087962769057,Ngõ 9 Lương Định Của,False
1597,1872,5.438026078795115,Ngõ 9 Lương Định Của,False
1597,3214,21.88947617811937,Ngõ 11 Lương Định Của,False
1598,1599,23.68517220950393,Ngõ 11 Lương Định Của,False
1598,1601,9.551597625392889,,False
1598,3214,3.846962545078469,Ngõ 11 Lương Định Của,False
1599,1600,16.836895363657412,Ngõ 11 Lương Định Của,False
1599,1598,23.68517220950393,Ngõ 11 Lương Định Của,False
1600,153,13.18603487477761,Ngõ 11 Lương Định Của,False
1600,1599,16.836895363657412,Ngõ 11 Lương Định Của,False
1601,1598,9.551597625392889,,False
1602,2462,5.43162945282875,,False
1602,1326,5.230959815333121,,False
1603,360,83.9730738355117,,False
1604,3236,1.842113486085424,,False
1604,1457,18.339731824523284,,False
1605,3112,21.006197571920787,,False
1605,3236,1.9893558527539683,,False
1606,553,9.88832314150736,,False
1606,3359,31.961526111938063,,False
1607,1449,31.79313739673808,,False
1607,1450,28.63695691315912,,False
1607,1608,74.00626317149161,,False
1608,1607,74.00626317149161,,False
1609,84,4.048373177542772,,False
1609,263,4.811221739688787,,False
1610,1259,5.388666668175582,,False
1610,845,9.436265161035372,Phố Lương Định Của,False
1610,55,29.72599782064415,Phố Lương Định Của,False
1611,132,22.40364359658467,Ngõ 65 Phạm Ngọc Thạch,False
1611,135,14.653222109805316,Ngõ 65 Phạm Ngọc Thạch,False
1611,1612,88.20266259721183,,False
1612,2719,19.00923807900865,Ngõ 43 Phạm Ngọc Thạch,False
1612,1202,62.93796072473142,Ngõ 43 Phạm Ngọc Thạch,False
1612,1611,88.20266259721183,,False
1612,1613,84.33823419585435,,False
1613,2720,18.587831422404864,Ngõ 21 Phạm Ngọc Thạch,False
1613,668,18.9124450116143,Ngõ 21 Phạm Ngọc Thạch,False
1613,1612,84.33823419585435,,False
1614,1621,19.776955006239564,,False
1614,1618,68.31226330160744,,False
1615,663,22.717161451256366,,False
1615,664,79.5945097612354,,False
1615,1621,19.72178357281441,,False
1615,158,20.200448616101724,,False
1616,81,37.86180656880148,,False
1616,653,79.03665511381152,,False
1616,1617,25.798400503382624,,False
1616,158,28.17023688434991,,False
1617,654,78.32843806323122,Ngõ 34 Phương Mai,False
1617,295,36.07430546693931,Ngõ 34 Phương Mai,False
1617,1616,25.798400503382624,,False
1618,1614,68.31226330160744,,False
1618,1619,20.025728788423542,,False
1619,1618,20.025728788423542,,False
1619,1620,10.288033955930048,,False
1619,1621,69.29984789456492,,False
1620,664,20.39282137369286,Ngõ 4 Phương Mai,False
1620,1622,74.19725635353858,,False
1620,1619,10.288033955930048,,False
1621,1615,19.72178357281441,,False
1621,1614,19.776955006239564,,False
1621,1619,69.29984789456492,,False
1622,1620,74.19725635353858,,False
1623,3388,5.031043545556813,,False
1623,3386,13.846262255875184,,False
1624,1625,19.235250711446625,Ngõ 2 Phố Phương Mai,False
1624,333,21.04568579312416,Ngõ 2 Phố Phương Mai,False
1625,1626,23.035953126445243,Ngõ 2 Phố Phương Mai,False
1625,1624,19.235250711446625,Ngõ 2 Phố Phương Mai,False
1626,1634,17.76574469991192,Ngõ 2 Phố Phương Mai,False
1626,1625,23.035953126445243,Ngõ 2 Phố Phương Mai,False
1627,1632,9.658184214617268,Ngõ 2 Phố Phương Mai,False
1627,1634,21.83906970445025,Ngõ 2 Phố Phương Mai,False
1628,1635,4.507269505969161,Ngõ 2 Phố Phương Mai,False
1628,1632,22.226987616621493,Ngõ 2 Phố Phương Mai,False
1629,1631,26.34285055743674,Ngõ 2 Phố Phương Mai,False
1629,1630,26.60426615365426,Ngõ 2 Phố Phương Mai,False
1629,1642,15.39037063078598,Ngõ 2 Phố Phương Mai,False
1630,1633,29.628869830542275,Ngõ 2 Phố Phương Mai,False
1630,1629,26.60426615365426,Ngõ 2 Phố Phương Mai,False
1630,1632,64.7081961305743,,False
1631,1629,26.34285055743674,Ngõ 2 Phố Phương Mai,False
1631,1635,33.58620892970125,Ngõ 2 Phố Phương Mai,False
1632,1628,22.226987616621493,Ngõ 2 Phố Phương Mai,False
1632,1627,9.658184214617268,Ngõ 2 Phố Phương Mai,False
1632,1630,64.7081961305743,,False
1633,333,22.02400826057701,Ngõ 2 Phố Phương Mai,False
1633,1630,29.628869830542275,Ngõ 2 Phố Phương Mai,False
1633,1634,63.651844106837935,,False
1634,1627,21.83906970445025,Ngõ 2 Phố Phương Mai,False
1634,1626,17.76574469991192,Ngõ 2 Phố Phương Mai,False
1634,1633,63.651844106837935,,False
1634,3394,19.327061320277178,,False
1635,1631,33.58620892970125,Ngõ 2 Phố Phương Mai,False
1635,1628,4.507269505969161,Ngõ 2 Phố Phương Mai,False
1636,1506,37.14203732654304,Ngõ 4 Phố Phương Mai,False
1636,1646,6.052117886371495,Ngõ 4 Phố Phương Mai,False
1636,1637,82.737848195244,,False
1637,1636,82.737848195244,,False
1638,1646,19.806672609442927,Ngõ 4 Phố Phương Mai,False
1638,1939,40.418020494862674,Ngõ 4 Phố Phương Mai,False
1638,1639,17.081134991481537,,False
1639,1643,39.44763251411593,,False
1639,1638,17.081134991481537,,False
1640,1643,20.575089551410382,,False
1641,1644,26.47288395794986,,False
1642,1629,15.39037063078598,Ngõ 2 Phố Phương Mai,False
1642,1940,26.011680777196734,Ngõ 2 Phố Phương Mai,False
1642,1644,37.91016516960201,,False
1643,1640,20.575089551410382,,False
1643,1639,39.44763251411593,,False
1643,1644,16.985085835823856,,False
1644,1642,37.91016516960201,,False
1644,1641,26.47288395794986,,False
1644,1643,16.985085835823856,,False
1645,710,12.05176656645398,,False
1645,1938,58.72139157873885,,False
1645,1646,82.3326247461236,,False
1646,1636,6.052117886371495,Ngõ 4 Phố Phương Mai,False
1646,1638,19.806672609442927,Ngõ 4 Phố Phương Mai,False
1646,1645,82.3326247461236,,False
1647,3211,11.40727774867088,Ngõ 34 Phố Phương Mai,False
1647,297,18.845331928857163,Ngõ 34 Phố Phương Mai,False
1647,1648,43.74500190682416,,False
1648,1649,27.5508526196988,,False
1648,1647,43.74500190682416,,False
1649,3339,26.243900507624986,,False
1649,708,7.895424320118397,,False
1649,1648,27.5508526196988,,False
1650,1381,61.02562226095899,Phố Tam Khương,False
1650,463,21.271416235298727,Phố Tam Khương,False
1650,1651,42.49536676972913,Ngách 18 Ngõ 139 Khương Thượng,False
1651,1650,42.49536676972913,Ngách 18 Ngõ 139 Khương Thượng,False
1652,1470,56.99121568775725,Ngõ 12 Phố Tôn Thất Tùng,False
1652,1471,7.8162940754334045,Ngõ 12 Phố Tôn Thất Tùng,False
1652,2109,7.1497288589609225,,False
1652,2167,6.996324350159177,,False
1653,289,48.13265810308684,,False
1653,288,52.592906872847365,,False
1653,561,29.640496687756485,,False
1654,1655,19.25413786833929,,False
1655,1654,19.25413786833929,,False
1655,2200,5.574434773410133,,False
1656,2200,9.236383920938922,,False
1656,813,32.81774733491734,Đường Trường Chinh,True
1657,1659,28.86352522094492,,False
1657,1658,62.425362528148526,,False
1658,1468,18.825153212313165,,False
1658,1469,92.0964771548119,,False
1658,1657,62.425362528148526,,False
1659,1657,28.86352522094492,,False
1660,1661,8.673486259394947,,False
1660,3418,15.549668337522814,,False
1661,1662,10.483754624199898,,False
1661,1660,8.673486259394947,,False
1662,1661,10.483754624199898,,False
1663,1664,5.278794012810688,,False
1664,415,5.026594839339532,,False
1664,1663,5.278794012810688,,False
1665,2825,34.880200125526535,,False
1665,480,44.157835347030826,,False
1665,1666,28.43865851865356,,False
1666,1665,28.43865851865356,,False
1667,2479,15.746167848933226,Ngõ 592 Trường Chinh,False
1667,418,19.22694381998023,Ngõ 592 Trường Chinh,False
1667,2482,17.392868851483,,False
1668,477,27.219876955186844,,False
1669,1670,18.23736103245133,,False
1670,1669,18.23736103245133,,False
1670,1671,45.88653124418881,,False
1670,3110,19.886505184324037,,False
1671,2846,20.103746344051263,,False
1671,2913,17.807078145895428,,False
1671,1670,45.88653124418881,,False
1672,2217,84.50606933374978,,False
1673,498,29.00879945468344,Đường Trường Chinh,True
1673,2217,6.375031822561886,,False
1674,1676,9.938725531757468,,False
1675,1678,14.787120183450938,,False
1675,1676,19.04838870894448,,False
1676,1675,19.04838870894448,,False
1676,1674,9.938725531757468,,False
1677,41,36.70975703413481,Ngõ 119 Hồ Đắc Di,False
1677,2797,44.36132007783732,Ngõ 119 Hồ Đắc Di,False
1678,39,5.508766515333212,,False
1678,1675,14.787120183450938,,False
1679,39,64.66018033805986,,False
1680,1163,39.110972345301846,,False
1681,1720,3.0853798162602413,,False
1681,1683,26.851487166218128,,False
1682,1736,24.438248423476768,Ngõ 78 Đường Giải Phóng,False
1682,330,62.77790676794805,Ngõ 78 Đường Giải Phóng,False
1682,1740,8.273077055912875,,False
1683,1681,26.851487166218128,,False
1683,1721,10.713268192371878,,False
1684,1721,3.192071301424418,,False
1684,1722,2.268642775620498,,False
1685,1740,35.11257089547664,,False
1685,1720,2.487482476700394,,False
1686,2616,5.7531555313359215,,False
1686,2928,15.86343793609052,Ngách 10 Ngõ 135 Phương Mai,False
1686,1357,28.210504388373824,Ngõ 167 Phương Mai,False
1686,406,17.62806588536674,Ngõ 167 Phương Mai,False
1687,2616,14.251248902855552,,False
1688,1723,45.4902260854098,,False
1689,1723,3.0768119827337586,,False
1689,1724,2.8465729050982107,,False
1690,1724,20.16012037786482,,False
1690,2796,12.531724633482831,,False
1691,904,23.19848964105692,Đường Trường Chinh,True
1691,2230,3.829290174620198,,False
1692,404,6.031501045185257,Phố Lương Định Của,False
1692,495,26.42589808920944,Phố Lương Định Của,False
1692,1693,66.4781510219778,,False
1693,1692,66.4781510219778,,False
1694,1695,31.87932981993664,,False
1695,220,125.4791729865108,,False
1695,403,48.88856255089159,,False
1695,1694,31.87932981993664,,False
1696,1697,43.19285316129596,,False
1697,1588,10.57000565105333,,False
1697,1589,4.233899186114145,,False
1697,1696,43.19285316129596,,False
1698,3376,13.533357581398937,,False
1699,2017,24.796266972819875,Ngõ 4B Phố Đặng Văn Ngữ,False
1699,203,55.64469497872346,Ngõ 4B Phố Đặng Văn Ngữ,False
1699,1700,89.2743418325638,,False
1700,2018,25.618523459447488,Ngõ 4A Phố Đặng Văn Ngữ,False
1700,2717,23.3016736954324,Ngõ 4A Phố Đặng Văn Ngữ,False
1700,1699,89.2743418325638,,False
1701,690,47.20314512454832,Đường Giải Phóng,False
1701,3378,23.80359971694077,Ngõ 10 Giải Phóng,False
1701,3382,24.05852046020924,Đường Giải Phóng,False
1702,211,41.854249475306574,Ngách 2 Ngõ 4A Đặng Văn Ngữ,False
1702,2397,20.70199878182387,Ngách 2 Ngõ 4A Đặng Văn Ngữ,False
1703,1846,5.827628626654986,,False
1703,1845,15.624208156757527,,False
1704,1845,2.4250815120523077,,False
1704,1705,3.946417678374591,,False
1705,830,20.57495432947769,Phố Phạm Ngọc Thạch,True
1705,1704,3.946417678374591,,False
1706,1707,48.49240394820999,Ngách 2/4D Đặng Văn Ngữ,False
1707,1982,122.59505542747932,Ngõ 4D Đặng Văn Ngữ,False
1707,1472,31.337293028252127,Ngõ 4D Đặng Văn Ngữ,False
1707,1706,48.49240394820999,Ngách 2/4D Đặng Văn Ngữ,False
1708,1709,20.388056844626743,,False
1709,1313,12.74688611796772,,False
1709,3082,50.85366009394208,,False
1709,1708,20.388056844626743,,False
1710,1711,10.114570477907233,,False
1711,1710,10.114570477907233,,False
1711,1712,10.472379609889028,,False
1712,1711,10.472379609889028,,False
1712,1713,8.652980219027267,,False
1713,1712,8.652980219027267,,False
1713,1714,4.63193729821883,,False
1714,1713,4.63193729821883,,False
1714,1715,3.369992505444361,,False
1715,1714,3.369992505444361,,False
1715,1716,6.53916542639342,,False
1716,1715,6.53916542639342,,False
1716,1717,9.358535237736035,,False
1717,1716,9.358535237736035,,False
1717,610,17.92533672183889,,False
1718,2470,12.52683013424718,Phố Phạm Ngọc Thạch,True
1719,400,32.32104254865618,Ngõ 165 Phố Chùa Bộc,False
1719,399,32.70456051710043,Ngõ 165 Phố Chùa Bộc,False
1719,1753,20.56224281592901,Ngách 4/165 Phố Chùa Bộc,False
1720,1685,2.487482476700394,,False
1720,1681,3.0853798162602413,,False
1721,1683,10.713268192371878,,False
1721,1684,3.192071301424418,,False
1722,1684,2.268642775620498,,False
1722,1501,33.79291531457189,,False
1723,1688,45.4902260854098,,False
1723,1689,3.0768119827337586,,False
1724,1689,2.8465729050982107,,False
1724,1690,20.16012037786482,,False
1725,825,3.032365882093305,,True
1726,144,76.92208929790401,,False
1726,224,18.374042929581705,,False
1726,1727,22.302223365647777,Ngõ 41 Đông Tác,False
1727,3275,5.034587468740611,Ngõ 41 Đông Tác,False
1727,1726,22.302223365647777,Ngõ 41 Đông Tác,False
1727,1732,22.455485681537176,,False
1728,1729,13.65086781507832,Ngõ 41 Đông Tác,False
1728,3273,14.078697600204592,Ngõ 41 Đông Tác,False
1729,3296,12.393745211105896,Ngõ 41 Đông Tác,False
1729,1728,13.65086781507832,Ngõ 41 Đông Tác,False
1730,1731,31.44626026420728,Ngõ 41 Đông Tác,False
1730,3296,4.856099205861737,Ngõ 41 Đông Tác,False
1731,3276,49.71309393468828,,False
1731,1594,19.608680036201967,Ngõ 41 Đông Tác,False
1731,1730,31.44626026420728,Ngõ 41 Đông Tác,False
1732,1733,13.9924042134178,,False
1732,1727,22.455485681537176,,False
1733,1732,13.9924042134178,,False
1734,3262,6.814284179227965,,False
1734,3263,5.160846477722658,,False
1735,58,6.444797169229666,,True
1736,3335,23.33831367120434,Ngõ 78 Đường Giải Phóng,False
1736,1682,24.438248423476768,Ngõ 78 Đường Giải Phóng,False
1736,1737,14.219270099812476,Ngách 78/10 Đường Giải Phóng,False
1737,1738,6.083122400554688,Ngách 78/10 Đường Giải Phóng,False
1737,1736,14.219270099812476,Ngách 78/10 Đường Giải Phóng,False
1738,1739,18.42975066313297,Ngách 78/10 Đường Giải Phóng,False
1738,1737,6.083122400554688,Ngách 78/10 Đường Giải Phóng,False
1739,1738,18.42975066313297,Ngách 78/10 Đường Giải Phóng,False
1740,1682,8.273077055912875,,False
1740,1685,35.11257089547664,,False
1741,1742,46.26014497223369,,False
1741,210,17.329972292584966,,False
1742,1743,7.722414959595102,,False
1742,1741,46.26014497223369,,False
1743,1472,38.17022762122927,,False
1743,1742,7.722414959595102,,False
1744,2644,60.40729552512353,Ngõ 28A Phố Lương Định Của,False
1744,354,20.51885225779237,Ngõ 28A Phố Lương Định Của,False
1745,406,55.800183160294985,Ngõ 28A Phố Lương Định Của,False
1745,3141,16.7669122800821,Ngõ 28A Phố Lương Định Của,False
1746,1747,28.597413085451898,Ngách 102/70 Đường Trường Chinh,False
1746,366,52.72854057076728,Ngách 102/70 Đường Trường Chinh,False
1746,1749,12.992961371225,,False
1747,1748,16.735508626910402,Ngách 102/70 Đường Trường Chinh,False
1747,1746,28.597413085451898,Ngách 102/70 Đường Trường Chinh,False
1748,1747,16.735508626910402,Ngách 102/70 Đường Trường Chinh,False
1749,1746,12.992961371225,,False
1750,1262,24.59576975918333,Ngõ 4A Đặng Văn Ngữ,False
1750,211,29.643104468474345,Ngõ 4A Đặng Văn Ngữ,False
1750,1751,41.449893122229575,,False
1751,1750,41.449893122229575,,False
1752,1753,32.731489490309535,Ngách 4/165 Phố Chùa Bộc,False
1752,400,22.106018065208,Ngách 4/165 Phố Chùa Bộc,False
1753,1719,20.56224281592901,Ngách 4/165 Phố Chùa Bộc,False
1753,1752,32.731489490309535,Ngách 4/165 Phố Chùa Bộc,False
1753,1754,4.476512324234485,Ngách 4 Ngõ 165 Phố Chùa Bộc,False
1754,1755,16.744305350677504,Ngách 4 Ngõ 165 Phố Chùa Bộc,False
1754,1753,4.476512324234485,Ngách 4 Ngõ 165 Phố Chùa Bộc,False
1755,1754,16.744305350677504,Ngách 4 Ngõ 165 Phố Chùa Bộc,False
1756,1760,96.14733011157506,,False
1756,399,58.33907655009535,,False
1756,3459,14.165410138191868,,False
1757,184,18.2876421990265,Phố Chùa Bộc,True
1757,1758,4.283628056271366,Ngõ 257 Phố Chùa Bộc,False
1758,1066,18.2447465448755,,False
1758,1061,48.33634468116043,,False
1758,1759,21.41259150002963,Ngõ 257 Phố Chùa Bộc,False
1758,1757,4.283628056271366,Ngõ 257 Phố Chùa Bộc,False
1759,628,17.848788514154602,Ngõ 257 Phố Chùa Bộc,False
1759,1758,21.41259150002963,Ngõ 257 Phố Chùa Bộc,False
1760,1496,40.64687405232458,,False
1760,1756,96.14733011157506,,False
1760,1762,17.169123670458465,Ngõ 231 Phố Chùa Bộc,False
1761,1454,38.418064226406166,Ngõ 231 Phố Chùa Bộc,False
1761,627,23.545253062160704,Ngõ 231 Phố Chùa Bộc,False
1762,1760,17.169123670458465,Ngõ 231 Phố Chùa Bộc,False
1762,1454,30.061823989889504,Ngõ 231 Phố Chùa Bộc,False
1762,1763,40.65620621654622,Ngách 40 Ngõ 231 Phố Chùa Bộc,False
1763,1762,40.65620621654622,Ngách 40 Ngõ 231 Phố Chùa Bộc,False
1763,1764,8.049781091272466,,False
1763,1496,16.355959452474256,,False
1764,1765,26.943540889981712,,False
1764,1763,8.049781091272466,,False
1765,1764,26.943540889981712,,False
1766,1767,37.00450221103521,,False
1767,1766,37.00450221103521,,False
1767,624,50.953230215043575,,False
1768,1454,40.831005154047205,Ngách 32 Ngõ 231 Phố Chùa Bộc,False
1768,1455,16.205600713416803,Ngách 32 Ngõ 231 Phố Chùa Bộc,False
1768,1769,36.808443870129445,,False
1769,1768,36.808443870129445,,False
1770,1191,33.35351722409405,Phố Nguyễn Ngọc Doãn,False
1770,3343,6.274273012655365,Phố Nguyễn Ngọc Doãn,False
1770,2039,5.530183711673735,,False
1770,2073,6.816401788151652,,False
1771,1988,8.37627113209781,,False
1771,30,4.589586881837394,Phố Đặng Văn Ngữ,False
1771,50,85.62933365090011,Phố Đặng Văn Ngữ,False
1772,2080,12.825515399030468,Phố Đặng Văn Ngữ,False
1772,36,18.63312446729198,Phố Đặng Văn Ngữ,False
1773,273,4.579334239144314,Phố Nguyễn Ngọc Doãn,False
1773,3507,3.8588503586769143,Phố Nguyễn Ngọc Doãn,False
1773,2075,6.510753093696675,,False
1773,2074,5.865712869655729,,False
1774,189,12.856247731800352,,True
1774,1059,14.135014079363565,,False
1774,2455,10.584753218279191,,False
1775,1776,13.527253413093446,,False
1776,1775,13.527253413093446,,False
1776,1055,1.9186714060904289,,False
1777,785,9.604810192204608,,False
1777,2969,13.6613960744481,,False
1778,2965,25.719938150493963,,False
1778,2969,8.530350948600836,,False
1778,1779,6.8657036926907,,False
1779,1780,13.546248069011394,,False
1779,1778,6.8657036926907,,False
1780,2967,2.386284706142906,,False
1780,1779,13.546248069011394,,False
1781,3076,2.233150852114348,,False
1781,2967,15.77423030311182,,False
1782,3015,21.101309513418816,Ngõ 169 Phố Tây Sơn,False
1782,1495,4.304779094806121,Ngõ 169 Phố Tây Sơn,False
1782,3076,6.009661480514085,,False
1783,2955,20.078590544124413,,False
1783,1367,11.715965735982932,,False
1784,1141,86.28976033826727,,False
1784,1140,16.675935816347653,,False
1784,1785,9.295058532262075,,False
1785,271,90.99929216776292,Phố Xã Đàn,True
1785,1784,9.295058532262075,,False
1786,1787,11.120235216567613,,False
1786,1120,17.73245671408298,,False
1787,1788,6.819021248193678,,False
1787,1786,11.120235216567613,,False
1788,1789,6.297851507326152,,False
1788,1787,6.819021248193678,,False
1789,1790,5.606546194714227,,False
1789,1788,6.297851507326152,,False
1790,3383,7.918423660199099,,False
1790,1789,5.606546194714227,,False
1791,1792,53.21701819238938,,False
1791,3383,11.657686975110249,,False
1792,1823,6.000970381336974,,False
1792,1791,53.21701819238938,,False
1793,1794,68.01636690769726,,False
1793,1823,40.45839820287517,,False
1794,758,10.57606195762502,,False
1794,1822,19.795330591225223,,False
1794,1793,68.01636690769726,,False
1795,1821,34.685033706867344,,False
1795,1822,47.10992817634215,,False
1796,1797,53.12844359462089,,False
1796,1947,7.784493388982851,,False
1797,3477,17.771703175833604,,False
1797,1796,53.12844359462089,,False
1798,1799,91.14066306119838,,False
1798,3476,50.746170031664505,,False
1799,1818,16.0585028436222,,False
1799,1798,91.14066306119838,,False
1800,1801,17.077647989153167,,False
1800,1824,18.89412374898,,False
1801,1802,8.548818406136743,,False
1801,1800,17.077647989153167,,False
1802,1803,4.90555978720928,,False
1802,1801,8.548818406136743,,False
1803,1804,27.32594815768605,,False
1803,1802,4.90555978720928,,False
1804,1805,9.042201259960216,,False
1804,1803,27.32594815768605,,False
1805,1806,17.520585621880006,,False
1805,1804,9.042201259960216,,False
1806,1807,14.834038038789634,,False
1806,1805,17.520585621880006,,False
1807,1808,24.764505034599363,,False
1807,1806,14.834038038789634,,False
1808,1819,10.891387524097723,,False
1808,1807,24.764505034599363,,False
1809,1817,17.112767819440574,,False
1809,1819,18.534220038370744,,False
1810,1811,22.937275334463447,,False
1810,1817,16.022641502255652,,False
1811,1812,29.187478370470103,,False
1811,1810,22.937275334463447,,False
1812,1813,23.59145615637122,,False
1812,1811,29.187478370470103,,False
1813,1816,10.22357268929961,,False
1813,1812,23.59145615637122,,False
1814,1815,40.47847294808624,,False
1814,1816,16.40853042871806,,False
1815,1814,40.47847294808624,,False
1815,1825,2.786865669563084,,False
1816,330,3.841120343685045,Ngõ 78 Đường Giải Phóng,False
1816,548,7.885786226511846,Ngõ 78 Đường Giải Phóng,False
1816,1814,16.40853042871806,,False
1816,1813,10.22357268929961,,False
1817,780,2.875716950376104,,False
1817,779,5.775278170994669,,False
1817,1810,16.022641502255652,,False
1817,1809,17.112767819440574,,False
1818,534,9.488859303591452,,False
1818,729,4.548159326727427,,False
1818,1824,17.90444291776504,,False
1818,1799,16.0585028436222,,False
1819,994,3.270162728462608,,False
1819,3417,0.847058053618127,,False
1819,1809,18.534220038370744,,False
1819,1808,10.891387524097723,,False
1820,58,7.320808956762314,Phố Phương Mai,False
1820,24,2.534443575859233,Phố Phương Mai,False
1820,1947,8.685384480472743,,False
1820,1932,8.751108500800218,,False
1821,776,9.0386144184445,,False
1821,1932,18.389622708554658,,False
1821,1795,34.685033706867344,,False
1822,1510,10.30298059760089,,False
1822,896,2.90828912070223,,False
1822,1795,47.10992817634215,,False
1822,1794,19.795330591225223,,False
1823,402,9.450038083115462,Đường Giải Phóng,False
1823,401,3.49966486862175,Đường Giải Phóng,False
1823,1793,40.45839820287517,,False
1823,1792,6.000970381336974,,False
1824,533,2.409277134675536,,False
1824,1800,18.89412374898,,False
1824,1818,17.90444291776504,,False
1825,1826,3.1428552469812723,,False
1825,1815,2.786865669563084,,False
1825,2443,12.064952417172911,,False
1826,1834,3.1937785616954546,,False
1826,1825,3.1428552469812723,,False
1827,1828,20.959122890344734,,False
1827,1834,2.0116514509912578,,False
1828,1829,20.96545568521473,,False
1828,1827,20.959122890344734,,False
1828,1109,7.716997354347887,,False
1829,1830,18.01659399351855,,False
1829,1828,20.96545568521473,,False
1830,1831,4.604439495692493,,False
1830,1829,18.01659399351855,,False
1831,1832,6.00174629909468,,False
1831,1830,4.604439495692493,,False
1832,1833,35.57049075702372,,False
1832,1831,6.00174629909468,,False
1833,1832,35.57049075702372,,False
1833,2232,39.30646319081311,,False
1834,1827,2.0116514509912578,,False
1834,1826,3.1937785616954546,,False
1835,1836,25.176623786456307,,False
1835,1109,7.570076587460793,,False
1836,1835,25.176623786456307,,False
1836,1108,10.014925905315907,,False
1837,1838,37.79173671472255,,False
1837,2148,3.3283668263514383,,False
1837,17,10.402635725322984,,False
1838,1843,50.183067614713664,,False
1838,1837,37.79173671472255,,False
1839,1840,5.906536233181484,,False
1839,1843,8.167842012853058,,False
1840,1844,4.551755345746551,,False
1840,1839,5.906536233181484,,False
1841,1842,13.272049891456485,,False
1841,1844,7.13986305422413,,False
1842,1841,13.272049891456485,,False
1842,1851,28.34041317891145,,False
1843,467,63.57648756760271,,False
1843,16,9.174334991997464,,False
1843,1839,8.167842012853058,,False
1843,1838,50.183067614713664,,False
1844,1841,7.13986305422413,,False
1844,1840,4.551755345746551,,False
1844,15,13.170228048630443,Ngõ 43 Đông Tác,False
1844,827,3.290490349826094,Ngõ 43 Đông Tác,False
1845,1220,18.15072956673309,,False
1845,1213,75.20524699274635,,False
1845,1703,15.624208156757527,,False
1845,1704,2.4250815120523077,,False
1846,1847,60.18773901601824,,False
1846,1703,5.827628626654986,,False
1847,1848,7.033857369283622,,False
1847,1846,60.18773901601824,,False
1848,1850,9.896013475556092,,False
1848,1847,7.033857369283622,,False
1849,15,9.083415916206937,Phố Đông Tác,False
1849,31,19.389778876164566,Phố Đông Tác,False
1849,1850,8.790321523966416,,False
1850,1219,7.230675793432882,,False
1850,1222,17.517037212493324,,False
1850,1849,8.790321523966416,,False
1850,1848,9.896013475556092,,False
1851,339,13.64847337079804,Ngõ 41 Phố Đông Tác,False
1851,237,7.937103672225155,Ngõ 41 Phố Đông Tác,False
1851,1842,28.34041317891145,,False
1851,1852,7.239231492271634,,False
1852,1853,7.587816080708798,,False
1852,1851,7.239231492271634,,False
1853,1857,14.911693274556152,,False
1853,1852,7.587816080708798,,False
1854,1855,66.16944233510952,,False
1855,1856,20.24350439280519,,False
1855,1854,66.16944233510952,,False
1856,836,7.792037275908196,,False
1856,1876,3.2500389017319065,,False
1856,1855,20.24350439280519,,False
1857,213,9.412062229010935,Ngõ 39 Phố Đông Tác,False
1857,750,33.14436169063805,Ngõ 39 Phố Đông Tác,False
1857,1853,14.911693274556152,,False
1858,1228,6.130954091084015,,False
1858,1874,6.521199458798376,,False
1859,1874,1.6106472924886652,,False
1859,1860,10.115508045844678,,False
1860,1859,10.115508045844678,,False
1860,1861,10.266673450349566,,False
1861,1860,10.266673450349566,,False
1861,1862,4.2511790167170185,,False
1862,1861,4.2511790167170185,,False
1862,1863,3.627099357994727,,False
1863,1862,3.627099357994727,,False
1863,1227,3.7701646464376144,,False
1864,2326,34.72360888158959,,False
1864,1865,67.30738177128097,,False
1865,1864,67.30738177128097,,False
1865,1872,9.814598775454227,,False
1866,1872,1.741020207667377,,False
1866,1867,2.498855281398961,,False
1867,1866,2.498855281398961,,False
1867,1868,3.617840585288924,,False
1868,1867,3.617840585288924,,False
1868,1869,4.869398632211741,,False
1869,1868,4.869398632211741,,False
1869,1871,9.34292999968626,,False
1870,1890,3.9882264681801822,,False
1870,1873,3.294179096791375,,False
1871,1869,9.34292999968626,,False
1871,1873,24.855670202278223,,False
1871,157,7.164931567630779,,False
1871,1039,1.8503502024540048,,False
1872,1597,5.438026078795115,Ngõ 9 Lương Định Của,False
1872,27,5.053911245072263,Ngõ 9 Lương Định Của,False
1872,1865,9.814598775454227,,False
1872,1866,1.741020207667377,,False
1873,834,6.489897277728822,,False
1873,1871,24.855670202278223,,False
1873,1870,3.294179096791375,,False
1874,1858,6.521199458798376,,False
1874,1859,1.6106472924886652,,False
1874,834,7.6365667673488975,,False
1875,1229,14.243331876593532,,False
1875,1228,14.199409425011604,,False
1875,836,4.950191005123333,,False
1876,1877,4.416214625548443,,False
1876,1856,3.2500389017319065,,False
1877,1878,5.313140823902943,,False
1877,1876,4.416214625548443,,False
1878,1879,4.473946100072894,,False
1878,1877,5.313140823902943,,False
1879,1905,2.970455902104171,,False
1879,1878,4.473946100072894,,False
1879,835,6.4053902443051,,False
1880,1881,51.35024070387965,,False
1880,1905,2.7793042684220337,,False
1881,3158,2.417072613680304,,False
1881,1880,51.35024070387965,,False
1882,1887,29.233019363194167,,False
1882,1886,11.04326751771142,,False
1883,1889,19.05402429703071,,False
1883,1888,19.12255608722843,,False
1884,1915,2.039860047846804,,False
1884,1889,27.285307835130165,,False
1885,151,88.48537223467547,Ngõ 28 Lương Đình Của,False
1885,234,6.941747618024761,Ngõ 28 Lương Đình Của,False
1885,1886,47.094798033174285,,False
1885,1906,14.588700641542466,,False
1886,139,88.45800323930439,,False
1886,140,6.311178946556903,,False
1886,1882,11.04326751771142,,False
1886,1885,47.094798033174285,,False
1887,227,88.22532795388942,,False
1887,230,5.74718245654098,,False
1887,1888,44.0052859030676,,False
1887,1882,29.233019363194167,,False
1888,146,87.87655256803171,,False
1888,148,5.179982852447041,,False
1888,1883,19.12255608722843,,False
1888,1887,44.0052859030676,,False
1889,223,88.16642243782655,,False
1889,3148,0.4858150907056179,,False
1889,1884,27.285307835130165,,False
1889,1883,19.05402429703071,,False
1890,1891,4.198158487164935,,False
1890,1870,3.9882264681801822,,False
1891,1892,3.4489383203665818,,False
1891,1890,4.198158487164935,,False
1892,1904,0.8325391271571432,,False
1892,1891,3.4489383203665818,,False
1893,1907,35.16093637950924,,False
1893,1899,14.043761995601193,,False
1894,1901,25.233712474705897,,False
1894,1900,13.680589556004,,False
1895,1903,23.877106344754456,,False
1895,1902,17.8624270173744,,False
1896,1897,59.45544975755449,,False
1896,1903,31.59788248235684,,False
1897,1896,59.45544975755449,,False
1897,1916,4.904202241163291,,False
1897,1917,2.5639180205413266,,False
1898,836,9.01944403251361,Phố Đông Tác,False
1898,26,10.08309589764641,Phố Đông Tác,False
1899,235,6.651479707971206,,False
1899,3356,15.946651378702253,,False
1899,1893,14.043761995601193,,False
1899,1904,29.40839394132992,,False
1900,466,5.970751000594769,,False
1900,850,2.9588749615554786,,False
1900,1894,13.680589556004,,False
1900,1907,3.5368723127801114,,False
1901,1188,5.770047519695961,Ngõ 27 Lương Định Của,False
1901,1334,77.79207957323057,Ngõ 27 Lương Định Của,False
1901,1902,37.55220609897852,,False
1901,1894,25.233712474705897,,False
1902,849,2.823179729068835,,False
1902,231,5.815604484559779,,False
1902,1895,17.8624270173744,,False
1902,1901,37.55220609897852,,False
1903,3354,5.977447914434721,Ngõ 31 Lương Định Của,False
1903,228,5.633630720225476,Ngõ 31 Lương Định Của,False
1903,1896,31.59788248235684,,False
1903,1895,23.877106344754456,,False
1904,1899,29.40839394132992,,False
1904,1892,0.8325391271571432,,False
1904,835,6.1115057911336965,,False
1905,1880,2.7793042684220337,,False
1905,1879,2.970455902104171,,False
1906,1885,14.588700641542466,,False
1906,3158,18.651590506840257,,False
1906,851,6.980711339313302,,False
1907,1900,3.5368723127801114,,False
1907,1893,35.16093637950924,,False
1907,851,6.103677962704691,,False
1908,1909,3.810186234938976,,False
1908,1915,0.6406606890934963,,False
1909,1908,3.810186234938976,,False
1909,1910,4.530099559914576,,False
1910,1911,47.512070856985645,,False
1910,1909,4.530099559914576,,False
1911,1914,32.54655593595216,,False
1911,1910,47.512070856985645,,False
1912,1913,76.63511182581463,,False
1912,1914,6.529214602247984,,False
1913,20,4.383461561267988,,False
1913,1185,7.735636006891932,,False
1913,1912,76.63511182581463,,False
1913,2854,11.085798666415624,Ngõ 281 Phố Phương Mai,False
1914,223,33.31800211853151,,False
1914,143,4.928243508417808,,False
1914,1912,6.529214602247984,,False
1914,1911,32.54655593595216,,False
1915,1908,0.6406606890934963,,False
1915,1884,2.039860047846804,,False
1915,1916,4.99015984173698,,False
1916,225,29.418317435822114,Phố Lương Định Của,False
1916,21,9.575707192132402,Phố Lương Định Của,False
1916,1897,4.904202241163291,,False
1916,1915,4.99015984173698,,False
1917,1976,0.9073012000436363,,False
1917,1897,2.5639180205413266,,False
1918,1919,3.1931579313206133,,False
1918,1976,1.8830277739120904,,False
1919,1933,36.36632205336111,,False
1919,1918,3.1931579313206133,,False
1920,1935,18.146872033569995,,False
1920,1934,0.8429429788308199,,False
1921,1936,38.40398212185009,,False
1921,1935,11.1230807777761,,False
1922,1937,8.782015537124675,,False
1922,1936,24.01160183750449,,False
1923,1938,40.50310937200365,,False
1923,1937,37.11542196262732,,False
1924,1980,44.58344172638453,,False
1924,1979,2.8958874778750143,,False
1925,1939,5.722581101916899,,False
1925,1980,21.522039969047505,,False
1926,1927,67.3867287828129,,False
1926,1939,7.613314788356792,,False
1927,1940,11.017672701604054,,False
1927,1926,67.3867287828129,,False
1928,1929,55.02315921588215,,False
1928,1952,15.357926678125269,,False
1929,1941,20.815551472967968,,False
1929,1928,55.02315921588215,,False
1930,1942,2.254108000301305,,False
1930,1941,6.031204400341058,,False
1931,1932,2.420687229247215,,False
1931,1942,0.7897469549767511,,False
1932,1931,2.420687229247215,,False
1932,1821,18.389622708554658,,False
1932,1820,8.751108500800218,,False
1933,1336,24.145343004798125,Ngõ 46 Phố Phương Mai,False
1933,1338,5.670654075968909,Ngõ 46 Phố Phương Mai,False
1933,1934,40.9591107860999,,False
1933,1919,36.36632205336111,,False
1934,464,5.525250616728106,,False
1934,465,15.472681044307766,,False
1934,1920,0.8429429788308199,,False
1934,1933,40.9591107860999,,False
1935,145,5.206802793791328,Ngõ 38 Phố Phương Mai,False
1935,147,24.5063481416074,Ngõ 38 Phố Phương Mai,False
1935,1921,11.1230807777761,,False
1935,1920,18.146872033569995,,False
1936,308,28.713193057054347,Ngõ 34 Phố Phương Mai,False
1936,309,4.935141812668099,Ngõ 34 Phố Phương Mai,False
1936,1922,24.01160183750449,,False
1936,1921,38.40398212185009,,False
1937,22,4.72886461932939,Ngõ 8 Phương Mai,False
1937,752,24.07376456117888,Ngõ 8 Phương Mai,False
1937,1923,37.11542196262732,,False
1937,1922,8.782015537124675,,False
1938,1645,58.72139157873885,,False
1938,23,4.570294799013056,,False
1938,1979,6.637379701673963,,False
1938,1923,40.50310937200365,,False
1939,1638,40.418020494862674,Ngõ 4 Phố Phương Mai,False
1939,473,5.553919670353268,Ngõ 4 Phố Phương Mai,False
1939,1926,7.613314788356792,,False
1939,1925,5.722581101916899,,False
1940,1642,26.011680777196734,Ngõ 2 Phố Phương Mai,False
1940,332,5.615591597133316,Ngõ 2 Phố Phương Mai,False
1940,1952,8.04778426084743,,False
1940,1927,11.017672701604054,,False
1941,688,5.941092240504255,,False
1941,2722,13.500679592678084,,False
1941,1930,6.031204400341058,,False
1941,1929,20.815551472967968,,False
1942,1931,0.7897469549767511,,False
1942,1930,2.254108000301305,,False
1943,1950,10.372008759610818,,False
1943,1948,38.75397777372073,,False
1944,1945,2.1994656637218064,,False
1944,1950,23.495451646903764,,False
1945,1951,1.7979617729186106,,False
1945,1944,2.1994656637218064,,False
1946,1947,2.2595012818108318,,False
1946,1951,1.120147216655165,,False
1947,1796,7.784493388982851,,False
1947,1946,2.2595012818108318,,False
1947,1820,8.685384480472743,,False
1948,1943,38.75397777372073,,False
1948,1953,23.08934365569104,,False
1949,1953,7.8589509171273235,,False
1949,1960,7.370809739069926,,False
1950,471,5.215555644303746,,False
1950,801,6.917113176351022,,False
1950,1944,23.495451646903764,,False
1950,1943,10.372008759610818,,False
1951,1946,1.120147216655165,,False
1951,1945,1.7979617729186106,,False
1952,1928,15.357926678125269,,False
1952,1940,8.04778426084743,,False
1952,802,5.794017136543557,,False
1953,1948,23.08934365569104,,False
1953,1949,7.8589509171273235,,False
1953,802,5.68301692938167,,False
1954,1972,23.11817574420045,,False
1954,1971,5.072506694784858,,False
1955,1972,8.094363951569171,,False
1955,1960,41.3284616849018,,False
1956,1971,3.280320670597022,,False
1956,542,119.81283746112298,,False
1956,1957,28.125180897737547,,False
1957,1972,3.925241360964325,,False
1957,805,3.515006459386376,,False
1957,1958,39.3864069936558,,False
1957,1956,28.125180897737547,,False
1958,1959,7.929505617892144,,False
1958,1957,39.3864069936558,,False
1959,1960,3.2007114717801177,,False
1959,1958,7.929505617892144,,False
1960,332,9.502689830053148,,False
1960,1959,3.2007114717801177,,False
1960,1949,7.370809739069926,,False
1960,1955,41.3284616849018,,False
1961,1981,2.537174072928966,,False
1961,1962,34.710395255930045,,False
1962,1961,34.710395255930045,,False
1962,1978,9.612364011035796,,False
1963,1978,26.88089486206205,,False
1963,1970,3.93947843986593,,False
1964,1970,43.800125389860426,,False
1964,1965,23.158918680842344,,False
1965,1964,23.158918680842344,,False
1965,1969,45.006196903095685,,False
1966,1969,25.380996692039208,,False
1966,1967,39.088853015627045,,False
1967,1966,39.088853015627045,,False
1967,1968,55.407467315587,,False
1968,1967,55.407467315587,,False
1968,1973,4.475476824898244,,False
1969,3314,32.520835763269446,,False
1969,806,5.378626675208444,,False
1969,1965,45.006196903095685,,False
1969,1966,25.380996692039208,,False
1970,331,6.011072346900336,Ngõ 15- Phương Mai,False
1970,1351,28.028433305445056,Ngõ 15- Phương Mai,False
1970,1963,3.93947843986593,,False
1970,1964,43.800125389860426,,False
1971,473,7.4725691994859265,,False
1971,1956,3.280320670597022,,False
1971,1954,5.072506694784858,,False
1971,1981,25.78019183348152,,False
1972,405,7.216628127522179,,False
1972,1957,3.925241360964325,,False
1972,1955,8.094363951569171,,False
1972,1954,23.11817574420045,,False
1973,1968,4.475476824898244,,False
1973,1974,3.961076118652252,,False
1973,1977,5.92473598457963,,False
1974,1973,3.961076118652252,,False
1974,1975,2.601502765037587,,False
1975,1974,2.601502765037587,,False
1976,1918,1.8830277739120904,,False
1976,1917,0.9073012000436363,,False
1976,1977,6.894119720464712,,False
1977,1338,40.7533993836056,Phố Phương Mai,False
1977,21,6.847675030929753,Phố Phương Mai,False
1977,1973,5.92473598457963,,False
1977,1976,6.894119720464712,,False
1978,1962,9.612364011035796,,False
1978,1963,26.88089486206205,,False
1978,804,6.458611483779034,,False
1979,1924,2.8958874778750143,,False
1979,1938,6.637379701673963,,False
1979,804,4.965570826405213,,False
1980,1925,21.522039969047505,,False
1980,1924,44.58344172638453,,False
1980,803,5.076208201476891,,False
1981,1971,25.78019183348152,,False
1981,1961,2.537174072928966,,False
1981,803,7.15296538609653,,False
1982,50,10.317782712977234,Ngõ 4D Đặng Văn Ngữ,False
1982,1707,122.59505542747932,Ngõ 4D Đặng Văn Ngữ,False
1982,1987,25.316127174904175,,False
1982,1988,86.10527284857453,,False
1983,1984,51.86558564813063,,False
1983,1987,15.879058117982462,,False
1984,2079,19.423739584112848,,False
1984,1983,51.86558564813063,,False
1985,1986,44.567518119845865,,False
1985,2079,10.950903909303412,,False
1986,1985,44.567518119845865,,False
1986,1298,17.69231077002865,Ngõ 6 Đặng Văn Ngữ,False
1986,34,8.295156754773913,Ngõ 6 Đặng Văn Ngữ,False
1987,1983,15.879058117982462,,False
1987,1982,25.316127174904175,,False
1987,1033,3.1409853487124324,,False
1987,290,10.329907312641684,,False
1988,1982,86.10527284857453,,False
1988,1989,33.103404704164184,,False
1988,1771,8.37627113209781,,False
1989,1988,33.103404704164184,,False
1989,1990,5.372575275006393,,False
1990,1991,6.1774895839085,,False
1990,1989,5.372575275006393,,False
1991,1992,5.787589316818581,,False
1991,1990,6.1774895839085,,False
1992,1993,6.59308020058402,,False
1992,1991,5.787589316818581,,False
1993,1994,8.472069895312849,,False
1993,1992,6.59308020058402,,False
1994,2433,14.473653110909597,,False
1994,1993,8.472069895312849,,False
1995,2016,28.40772543763242,,False
1995,2015,5.101489369217113,,False
1996,2017,16.34436671319919,,False
1996,2016,16.28882702493507,,False
1997,1998,47.65907146248546,,False
1997,2017,32.98163787436118,,False
1998,1999,7.793075360629853,,False
1998,1997,47.65907146248546,,False
1999,2018,1.9850443696992908,,False
1999,1998,7.793075360629853,,False
2000,2008,11.010345074255197,,False
2000,2018,10.936797544609352,,False
2001,2019,3.4999775544307044,,False
2001,2008,31.81156045792957,,False
2002,2020,2.10152608515323,,False
2002,2004,67.29160493833959,,False
2003,589,10.62046181330171,Phố Đặng Văn Ngữ,False
2003,53,11.322874840275295,Phố Đặng Văn Ngữ,False
2004,2002,67.29160493833959,,False
2004,2435,2.0305989277087706,,False
2005,2006,1.6604052806309892,,False
2005,2020,22.329086573885448,,False
2006,2056,1.4538065386321113,,False
2006,2005,1.6604052806309892,,False
2006,870,5.149181132370635,,False
2007,1211,73.92201752029638,,False
2007,2056,1.520038635129814,,False
2008,2001,31.81156045792957,,False
2008,2000,11.010345074255197,,False
2009,3346,23.90979102117834,Phố Đặng Văn Ngữ,False
2009,3343,25.829523807287508,Phố Nguyễn Ngọc Doãn,False
2009,29,13.852739127397331,Phố Đặng Văn Ngữ,False
2010,2011,8.384167145540491,Phố Nguyễn Ngọc Doãn,False
2010,273,11.54254028215322,Phố Nguyễn Ngọc Doãn,False
2011,394,10.057545121883036,Phố Nguyễn Ngọc Doãn,False
2011,2010,8.384167145540491,Phố Nguyễn Ngọc Doãn,False
2012,3507,34.641571758265854,Phố Nguyễn Ngọc Doãn,False
2012,2013,14.437898095350358,Phố Nguyễn Ngọc Doãn,False
2013,2012,14.437898095350358,Phố Nguyễn Ngọc Doãn,False
2013,1191,12.853092959574251,Phố Nguyễn Ngọc Doãn,False
2014,2457,35.04127826616136,Ngõ 4C Phố Đặng Văn Ngữ,False
2014,1175,1.0327494760488554,Ngõ 4C Phố Đặng Văn Ngữ,False
2014,2015,26.666934248489788,,False
2014,2433,43.46619672096882,,False
2015,204,81.91447543137939,,False
2015,207,4.444424922985875,,False
2015,1995,5.101489369217113,,False
2015,2014,26.666934248489788,,False
2016,210,81.07651616788253,,False
2016,209,4.033694944920203,,False
2016,1996,16.28882702493507,,False
2016,1995,28.40772543763242,,False
2017,208,4.54138797215654,Ngõ 4B Phố Đặng Văn Ngữ,False
2017,1699,24.796266972819875,Ngõ 4B Phố Đặng Văn Ngữ,False
2017,1997,32.98163787436118,,False
2017,1996,16.34436671319919,,False
2018,53,5.20655872558239,Ngõ 4A Phố Đặng Văn Ngữ,False
2018,1700,25.618523459447488,Ngõ 4A Phố Đặng Văn Ngữ,False
2018,2000,10.936797544609352,,False
2018,1999,1.9850443696992908,,False
2019,602,94.13219182034976,Ngõ 4 Phố Đặng Văn Ngữ,False
2019,603,4.629528523542758,Ngõ 4 Phố Đặng Văn Ngữ,False
2019,2435,20.054780256022266,,False
2019,2001,3.4999775544307044,,False
2020,3446,81.20017744735605,,False
2020,651,4.531615060209822,,False
2020,2005,22.329086573885448,,False
2020,2002,2.10152608515323,,False
2021,2022,18.117828070467905,,False
2021,2024,42.30567023329954,,False
2022,2057,1.3206381802901996,,False
2022,2021,18.117828070467905,,False
2023,2054,1.1466663194272484,,False
2023,3108,56.24718662608469,,False
2024,2021,42.30567023329954,,False
2024,2052,13.701074375765996,,False
2025,2436,6.552475630388256,,False
2025,2051,8.310010803281576,,False
2026,2051,19.40308263071658,,False
2026,2030,18.308143480946548,,False
2027,2050,4.796895223842853,,False
2027,2028,7.376591222839774,,False
2028,2027,7.376591222839774,,False
2028,2029,12.334608330574504,,False
2029,2028,12.334608330574504,,False
2029,2049,15.025768698214396,,False
2030,2026,18.308143480946548,,False
2030,2050,3.879695893721583,,False
2031,2048,17.375181028055053,,False
2031,2032,71.64836040030048,,False
2032,2031,71.64836040030048,,False
2032,2047,20.71015348687935,,False
2033,2047,49.24794206819547,,False
2033,2046,13.05230624955216,,False
2034,2046,19.558735727345685,,False
2034,2434,4.094213264298221,,False
2034,2035,5.7234502533639455,,False
2035,2036,2.934313773068544,,False
2035,2034,5.7234502533639455,,False
2036,2037,4.03097294290488,,False
2036,2035,2.934313773068544,,False
2037,2038,3.011345515342412,,False
2037,2036,4.03097294290488,,False
2038,2039,4.839741531406485,,False
2038,2037,3.011345515342412,,False
2039,2040,10.457702146799242,,False
2039,1770,5.530183711673735,,False
2039,2038,4.839741531406485,,False
2040,2041,15.208869375379289,,False
2040,2039,10.457702146799242,,False
2041,2042,11.292859211679117,,False
2041,2040,15.208869375379289,,False
2042,2043,14.26366683517341,,False
2042,2041,11.292859211679117,,False
2043,2044,37.513306349649966,,False
2043,2042,14.26366683517341,,False
2044,2075,12.780309698840512,,False
2044,2043,37.513306349649966,,False
2045,2075,4.75695324623535,,False
2046,1279,8.611706620610068,Ngõ 81 Phố Đặng Văn Ngữ,False
2046,1280,5.480940658355061,Ngõ 81 Phố Đặng Văn Ngữ,False
2046,2033,13.05230624955216,,False
2046,2034,19.558735727345685,,False
2047,586,25.591229651497077,,False
2047,587,4.327366437347454,,False
2047,2032,20.71015348687935,,False
2047,2033,49.24794206819547,,False
2048,910,32.768312995583706,Ngõ 75 Phố Đặng Văn Ngữ,False
2048,865,4.588116586238756,Ngõ 75 Phố Đặng Văn Ngữ,False
2048,2049,19.83653216093831,,False
2048,2031,17.375181028055053,,False
2049,593,13.950589540361335,,False
2049,863,0.9454037036952864,,False
2049,2029,15.025768698214396,,False
2049,2048,19.83653216093831,,False
2050,589,5.146961685922861,Ngõ 52 Phố Nguyễn Ngọc Doãn,False
2050,396,55.97002725374017,Ngõ 52 Phố Nguyễn Ngọc Doãn,False
2050,2030,3.879695893721583,,False
2050,2027,4.796895223842853,,False
2051,2458,34.118074687577376,Ngõ 47 Phố Đặng Văn Ngữ,False
2051,867,4.532524452869235,Ngõ 47 Phố Đặng Văn Ngữ,False
2051,2025,8.310010803281576,,False
2051,2026,19.40308263071658,,False
2052,868,25.330746840596973,Ngõ 29 Phố Đặng Văn Ngữ,False
2052,869,3.830827067552952,Ngõ 29 Phố Đặng Văn Ngữ,False
2052,2024,13.701074375765996,,False
2052,2436,19.824514649997862,,False
2053,2055,0.912506142566956,,False
2053,2057,0.4781448611649292,,False
2054,2023,1.1466663194272484,,False
2054,2055,1.322601422172948,,False
2055,2054,1.322601422172948,,False
2055,2053,0.912506142566956,,False
2056,2007,1.520038635129814,,False
2056,2006,1.4538065386321113,,False
2057,2053,0.4781448611649292,,False
2057,2022,1.3206381802901996,,False
2057,870,4.882875753721718,,False
2058,2074,1.9164715985828675,,False
2059,2060,10.955266598755594,,False
2059,1265,25.229641058516275,,False
2060,2061,19.34902897600693,,False
2060,2059,10.955266598755594,,False
2061,2062,7.803216328288781,,False
2061,2060,19.34902897600693,,False
2062,2063,13.933638928200583,,False
2062,2061,7.803216328288781,,False
2063,2064,8.882824748554015,,False
2063,2062,13.933638928200583,,False
2064,2065,6.47273733121926,,False
2064,2063,8.882824748554015,,False
2065,2073,0.578307601526801,,False
2065,2064,6.47273733121926,,False
2066,2067,17.199248635646896,,False
2066,2073,14.395890831526613,,False
2067,2068,15.24635963516342,,False
2067,2066,17.199248635646896,,False
2068,2069,34.73577483558654,,False
2068,2067,15.24635963516342,,False
2069,2070,2.390108708911216,,False
2069,2068,34.73577483558654,,False
2070,2071,3.893924618986427,,False
2070,2069,2.390108708911216,,False
2071,2072,2.8812061951334966,,False
2071,2070,3.893924618986427,,False
2072,2071,2.8812061951334966,,False
2073,2066,14.395890831526613,,False
2073,2065,0.578307601526801,,False
2073,1770,6.816401788151652,,False
2074,1265,3.911636571624759,,False
2074,2058,1.9164715985828675,,False
2074,1773,5.865712869655729,,False
2075,2045,4.75695324623535,,False
2075,2044,12.780309698840512,,False
2075,1773,6.510753093696675,,False
2076,2077,4.5200420377089126,Phố Nam Đồng,False
2077,35,10.83193039022275,Phố Nam Đồng,False
2077,2076,4.5200420377089126,Phố Nam Đồng,False
2078,1102,10.188390358098696,,False
2078,2080,5.221365635618507,,False
2078,2081,10.496910491344122,,False
2079,1985,10.950903909303412,,False
2079,1984,19.423739584112848,,False
2079,2080,8.292544528832734,,False
2080,1032,10.296612549054746,Phố Đặng Văn Ngữ,False
2080,1772,12.825515399030468,Phố Đặng Văn Ngữ,False
2080,2079,8.292544528832734,,False
2080,2078,5.221365635618507,,False
2081,1032,6.298354217590163,,False
2081,35,14.479564270995558,,False
2081,2251,5.657432793903352,,False
2081,2078,10.496910491344122,,False
2082,2083,141.7480661976074,Cầu vượt nút giao Chùa Bộc - Phạm Ngọc Thạch,False
2082,122,23.196256898208585,Cầu vượt nút giao Chùa Bộc - Phạm Ngọc Thạch,True
2083,2538,6.150807430078418,Cầu vượt nút giao Chùa Bộc - Phạm Ngọc Thạch,False
2083,2082,141.7480661976074,Cầu vượt nút giao Chùa Bộc - Phạm Ngọc Thạch,False
2084,2085,6.10580589747857,Cầu vượt nút giao Chùa Bộc - Phạm Ngọc Thạch,False
2084,2538,6.679574016627488,Cầu vượt nút giao Chùa Bộc - Phạm Ngọc Thạch,False
2085,2086,6.279020569555512,Cầu vượt nút giao Chùa Bộc - Phạm Ngọc Thạch,False
2085,2084,6.10580589747857,Cầu vượt nút giao Chùa Bộc - Phạm Ngọc Thạch,False
2086,2545,4.5470069152125605,Cầu vượt nút giao Chùa Bộc - Phạm Ngọc Thạch,False
2086,2085,6.279020569555512,Cầu vượt nút giao Chùa Bộc - Phạm Ngọc Thạch,False
2087,2088,8.077509719740599,Cầu vượt nút giao Chùa Bộc - Phạm Ngọc Thạch,False
2087,2545,3.41535341249458,Cầu vượt nút giao Chùa Bộc - Phạm Ngọc Thạch,False
2088,2089,6.352336021917361,Cầu vượt nút giao Chùa Bộc - Phạm Ngọc Thạch,False
2088,2087,8.077509719740599,Cầu vượt nút giao Chùa Bộc - Phạm Ngọc Thạch,False
2089,2090,96.89183142026737,Cầu vượt nút giao Chùa Bộc - Phạm Ngọc Thạch,False
2089,2088,6.352336021917361,Cầu vượt nút giao Chùa Bộc - Phạm Ngọc Thạch,False
2090,2091,62.32501023371661,Cầu vượt nút giao Chùa Bộc - Phạm Ngọc Thạch,False
2090,2089,96.89183142026737,Cầu vượt nút giao Chùa Bộc - Phạm Ngọc Thạch,False
2091,2092,93.39698065422972,Cầu vượt nút giao Chùa Bộc - Phạm Ngọc Thạch,False
2091,2090,62.32501023371661,Cầu vượt nút giao Chùa Bộc - Phạm Ngọc Thạch,False
2092,2091,93.39698065422972,Cầu vượt nút giao Chùa Bộc - Phạm Ngọc Thạch,False
2092,2470,16.179490781843818,Cầu vượt nút giao Chùa Bộc - Phạm Ngọc Thạch,True
2093,337,7.88412512189693,Đường Trường Chinh,True
2094,2098,4.976374230570733,,True
2095,2097,5.378848174988035,,True
2096,1090,7.161096223237163,,True
2097,2096,5.975756807307163,,True
2098,2177,1.948058067654029,,True
2099,2100,4.498750620694033,,False
2099,1065,5.729278476013394,,False
2100,2101,5.251732933132632,,False
2100,2099,4.498750620694033,,False
2101,2157,1.5361892635666925,,False
2101,2100,5.251732933132632,,False
2102,1077,24.5533403490775,,False
2102,2157,2.307917116667347,,False
2103,1076,9.458128807910573,,False
2103,1077,38.8406533404528,,False
2104,2105,21.208282785457328,,False
2104,1076,10.972797278387908,,False
2105,2159,18.138740521034567,,False
2105,2104,21.208282785457328,,False
2106,2107,45.43294610366473,,False
2106,2159,10.349238030550737,,False
2107,2165,33.89477086810967,,False
2107,2106,45.43294610366473,,False
2108,2659,9.2960364573927,,False
2108,2162,9.59020402198646,,False
2109,2794,21.372070127275496,,False
2109,1652,7.1497288589609225,,False
2110,2111,11.295607945069785,,False
2110,2958,13.99023531208588,,False
2111,2169,2.5868253212149965,,False
2111,2110,11.295607945069785,,False
2112,2113,36.87248961373705,,False
2112,2169,22.68071544396056,,False
2113,2114,7.995321870434261,,False
2113,2112,36.87248961373705,,False
2114,2115,7.747101075382579,,False
2114,2113,7.995321870434261,,False
2115,1075,17.530824186950863,,False
2115,2114,7.747101075382579,,False
2116,2171,1.48841312529409,,False
2116,1075,29.462490023354555,,False
2117,2118,25.36540626739714,,False
2117,1074,15.979358846145834,,False
2118,1073,4.089930428202822,,False
2118,2117,25.36540626739714,,False
2119,2120,6.122736186161626,,False
2119,1073,46.57446786650402,,False
2120,2121,5.323152674135787,,False
2120,2119,6.122736186161626,,False
2121,2173,13.893441013345168,,False
2121,2120,5.323152674135787,,False
2122,2123,3.580659363528032,,False
2122,2173,8.187343142909535,,False
2123,2124,8.025021960104178,,False
2123,2122,3.580659363528032,,False
2124,337,8.412533324790124,,False
2124,2123,8.025021960104178,,False
2124,2201,22.73641856785415,,False
2125,1092,10.30725959596479,,False
2125,2126,7.041288730247882,,False
2125,2202,53.983395634234206,,False
2126,2127,6.666721623849496,,False
2126,2125,7.041288730247882,,False
2127,2128,9.404985775911213,,False
2127,2126,6.666721623849496,,False
2128,2129,7.679856067724533,,False
2128,2127,9.404985775911213,,False
2128,2177,6.768043419766852,,False
2129,2130,6.754529096457974,,False
2129,2128,7.679856067724533,,False
2130,2131,6.814892135722634,,False
2130,2129,6.754529096457974,,False
2131,2149,97.99982611718326,,False
2131,2130,6.814892135722634,,False
2132,2133,24.584843114205555,,False
2132,3137,10.43568941799236,,False
2133,2134,53.40260418096226,,False
2133,2132,24.584843114205555,,False
2134,2150,13.722474589063594,,False
2134,2133,53.40260418096226,,False
2135,2168,48.95809706920984,,False
2135,2170,16.39078641735045,,False
2136,2151,5.583685865338926,,False
2136,2168,1.461293257164438,,False
2137,2163,23.124593709760543,,False
2137,2151,14.90558459745438,,False
2138,2153,20.87765146136249,,False
2138,2166,7.781612244754672,,False
2139,2160,13.416181473666736,,False
2139,2154,16.011662406748293,,False
2140,2155,9.463127470141783,,False
2140,2160,48.39542558872306,,False
2141,2142,42.21313451040808,,False
2141,2155,10.583884401182289,,False
2142,2143,4.433987724268104,,False
2142,2141,42.21313451040808,,False
2143,2144,6.8444921985485525,,False
2143,2142,4.433987724268104,,False
2144,2158,2.4915666004477623,,False
2144,2143,6.8444921985485525,,False
2145,2146,5.912099097381807,,False
2145,2158,5.079776952956432,,False
2146,2147,5.229248007898513,,False
2146,2145,5.912099097381807,,False
2147,2148,3.770497203531944,,False
2147,2146,5.229248007898513,,False
2148,1837,3.3283668263514383,,False
2148,2147,3.770497203531944,,False
2149,487,8.983673265583947,Ngõ Hồ Hố Mẻ,False
2149,781,57.34589561288247,Ngõ Hồ Hố Mẻ,False
2149,3138,5.159118695456738,,False
2149,2131,97.99982611718326,,False
2150,2170,21.492041532550733,,False
2150,2134,13.722474589063594,,False
2150,447,19.37382702454053,,True
2151,446,7.331986965230943,,True
2151,2137,14.90558459745438,,False
2151,2136,5.583685865338926,,False
2152,703,80.95548991822574,Ngõ 1A Phố Tôn Thất Tùng,False
2152,191,7.708536768118757,Ngõ 1A Phố Tôn Thất Tùng,False
2152,2166,6.481398427413915,,False
2152,2163,7.22568575384337,,False
2153,268,78.70879819840891,,False
2153,193,7.5236139247670035,,False
2153,2154,30.76320427691885,,False
2153,2138,20.87765146136249,,False
2154,269,74.3919517380409,,False
2154,18,7.783908752290833,,False
2154,2139,16.011662406748293,,False
2154,2153,30.76320427691885,,False
2155,2141,10.583884401182289,,False
2155,2140,9.463127470141783,,False
2155,198,55.05495655420274,Ngõ 1 Tôn Thất Tùng,False
2155,195,7.743454841800586,Ngõ 1 Tôn Thất Tùng,False
2156,1216,4.135250117818181,,False
2156,1217,5.51402799936778,,False
2157,2102,2.307917116667347,,False
2157,2101,1.5361892635666925,,False
2157,409,11.49922768970436,,False
2158,2145,5.079776952956432,,False
2158,2144,2.4915666004477623,,False
2158,409,12.599746853128869,,False
2159,2106,10.349238030550737,,False
2159,2105,18.138740521034567,,False
2159,823,8.136317982971235,,False
2160,2140,48.39542558872306,,False
2160,2139,13.416181473666736,,False
2160,823,8.085729483904204,,False
2161,2163,7.661863638858517,,False
2161,2162,7.519796052398924,,False
2161,1183,1.684530226820646,Phố Tôn Thất Tùng,False
2161,2657,18.411379587972352,Phố Tôn Thất Tùng,False
2162,2108,9.59020402198646,,False
2162,821,5.739486832294099,,False
2162,2161,7.519796052398924,,False
2163,2152,7.22568575384337,,False
2163,2137,23.124593709760543,,False
2163,2161,7.661863638858517,,False
2164,2166,7.462359844409349,,False
2164,2165,7.409352394636526,,False
2164,193,28.381601324496103,Phố Tôn Thất Tùng,False
2164,191,7.048392788842724,Phố Tôn Thất Tùng,False
2165,821,7.42987832638481,,False
2165,2107,33.89477086810967,,False
2165,2164,7.409352394636526,,False
2166,2138,7.781612244754672,,False
2166,2152,6.481398427413915,,False
2166,2164,7.462359844409349,,False
2167,1652,6.996324350159177,,False
2167,2656,11.703574636299102,,False
2167,820,7.8793243605444605,,False
2168,2136,1.461293257164438,,False
2168,2135,48.95809706920984,,False
2168,820,7.55548926584544,,False
2169,2112,22.68071544396056,,False
2169,2111,2.5868253212149965,,False
2169,819,6.730527301354635,,False
2169,2793,65.06220530311181,Ngõ 18 Phố Tôn Thất Tùng,False
2170,2135,16.39078641735045,,False
2170,2150,21.492041532550733,,False
2170,819,7.176945171788929,,False
2171,1074,23.31062923759245,,False
2171,2116,1.48841312529409,,False
2171,818,6.132313001664509,,False
2172,3137,0.8320006833590512,,False
2172,3138,11.034082020345224,,False
2172,818,9.483859914800872,,False
2173,2122,8.187343142909535,,False
2173,2121,13.893441013345168,,False
2173,2175,5.0990378714718,,False
2174,2175,5.240954597125382,,False
2174,1091,12.794726208823384,,False
2175,2093,17.49998442080237,,True
2175,2174,5.240954597125382,,False
2175,2173,5.0990378714718,,False
2176,1091,8.82416441969344,,False
2176,2177,5.582796843042703,,False
2177,2095,2.813803571615324,,True
2177,2128,6.768043419766852,,False
2177,2176,5.582796843042703,,False
2178,2511,10.097746803172855,Ngõ 354 Đường Trường Chinh,False
2178,944,14.886514452646074,Ngõ 354 Đường Trường Chinh,False
2179,474,24.03375324703353,Đường Trường Chinh,True
2180,2181,27.130591945749416,,False
2180,2200,4.672094842177181,,False
2181,2182,24.34400625188702,,False
2181,2180,27.130591945749416,,False
2182,2450,17.875615000239875,,False
2182,2181,24.34400625188702,,False
2183,2184,45.84501182680347,,False
2183,2450,17.399766244821805,,False
2184,2199,9.24148286940661,,False
2184,2183,45.84501182680347,,False
2185,2510,19.31041577292619,,False
2185,2199,16.44073060875859,,False
2186,2187,17.213875358446096,,False
2186,2510,2.5966237934826037,,False
2187,2198,12.539320975231291,,False
2187,2186,17.213875358446096,,False
2188,2196,66.29786339377816,,False
2188,2197,5.34828234185964,,False
2189,2195,110.42422956924617,,False
2189,2196,16.32620356149476,,False
2190,2194,62.88453726571884,,False
2190,2195,10.10539819707509,,False
2191,2193,32.96531381856547,,False
2191,2194,32.67526018183276,,False
2192,1027,78.38787005212447,Đường Vành đai 2,True
2193,1029,4.710053844503898,Ngõ 554 Trường Chinh,False
2193,908,44.257455911652535,Ngõ 554 Trường Chinh,False
2193,1080,65.14552072248955,,False
2193,2191,32.96531381856547,,False
2194,1375,15.905913226244031,,False
2194,1376,5.0914381133049424,,False
2194,2191,32.67526018183276,,False
2194,2190,62.88453726571884,,False
2195,930,6.057742702969798,Phố Khương Thượng,False
2195,321,13.249254202753391,Phố Khương Thượng,False
2195,2190,10.10539819707509,,False
2195,2189,110.42422956924617,,False
2196,906,6.939228364093023,Ngõ 199 Khương Thượng,False
2196,952,12.885166124120891,Ngõ 199 Khương Thượng,False
2196,2189,16.32620356149476,,False
2196,2188,66.29786339377816,,False
2197,474,6.234376942864984,Ngõ 390 Trường Chinh,False
2197,2511,4.499199824575801,Ngõ 390 Trường Chinh,False
2197,2188,5.34828234185964,,False
2197,2198,5.052816547608274,,False
2198,2197,5.052816547608274,,False
2198,2187,12.539320975231291,,False
2199,2185,16.44073060875859,,False
2199,2184,9.24148286940661,,False
2200,1655,5.574434773410133,,False
2200,1656,9.236383920938922,,False
2200,2180,4.672094842177181,,False
2200,2201,74.62998545338078,,False
2201,1554,20.9037568617536,,False
2201,1553,8.360691544312521,,False
2201,2200,74.62998545338078,,False
2201,2124,22.73641856785415,,False
2202,2203,20.00664476346768,,False
2202,2125,53.983395634234206,,False
2203,2823,8.070793575708388,,False
2203,1515,7.8995440033569055,,False
2203,2204,59.93379795510143,,False
2203,2202,20.00664476346768,,False
2204,2215,11.090587694757918,,False
2204,2203,59.93379795510143,,False
2205,2216,12.12152131436846,,False
2205,2464,17.37958865767994,,False
2206,2207,42.22642245466065,,False
2206,2216,131.8492592939965,,False
2207,2614,4.248579532286595,,False
2207,2206,42.22642245466065,,False
2208,2217,12.66124888591133,,False
2208,2614,16.47137762556635,,False
2209,2210,22.042108063642345,,False
2209,2217,7.736315066362863,,False
2210,2255,4.253311732542128,,False
2210,2209,22.042108063642345,,False
2211,2218,19.47000631967804,,False
2211,2255,13.625294964921224,,False
2212,2213,46.050335726884846,,False
2212,2218,52.21382959237736,,False
2213,2214,15.91304575643975,,False
2213,2212,46.050335726884846,,False
2214,2213,15.91304575643975,,False
2214,2219,47.297729894768615,,False
2214,491,10.11472689410428,,False
2214,492,76.49925990766509,,False
2215,2836,19.04602440574104,,False
2215,2204,11.090587694757918,,False
2215,479,6.501245677309735,,False
2215,2825,3.77281154183742,,False
2216,501,6.761755666504819,,False
2216,2833,24.05266154916689,,False
2216,2206,131.8492592939965,,False
2216,2205,12.12152131436846,,False
2217,1672,84.50606933374978,,False
2217,1673,6.375031822561886,,False
2217,2209,7.736315066362863,,False
2217,2208,12.66124888591133,,False
2218,496,8.482853892960085,,False
2218,497,72.69835890674722,,False
2218,2212,52.21382959237736,,False
2218,2211,19.47000631967804,,False
2219,108,27.20738537753265,Ngõ 120 Đường Trường Chinh,False
2219,338,9.521645551871446,Ngõ 120 Đường Trường Chinh,False
2219,2214,47.297729894768615,,False
2219,2220,49.09996017325066,,False
2220,2221,20.103714334339315,,False
2220,2219,49.09996017325066,,False
2221,2222,37.30305443572383,,False
2221,2220,20.103714334339315,,False
2222,2223,45.90353078106937,,False
2222,2221,37.30305443572383,,False
2223,2224,31.7734074943432,,False
2223,2222,45.90353078106937,,False
2224,2227,9.963220251118502,,False
2224,2223,31.7734074943432,,False
2225,2229,28.507713742915904,,False
2225,2226,20.39716078519084,,False
2226,2225,20.39716078519084,,False
2226,2227,8.782507466379155,,False
2227,363,6.004816038066781,Ngõ 102 Trường Chinh,False
2227,544,36.96815552487421,Ngõ 102 Trường Chinh,False
2227,2226,8.782507466379155,,False
2227,2224,9.963220251118502,,False
2228,2233,10.083320903383903,,False
2228,2230,59.71808668239843,,False
2229,903,3.29697958232267,,False
2229,904,4.040510734540965,,False
2229,2230,23.462789034624915,,False
2229,2225,28.507713742915904,,False
2230,2796,4.785467148070232,,False
2230,1691,3.829290174620198,,False
2230,2228,59.71808668239843,,False
2230,2229,23.462789034624915,,False
2231,2232,21.634051002653194,,False
2231,2233,39.7096943704433,,False
2232,1833,39.30646319081311,,False
2232,2231,21.634051002653194,,False
2233,753,3.0337614544184617,Ngõ 74 Đường Trường Chinh,False
2233,757,64.63106176905606,Ngõ 74 Đường Trường Chinh,False
2233,2231,39.7096943704433,,False
2233,2228,10.083320903383903,,False
2234,36,14.216624930857986,Phố Đặng Văn Ngữ,False
2234,1102,12.949374327835171,Phố Đặng Văn Ngữ,False
2235,34,40.68479332670561,Phố Đặng Văn Ngữ,False
2235,1032,4.7903186422529735,Phố Đặng Văn Ngữ,False
2235,2251,7.117867322559242,,False
2236,2250,2.214339778092191,,False
2236,2251,6.28932182750749,,False
2237,2238,10.768504118355132,,False
2237,2250,2.269242727445976,,False
2238,2239,25.162461756249595,,False
2238,2237,10.768504118355132,,False
2239,2240,6.273968170356346,,False
2239,2238,25.162461756249595,,False
2240,2241,16.315210668793267,,False
2240,2239,6.273968170356346,,False
2241,2242,35.442676474433654,,False
2241,2240,16.315210668793267,,False
2242,2243,26.15610250154644,,False
2242,2241,35.442676474433654,,False
2243,2244,29.21695075542792,,False
2243,2242,26.15610250154644,,False
2244,2245,24.41854001963257,,False
2244,2243,29.21695075542792,,False
2245,2246,16.954330408670767,,False
2245,2244,24.41854001963257,,False
2246,2247,5.423476717245396,,False
2246,2245,16.954330408670767,,False
2247,2730,2.118324098971528,,False
2247,2246,5.423476717245396,,False
2248,2729,3.106928422811017,,False
2248,2732,5.419445271760079,,False
2249,1138,54.59438800837372,,False
2249,2729,3.726435554751448,,False
2250,2237,2.269242727445976,,False
2250,2236,2.214339778092191,,False
2251,2081,5.657432793903352,,False
2251,2236,6.28932182750749,,False
2251,2235,7.117867322559242,,False
2252,2732,9.790970990417552,,False
2252,2730,2.9727016470369305,,False
2253,2327,4.645408290614756,,False
2253,2328,4.189125510803964,,False
2253,133,12.389253039043666,Phố Hoàng Tích Trí,True
2254,2330,4.137573072189276,,False
2254,2329,4.274477694158279,,False
2254,265,3.56884644234868,Phố Hoàng Tích Trí,True
2255,2211,13.625294964921224,,False
2255,2210,4.253311732542128,,False
2255,2256,6.874933058257799,,False
2256,1673,34.61181570448554,Đường Trường Chinh,True
2256,2255,6.874933058257799,,False
2257,920,100.67347467785356,Đường Vành đai 2,True
2258,890,14.855100164304776,Phố Tây Sơn,True
2259,797,17.56098575679822,Phố Tây Sơn,True
2260,185,12.767841941039531,Phố Tây Sơn,True
2261,2262,9.382986533920375,Phố Chùa Bộc,True
2262,179,6.500680910194037,Phố Chùa Bộc,True
2263,2973,9.041930556546776,Phố Chùa Bộc,True
2264,2265,12.9418252760119,Phố Chùa Bộc,True
2265,1757,38.60802170686546,Phố Chùa Bộc,True
2266,3479,26.478780065410017,,False
2266,2851,43.52969225307636,,False
2267,2271,68.23563940925953,,False
2267,3481,17.998989223224765,,False
2268,2269,3.3813768098216097,,False
2268,2271,82.88135301129115,,False
2269,2270,3.841332626249777,,False
2269,2268,3.3813768098216097,,False
2270,796,5.245425988833949,,False
2270,2269,3.841332626249777,,False
2271,782,4.567771851392121,,False
2271,2268,82.88135301129115,,False
2271,2267,68.23563940925953,,False
2272,783,5.743255823569531,,False
2272,1069,5.480118496524869,,False
2272,2678,77.29626396620813,,False
2273,1197,61.30311416241468,,False
2273,1145,43.66608849892452,,False
2273,760,5.896945495955196,,False
2274,1203,77.10860877954467,,False
2274,3443,7.3999814192194675,,False
2274,2295,1.738868717939209,,False
2275,2300,1.975310654834796,,False
2275,2279,1.7753428107820457,,False
2276,2277,2.5727726034241205,,False
2276,2299,17.386993040639794,,False
2277,2278,2.179522517364852,,False
2277,2276,2.5727726034241205,,False
2278,1147,39.64379490323089,,False
2278,2277,2.179522517364852,,False
2279,2275,1.7753428107820457,,False
2279,2280,1.7214708766385802,,False
2280,2279,1.7214708766385802,,False
2280,2281,28.48532018048686,,False
2280,771,5.108013950631798,,False
2281,2280,28.48532018048686,,False
2281,2282,2.079902574989628,,False
2281,2359,4.616832624226082,,False
2282,2281,2.079902574989628,,False
2282,2283,2.4023745176685463,,False
2283,2282,2.4023745176685463,,False
2283,1130,46.47790040428392,,False
2284,2299,45.19714109745667,,False
2284,2300,75.80926357035318,,False
2285,2286,53.0298439913377,,False
2285,2329,1.6320813816497333,,False
2286,2287,20.668999211054317,,False
2286,2285,53.0298439913377,,False
2287,2288,3.028537110881453,,False
2287,2286,20.668999211054317,,False
2287,2350,3.53112593718064,,False
2288,2289,2.6449925238533263,,False
2288,2287,3.028537110881453,,False
2289,2301,2.273429863374808,,False
2289,2288,2.6449925238533263,,False
2290,2301,6.5080870686970576,,False
2290,2298,8.607850456774257,,False
2291,2296,26.070664501710898,,False
2291,2297,18.43506912688523,,False
2292,2293,10.981066012998118,,False
2292,2296,20.47654573000467,,False
2292,12,8.68688142512964,,False
2293,2294,3.369735630409896,,False
2293,2292,10.981066012998118,,False
2294,2295,10.78681545743341,,False
2294,2293,3.369735630409896,,False
2295,2274,1.738868717939209,,False
2295,2294,10.78681545743341,,False
2296,668,92.20926058624212,,False
2296,669,8.142583071162983,,False
2296,2292,20.47654573000467,,False
2296,2291,26.070664501710898,,False
2297,670,94.9540392985716,,False
2297,127,7.037470792245277,,False
2297,2291,18.43506912688523,,False
2297,2298,41.3690625233897,,False
2298,1474,58.88232623725222,,False
2298,1475,7.373566070848201,,False
2298,2297,41.3690625233897,,False
2298,2290,8.607850456774257,,False
2299,2276,17.386993040639794,,False
2299,2284,45.19714109745667,,False
2299,12,6.488944566729272,,False
2300,2284,75.80926357035318,,False
2300,2275,1.975310654834796,,False
2300,770,6.372986786080984,,False
2301,2290,6.5080870686970576,,False
2301,2289,2.273429863374808,,False
2301,770,7.425212941026395,,False
2302,2313,28.06748987120322,,False
2302,2327,55.56370604223838,,False
2303,2327,0.7591625629375778,,False
2303,2312,11.512863603081785,,False
2304,2312,63.92656712704772,,False
2304,2311,34.79818446403703,,False
2305,2311,4.431435411488283,,False
2305,2310,2.8009008910746847,,False
2306,2310,46.68066092118476,,False
2306,2307,27.83242863056908,,False
2307,2306,27.83242863056908,,False
2307,2308,2.9184827695441458,,False
2308,2307,2.9184827695441458,,False
2308,2309,3.4672294805144257,,False
2309,2325,1.4820439482873753,,False
2309,2308,3.4672294805144257,,False
2309,837,7.258524397955372,,False
2310,263,18.98144259689628,,False
2310,260,4.305988751673161,,False
2310,2305,2.8009008910746847,,False
2310,2306,46.68066092118476,,False
2311,261,4.387562418616855,,False
2311,3093,15.737299316676824,,False
2311,2304,34.79818446403703,,False
2311,2305,4.431435411488283,,False
2312,133,4.763715792908734,Ngõ 43 Phạm Ngọc Thạch,False
2312,134,21.682405847582093,Ngõ 43 Phạm Ngọc Thạch,False
2312,2303,11.512863603081785,,False
2312,2304,63.92656712704772,,False
2313,265,4.255649565997107,Ngõ 21 Phạm Ngọc Thạch,False
2313,3370,15.427694687403262,Ngõ 21 Phạm Ngọc Thạch,False
2313,2329,3.431604518987976,,False
2313,2302,28.06748987120322,,False
2314,2315,2.1025097862934103,,False
2314,2326,1.6875827153728764,,False
2314,837,6.35504263929804,,False
2315,2316,1.5193602051818569,,False
2315,2314,2.1025097862934103,,False
2316,2317,1.9578872692121745,,False
2316,2315,1.5193602051818569,,False
2317,2318,88.92513224347219,,False
2317,2316,1.9578872692121745,,False
2318,2324,2.8405884894584936,,False
2318,2317,88.92513224347219,,False
2319,2320,66.58694414268388,,False
2319,2324,33.96747998791986,,False
2320,2328,1.2678754288515988,,False
2320,2319,66.58694414268388,,False
2321,2330,14.673163702018636,,False
2321,2328,72.5276785659921,,False
2322,2323,62.96551256977904,,False
2322,2330,10.809456334665471,,False
2323,2322,62.96551256977904,,False
2323,2349,1.1166509171602503,,False
2324,992,68.85392118113515,Ngõ 5 Hoàng Tích Trí,False
2324,262,3.522821460151058,Ngõ 5 Hoàng Tích Trí,False
2324,2319,33.96747998791986,,False
2324,2318,2.8405884894584936,,False
2325,1259,20.911835752328933,,False
2325,2309,1.4820439482873753,,False
2326,2314,1.6875827153728764,,False
2326,1864,34.72360888158959,,False
2327,2302,55.56370604223838,,False
2327,2303,0.7591625629375778,,False
2327,2253,4.645408290614756,,False
2328,2321,72.5276785659921,,False
2328,2320,1.2678754288515988,,False
2328,2253,4.189125510803964,,False
2329,2285,1.6320813816497333,,False
2329,2313,3.431604518987976,,False
2329,2254,4.274477694158279,,False
2330,2322,10.809456334665471,,False
2330,2321,14.673163702018636,,False
2330,2254,4.137573072189276,,False
2331,2332,1.7374219278799357,,False
2331,2349,0.9339489414717468,,False
2332,2333,1.7309656093611978,,False
2332,2331,1.7374219278799357,,False
2333,2334,2.4199382022875158,,False
2333,2332,1.7309656093611978,,False
2334,2335,40.46395422359646,,False
2334,2333,2.4199382022875158,,False
2334,769,6.148919637055352,,False
2335,2336,50.43542688318899,,False
2335,2334,40.46395422359646,,False
2336,2348,21.12912739501856,,False
2336,2335,50.43542688318899,,False
2337,2338,41.73471256891939,,False
2337,2348,8.254677703984417,,False
2338,3409,9.077052540959215,,False
2338,649,6.437514801263864,,False
2338,2339,34.638941779932004,,False
2338,2337,41.73471256891939,,False
2339,2338,34.638941779932004,,False
2339,2347,14.308996018935076,,False
2340,2341,51.83264099321296,,False
2340,2347,6.820405259023064,,False
2341,2342,6.7749054545485095,,False
2341,2340,51.83264099321296,,False
2342,2343,13.120676193196246,,False
2342,2341,6.7749054545485095,,False
2343,2344,34.372627726512135,,False
2343,2342,13.120676193196246,,False
2344,2345,9.3677776475358,,False
2344,2343,34.372627726512135,,False
2345,2344,9.3677776475358,,False
2345,316,12.69614263817934,,False
2345,1135,25.314458795571564,,False
2346,316,34.7834565310934,Phố Đào Duy Anh,False
2346,692,23.774098006445552,Phố Đào Duy Anh,False
2347,10,7.365956542124168,,False
2347,3410,7.989746579181157,,False
2347,2340,6.820405259023064,,False
2347,2339,14.308996018935076,,False
2348,665,48.75106927760572,,False
2348,672,6.002618258360421,,False
2348,2337,8.254677703984417,,False
2348,2336,21.12912739501856,,False
2349,2331,0.9339489414717468,,False
2349,2323,1.1166509171602503,,False
2349,2350,4.907485002723191,,False
2350,2349,4.907485002723191,,False
2350,2287,3.53112593718064,,False
2350,2254,75.13181741120204,Phố Hoàng Tích Trí,True
2351,2352,2.321141830745708,,False
2351,1131,39.97525996047575,,False
2352,2358,2.1280905658990097,,False
2352,2351,2.321141830745708,,False
2353,2360,27.084667428316976,,False
2353,2358,1.8872479409713565,,False
2354,2355,2.0062882504852686,,False
2354,2360,1.715065281276937,,False
2355,2356,2.074737816577497,,False
2355,2354,2.0062882504852686,,False
2356,2361,2.9863758876220525,,False
2356,2355,2.074737816577497,,False
2357,2361,4.4492077696965655,,False
2357,2362,45.41531931199908,,False
2358,2353,1.8872479409713565,,False
2358,2352,2.1280905658990097,,False
2358,2359,4.990064751498507,,False
2359,3441,10.837394758850294,Phố Hoàng Tích Trí,False
2359,771,28.64029643077912,Phố Hoàng Tích Trí,False
2359,2358,4.990064751498507,,False
2359,2281,4.616832624226082,,False
2360,2354,1.715065281276937,,False
2360,2353,27.084667428316976,,False
2360,771,5.131812829838713,,False
2361,2357,4.4492077696965655,,False
2361,2356,2.9863758876220525,,False
2361,769,5.895966523872937,,False
2362,2787,24.21264092261661,,False
2362,2357,45.41531931199908,,False
2363,2787,27.806392526564878,,False
2363,2368,2.221462031397823,,False
2364,2365,2.1715225661516944,,False
2364,2683,1.6999466332682325,,False
2365,2366,2.435050381245369,,False
2365,2364,2.1715225661516944,,False
2366,2781,12.01921935640999,,False
2366,2365,2.435050381245369,,False
2366,1132,4.776318429194644,,False
2367,2368,1.5518093351374658,,False
2367,2781,16.283623358788,,False
2367,2384,5.723847583300516,,False
2368,2363,2.221462031397823,,False
2368,2367,1.5518093351374658,,False
2369,2370,3.839860943657512,,False
2369,2389,73.50962907671318,,False
2370,2371,2.2020077028883995,,False
2370,2369,3.839860943657512,,False
2371,2372,2.002549568136305,,False
2371,2370,2.2020077028883995,,False
2372,2383,1.168541101970891,,False
2372,2371,2.002549568136305,,False
2373,2374,2.0735021376885263,,False
2373,2383,27.90906392326185,,False
2373,2384,2.709840450539829,,False
2374,2375,1.5362115767724658,,False
2374,2373,2.0735021376885263,,False
2375,2376,41.04753649816372,,False
2375,2374,1.5362115767724658,,False
2376,2377,42.26111741393187,,False
2376,2375,41.04753649816372,,False
2377,2376,42.26111741393187,,False
2377,2385,3.624462427221856,,False
2378,2379,2.583533006966064,,False
2378,2395,2.429294985727795,,False
2379,2380,4.532908767818776,,False
2379,2378,2.583533006966064,,False
2380,2381,5.61965638106865,,False
2380,2379,4.532908767818776,,False
2380,2761,11.03403282918554,,False
2381,2382,54.651000147179694,,False
2381,2380,5.61965638106865,,False
2382,1134,13.248748307622892,,False
2382,2381,54.651000147179694,,False
2383,2373,27.90906392326185,,False
2383,2372,1.168541101970891,,False
2383,1132,3.39160233648565,,False
2384,672,8.277294475825299,,False
2384,1132,28.309210559104667,,False
2384,2373,2.709840450539829,,False
2384,2367,5.723847583300516,,False
2385,2386,2.964098517767967,,False
2385,2377,3.624462427221856,,False
2386,2735,6.086771701106467,,False
2386,2385,2.964098517767967,,False
2387,2388,2.3175630230294835,,False
2387,2735,21.525452869973726,,False
2387,2736,2.455951954389607,,False
2388,2389,2.2246620298165625,,False
2388,2387,2.3175630230294835,,False
2389,2388,2.2246620298165625,,False
2389,2369,73.50962907671318,,False
2390,2391,2.0770517081544693,,False
2390,1133,1.6227698683861134,,False
2391,2734,1.5905733589208575,,False
2391,2390,2.0770517081544693,,False
2392,2393,2.49543934149518,,False
2392,2757,11.11369971595218,,False
2392,2737,2.602836142725687,,False
2393,2396,2.305326291225382,,False
2393,2392,2.49543934149518,,False
2394,2395,2.0994022841997086,,False
2394,2396,2.206935093625784,,False
2395,2378,2.429294985727795,,False
2395,2394,2.0994022841997086,,False
2396,2394,2.206935093625784,,False
2396,2393,2.305326291225382,,False
2397,1702,20.70199878182387,Ngách 2 Ngõ 4A Đặng Văn Ngữ,False
2398,371,6.509934780094454,Phố Nguyễn Ngọc Doãn,False
2398,3177,12.090347812960504,Phố Nguyễn Ngọc Doãn,False
2399,762,12.257462282252028,,False
2399,761,4.835903173897294,,False
2399,764,9.682081113567978,,False
2400,763,2.277745046266382,,False
2400,129,4.222798427750455,,False
2401,2665,6.256983476120246,Ngõ 123 Khương Thượng,False
2401,701,18.541371098554936,Ngõ 123 Khương Thượng,False
2402,700,36.70555456116514,Ngõ 123 Khương Thượng,False
2402,2665,11.432302341411322,Ngõ 123 Khương Thượng,False
2402,2403,38.6111224290329,Ngách 123/2 Phố Khương Thượng,False
2403,2404,4.59292212375611,Ngách 123/2 Phố Khương Thượng,False
2403,2402,38.6111224290329,Ngách 123/2 Phố Khương Thượng,False
2404,2405,3.778170266911277,Ngách 123/2 Phố Khương Thượng,False
2404,2403,4.59292212375611,Ngách 123/2 Phố Khương Thượng,False
2405,2406,2.699118394446263,Ngách 123/2 Phố Khương Thượng,False
2405,2404,3.778170266911277,Ngách 123/2 Phố Khương Thượng,False
2406,2405,2.699118394446263,Ngách 123/2 Phố Khương Thượng,False
2407,2408,1.4812242258156676,,False
2407,3019,2.269151762866144,,False
2408,2409,1.9290710354712848,,False
2408,2407,1.4812242258156676,,False
2409,2410,17.281885461632047,,False
2409,2408,1.9290710354712848,,False
2410,2426,9.39492453679363,,False
2410,2409,17.281885461632047,,False
2411,2412,31.58000250019069,,False
2411,2427,5.094596656963336,,False
2412,2428,4.277243651027987,,False
2412,2411,31.58000250019069,,False
2413,2414,15.023750844448752,,False
2413,2428,40.278191087625935,,False
2414,2415,32.47884278877613,,False
2414,2413,15.023750844448752,,False
2415,2416,30.409086287486232,,False
2415,2414,32.47884278877613,,False
2416,2417,24.05001887896673,,False
2416,2415,30.409086287486232,,False
2417,2429,7.044441136223617,,False
2417,2416,24.05001887896673,,False
2418,2430,8.47931209674628,,False
2418,2429,18.36302601931973,,False
2419,2432,21.953896313030725,,False
2419,2431,7.523472115780355,,False
2420,2425,19.624455743428403,,False
2420,2432,18.35521052990634,,False
2421,2422,2.224296407689486,,False
2421,2425,1.8379502492336872,,False
2422,2423,2.141920502638323,,False
2422,2421,2.224296407689486,,False
2423,2424,2.806331300392061,,False
2423,2422,2.141920502638323,,False
2424,2423,2.806331300392061,,False
2425,2421,1.8379502492336872,,False
2425,2420,19.624455743428403,,False
2426,889,27.78186234191103,Ngõ 155 Phố Tây Sơn,False
2426,890,5.925951155403576,Ngõ 155 Phố Tây Sơn,False
2426,2427,19.13363754157428,,False
2426,2410,9.39492453679363,,False
2427,732,37.26652189321323,Ngõ 157 Tây Sơn,False
2427,734,5.873516896139575,Ngõ 157 Tây Sơn,False
2427,2411,5.094596656963336,,False
2427,2426,19.13363754157428,,False
2428,743,5.325674043711503,Ngõ 119 Tây Sơn,False
2428,742,25.7865198190234,Ngõ 119 Tây Sơn,False
2428,2413,40.278191087625935,,False
2428,2412,4.277243651027987,,False
2429,3230,25.33244303599015,Ngõ 61 Phố Tây Sơn,False
2429,888,4.336027942122192,Ngõ 61 Phố Tây Sơn,False
2429,2418,18.36302601931973,,False
2429,2417,7.044441136223617,,False
2430,891,23.03348661129596,,False
2430,892,4.608327150442865,,False
2430,2431,16.532049721642085,,False
2430,2418,8.47931209674628,,False
2431,558,47.803678125858085,Ngõ 35 Phố Tây Sơn,False
2431,2419,7.523472115780355,,False
2431,2430,16.532049721642085,,False
2432,741,14.575177503544834,Ngõ 21 Phố Tây Sơn,False
2432,2420,18.35521052990634,,False
2432,2419,21.953896313030725,,False
2433,2014,43.46619672096882,,False
2433,1994,14.473653110909597,,False
2433,2434,4.028080682055134,,False
2434,1280,15.794163467937135,Phố Đặng Văn Ngữ,False
2434,3346,9.919858985032027,Phố Đặng Văn Ngữ,False
2434,2433,4.028080682055134,,False
2434,2034,4.094213264298221,,False
2435,2004,2.0305989277087706,,False
2435,2019,20.054780256022266,,False
2435,862,4.420736738440241,,False
2436,2052,19.824514649997862,,False
2436,2025,6.552475630388256,,False
2436,862,4.2910667725201845,,False
2437,2438,13.684309777076898,,False
2438,2439,3.595165022349332,,False
2438,2437,13.684309777076898,,False
2439,2440,6.579739428319932,,False
2439,2438,3.595165022349332,,False
2440,864,14.002064840310345,Ngõ 75 Phố Đặng Văn Ngữ,False
2440,910,25.697078118932897,Ngõ 75 Phố Đặng Văn Ngữ,False
2440,2439,6.579739428319932,,False
2441,2442,32.391127888764466,,False
2441,2443,6.071473446219326,,False
2442,777,5.586362283939099,,False
2442,2441,32.391127888764466,,False
2443,933,3.575421078890077,,True
2443,1825,12.064952417172911,,False
2443,2441,6.071473446219326,,False
2444,2445,6.472969198233443,Ngách 82 Ngõ 72 Phố Tôn Thất Tùng,False
2444,937,15.053188637780677,Ngách 82 Ngõ 72 Phố Tôn Thất Tùng,False
2445,2446,10.47661711885077,Ngách 82 Ngõ 72 Phố Tôn Thất Tùng,False
2445,2444,6.472969198233443,Ngách 82 Ngõ 72 Phố Tôn Thất Tùng,False
2446,2447,24.18223220312813,Ngách 82 Ngõ 72 Phố Tôn Thất Tùng,False
2446,2445,10.47661711885077,Ngách 82 Ngõ 72 Phố Tôn Thất Tùng,False
2447,2446,24.18223220312813,Ngách 82 Ngõ 72 Phố Tôn Thất Tùng,False
2448,1234,14.858273588530182,,False
2448,2449,14.793095088110062,,False
2449,2448,14.793095088110062,,False
2449,1233,11.596234128187502,,False
2450,1107,7.5587250548125775,,False
2450,2183,17.399766244821805,,False
2450,2182,17.875615000239875,,False
2451,989,7.837746574353139,Ngõ 46A Phố Phạm Ngọc Thạch,False
2451,2453,26.083493345097992,Ngõ 46A Phố Phạm Ngọc Thạch,False
2451,2452,31.88367995694617,Ngách 1 Ngõ 46 Phố Phạm Ngọc Thạch,False
2452,596,13.511644092062213,Ngách 1 Ngõ 46 Phố Phạm Ngọc Thạch,False
2452,2451,31.88367995694617,Ngách 1 Ngõ 46 Phố Phạm Ngọc Thạch,False
2453,2451,26.083493345097992,Ngõ 46A Phố Phạm Ngọc Thạch,False
2453,606,6.557547913214799,Ngõ 46A Phố Phạm Ngọc Thạch,False
2453,2454,77.22979759777793,,False
2454,597,23.128779277987853,Ngõ 46 Phố Phạm Ngọc Thạch,False
2454,1287,9.166545304893251,Ngõ 46 Phố Phạm Ngọc Thạch,False
2454,2453,77.22979759777793,,False
2455,784,10.358874902507404,,False
2455,1774,10.584753218279191,,False
2456,1052,3.58148518333033,,False
2456,1044,12.678114507111152,,False
2457,205,47.40693094303822,Ngõ 4C Phố Đặng Văn Ngữ,False
2457,2014,35.04127826616136,Ngõ 4C Phố Đặng Văn Ngữ,False
2458,2459,4.379409561095822,Ngõ 47 Phố Đặng Văn Ngữ,False
2458,2051,34.118074687577376,Ngõ 47 Phố Đặng Văn Ngữ,False
2459,2458,4.379409561095822,Ngõ 47 Phố Đặng Văn Ngữ,False
2459,866,9.655861949689744,Ngõ 40 Phố Nguyễn Ngọc Doãn,False
2459,2460,18.83130878804391,Ngõ 40 Phố Nguyễn Ngọc Doãn,False
2460,2459,18.83130878804391,Ngõ 40 Phố Nguyễn Ngọc Doãn,False
2461,1327,22.9009799747358,,False
2461,2462,5.643620478652236,,False
2462,2461,5.643620478652236,,False
2462,1602,5.43162945282875,,False
2463,1356,17.330631640162284,Ngõ 102 Trường Chinh,False
2463,366,13.424622493427403,Ngõ 102 Trường Chinh,False
2463,1512,12.918738422577029,,False
2464,2205,17.37958865767994,,False
2464,2836,70.13729903133645,,False
2464,2465,6.69241802409013,,False
2465,2834,69.99872325654937,Đường Trường Chinh,True
2465,2464,6.69241802409013,,False
2466,496,30.53730476142937,Đường Trường Chinh,True
2467,2466,13.822527392839165,Đường Trường Chinh,True
2468,881,60.71450483799325,Đường Trường Chinh,True
2469,1570,5.472103523699676,,False
2469,1078,6.356863504604643,,False
2470,855,48.24478950834848,Phố Phạm Ngọc Thạch,True
2471,1054,14.3963188149099,,False
2471,1044,10.451519337786442,,False
2472,2473,7.669140494447248,Ngách 53 Ngõ 41 Phố Đông Tác,False
2472,1594,11.23002269165491,Ngách 53 Ngõ 41 Phố Đông Tác,False
2473,2472,7.669140494447248,Ngách 53 Ngõ 41 Phố Đông Tác,False
2475,1334,13.129214223478828,,False
2475,2476,14.433015638725283,,False
2476,2475,14.433015638725283,,False
2476,152,20.02618156506581,,False
2477,3518,46.96004689076056,,False
2477,275,2.758287687881702,,False
2478,372,6.391552450337612,,False
2478,3577,6.514014293660571,,False
2479,907,85.55320191358908,Ngõ 592 Trường Chinh,False
2479,1667,15.746167848933226,Ngõ 592 Trường Chinh,False
2479,2480,20.34738820130416,Ngách 75 Ngõ 592 Đường Trường Chinh,False
2480,2479,20.34738820130416,Ngách 75 Ngõ 592 Đường Trường Chinh,False
2481,2486,33.38167323027082,Ngách 592/29 Đường Trường Chinh,False
2481,2487,10.635256237957927,Ngách 592/29 Đường Trường Chinh,False
2482,1667,17.392868851483,,False
2482,1404,20.24471691710708,,False
2483,1080,17.01253162217601,Ngõ 592 Trường Chinh,False
2483,2484,8.649583531052148,Ngõ 592 Trường Chinh,False
2484,2483,8.649583531052148,Ngõ 592 Trường Chinh,False
2484,3489,19.05460976886699,Ngõ 592 Trường Chinh,False
2484,2485,22.039623479073907,Ngách 13 Ngõ 592 Đường Trường Chinh,False
2485,2484,22.039623479073907,Ngách 13 Ngõ 592 Đường Trường Chinh,False
2486,2481,33.38167323027082,Ngách 592/29 Đường Trường Chinh,False
2487,2481,10.635256237957927,Ngách 592/29 Đường Trường Chinh,False
2487,907,18.093961559320967,Ngách 592/29 Đường Trường Chinh,False
2488,2489,4.708987214163983,Ngõ 592 Trường Chinh,False
2488,1080,5.899681895548472,Ngõ 592 Trường Chinh,False
2488,417,15.881998769143516,Đường Trường Chinh,True
2489,1085,6.450787661575604,Ngõ 592 Trường Chinh,False
2489,2488,4.708987214163983,Ngõ 592 Trường Chinh,False
2489,417,15.180740297698556,Đường Vành đai 2,True
2490,530,24.52721408800489,,False
2490,540,32.01383916094775,,False
2491,2492,5.5548143678738215,,False
2491,2512,7.377222866763101,,False
2492,2493,41.79928040447005,,False
2492,2491,5.5548143678738215,,False
2493,2494,20.50207493146992,,False
2493,2492,41.79928040447005,,False
2494,2495,45.38877592234861,,False
2494,2493,20.50207493146992,,False
2495,2494,45.38877592234861,,False
2496,1412,12.554697671220351,,False
2496,1413,15.435477255471843,,False
2497,185,3.988897940716455,,True
2498,1334,7.688209695429078,,False
2499,284,5.008753003012791,Ngõ 12 Chùa Bộc,True
2500,2501,3.308837036638782,Ngõ 12 Chùa Bộc,True
2501,3565,0.9906526394240888,Ngõ 12 Chùa Bộc,True
2501,2506,7.746103128990786,,False
2502,2506,51.89459196800396,Ngõ 65 Phố Nguyễn Ngọc Doãn,False
2502,1548,4.625152545351573,Ngõ 65 Phố Nguyễn Ngọc Doãn,False
2502,2507,4.543467640977086,Ngách 12/2 Phố Chùa Bộc,False
2503,3519,2.0329632790134577,Ngách 12/2 Phố Chùa Bộc,False
2503,2507,11.433847614673384,Ngách 12/2 Phố Chùa Bộc,False
2504,2505,15.452040164550558,Ngách 12/2 Phố Chùa Bộc,False
2505,2504,15.452040164550558,Ngách 12/2 Phố Chùa Bộc,False
2505,3519,4.696718867663061,Ngách 12/2 Phố Chùa Bộc,False
2506,2499,3.231810454759471,Ngõ 12 Chùa Bộc,True
2506,2502,51.89459196800396,Ngõ 65 Phố Nguyễn Ngọc Doãn,False
2506,2501,7.746103128990786,,False
2507,2503,11.433847614673384,Ngách 12/2 Phố Chùa Bộc,False
2507,2502,4.543467640977086,Ngách 12/2 Phố Chùa Bộc,False
2508,944,11.391719088322848,Ngõ 354 Đường Trường Chinh,False
2508,943,30.61746347197769,Ngõ 354 Đường Trường Chinh,False
2508,2510,13.637689364796143,Ngõ 354 Đường Trường Chinh,False
2509,2179,14.233978183177344,Đường Trường Chinh,True
2509,2510,7.956871156008395,Ngõ 354 Đường Trường Chinh,False
2510,2186,2.5966237934826037,,False
2510,2185,19.31041577292619,,False
2510,2509,7.956871156008395,Ngõ 354 Đường Trường Chinh,False
2510,2508,13.637689364796143,Ngõ 354 Đường Trường Chinh,False
2511,2197,4.499199824575801,Ngõ 390 Trường Chinh,False
2511,475,8.2084317898984,Ngõ 390 Trường Chinh,False
2511,2178,10.097746803172855,Ngõ 354 Đường Trường Chinh,False
2512,2491,7.377222866763101,,False
2512,2513,6.9886982157018975,,False
2513,724,53.84394524204857,Ngõ 15- Phương Mai,False
2513,272,32.40023560278535,Ngõ 15- Phương Mai,False
2513,2512,6.9886982157018975,,False
2514,1102,8.742813442259564,Phố Đặng Văn Ngữ,False
2514,35,5.780843911820834,Phố Đặng Văn Ngữ,False
2515,438,54.54356981799357,,False
2515,2527,57.03147846077453,,False
2516,2525,0.9250955369778504,Ngõ 43 Phố Chùa Bộc,False
2516,2526,1.786110406024725,Ngõ 43 Phố Chùa Bộc,False
2517,2518,3.959953310654659,Ngõ 43 Phố Chùa Bộc,False
2517,2525,1.1807056913321112,Ngõ 43 Phố Chùa Bộc,False
2518,2519,3.0146661512776296,Ngõ 43 Phố Chùa Bộc,False
2518,2517,3.959953310654659,Ngõ 43 Phố Chùa Bộc,False
2519,2520,1.6338386805147365,Ngõ 43 Phố Chùa Bộc,False
2519,2518,3.0146661512776296,Ngõ 43 Phố Chùa Bộc,False
2520,2524,0.8477946654399711,Ngõ 43 Phố Chùa Bộc,False
2520,2519,1.6338386805147365,Ngõ 43 Phố Chùa Bộc,False
2521,2522,1.7174996605318542,Ngõ 43 Phố Chùa Bộc,False
2521,2524,0.7741532872734429,Ngõ 43 Phố Chùa Bộc,False
2522,2523,15.043958620876884,Ngõ 43 Phố Chùa Bộc,False
2522,2521,1.7174996605318542,Ngõ 43 Phố Chùa Bộc,False
2523,2522,15.043958620876884,Ngõ 43 Phố Chùa Bộc,False
2523,456,6.092195685554937,Phố Tam Khương,False
2523,1397,25.52235203653435,Phố Tam Khương,False
2524,2521,0.7741532872734429,Ngõ 43 Phố Chùa Bộc,False
2524,2520,0.8477946654399711,Ngõ 43 Phố Chùa Bộc,False
2525,2517,1.1807056913321112,Ngõ 43 Phố Chùa Bộc,False
2525,2516,0.9250955369778504,Ngõ 43 Phố Chùa Bộc,False
2526,2516,1.786110406024725,Ngõ 43 Phố Chùa Bộc,False
2526,120,1.7807631231244545,Ngõ 43 Phố Chùa Bộc,False
2527,2515,57.03147846077453,,False
2527,2528,6.3051325361307295,,False
2528,2527,6.3051325361307295,,False
2529,159,56.92861129082517,Phố Phạm Ngọc Thạch,True
2530,2799,48.96043201968409,,False
2530,2531,11.321333897522916,,False
2531,2530,11.321333897522916,,False
2531,2532,3.607734606500474,,False
2532,2531,3.607734606500474,,False
2532,2533,4.296033507812527,,False
2533,2532,4.296033507812527,,False
2533,1212,6.815711878953868,,False
2534,1204,3.46717218270668,,False
2534,1225,5.56576413638221,,False
2535,2653,9.426642696827182,,False
2535,1063,7.196209982631528,,False
2536,793,15.550653374568002,Phố Chùa Bộc,True
2537,122,23.038407807520088,Phố Chùa Bộc,True
2538,2084,6.679574016627488,Cầu vượt nút giao Chùa Bộc - Phạm Ngọc Thạch,False
2538,2083,6.150807430078418,Cầu vượt nút giao Chùa Bộc - Phạm Ngọc Thạch,False
2539,2536,5.039135369372971,Phố Chùa Bộc,True
2539,2540,15.36847878248986,,False
2540,80,27.4658948480738,Phố Chùa Bộc,True
2540,2539,15.36847878248986,,False
2541,2542,7.783775104000631,Phố Phạm Ngọc Thạch,True
2542,14,8.953035233085442,Phố Phạm Ngọc Thạch,True
2543,2540,6.317334092927984,Phố Chùa Bộc,True
2544,2651,3.697345135553616,Phố Chùa Bộc,True
2545,2087,3.41535341249458,Cầu vượt nút giao Chùa Bộc - Phạm Ngọc Thạch,False
2545,2086,4.5470069152125605,Cầu vượt nút giao Chùa Bộc - Phạm Ngọc Thạch,False
2546,1418,21.15896860122386,Hẻm 34 Ngách 137 Ngõ 354 Trường Chinh,False
2547,460,40.42958004378647,,False
2548,1415,12.589459613194313,Hẻm 21 Ngách 137 Ngõ 354 Trường Chinh,False
2548,2549,10.566104513654604,Hẻm 21 Ngách 137 Ngõ 354 Trường Chinh,False
2549,2548,10.566104513654604,Hẻm 21 Ngách 137 Ngõ 354 Trường Chinh,False
2550,1415,21.530787101927253,Ngách 354/137 Trường Chinh,False
2550,2551,13.660976672653456,Ngách 137 Ngõ 354 Trường Chinh,False
2550,1420,11.833847265364414,Ngách 137 Ngõ 354 Trường Chinh,False
2551,2552,16.741981213647996,Ngách 137 Ngõ 354 Trường Chinh,False
2551,2550,13.660976672653456,Ngách 137 Ngõ 354 Trường Chinh,False
2552,1416,3.351313748114949,Ngách 137 Ngõ 354 Trường Chinh,False
2552,2551,16.741981213647996,Ngách 137 Ngõ 354 Trường Chinh,False
2553,1419,5.920649644475969,Hẻm 34 Ngách 137 Ngõ 354 Trường Chinh,False
2553,1420,16.18867271510623,Hẻm 34 Ngách 137 Ngõ 354 Trường Chinh,False
2553,2554,9.548758906023586,,False
2554,2553,9.548758906023586,,False
2555,1444,14.93907803097529,,False
2556,2557,12.214640726157208,Hẻm 354/137/21 Đường Trường Chinh,False
2556,1445,14.3854414412735,Hẻm 354/137/21 Đường Trường Chinh,False
2557,2558,11.855127754807372,Hẻm 354/137/21 Đường Trường Chinh,False
2557,2556,12.214640726157208,Hẻm 354/137/21 Đường Trường Chinh,False
2558,2559,13.927633808942804,Hẻm 354/137/21 Đường Trường Chinh,False
2558,2557,11.855127754807372,Hẻm 354/137/21 Đường Trường Chinh,False
2559,2560,24.840518604949843,Hẻm 354/137/21 Đường Trường Chinh,False
2559,2558,13.927633808942804,Hẻm 354/137/21 Đường Trường Chinh,False
2560,2561,8.067259853493965,Hẻm 354/137/21 Đường Trường Chinh,False
2560,2559,24.840518604949843,Hẻm 354/137/21 Đường Trường Chinh,False
2561,2562,19.15548961338508,Hẻm 354/137/21 Đường Trường Chinh,False
2561,2560,8.067259853493965,Hẻm 354/137/21 Đường Trường Chinh,False
2562,2561,19.15548961338508,Hẻm 354/137/21 Đường Trường Chinh,False
2563,2624,17.58011890814966,Ngách 17 Ngõ 167 Phương Mai,False
2564,549,10.451902433501155,,False
2564,1000,13.421419572023018,,False
2564,2565,22.90939907598825,,False
2565,2564,22.90939907598825,,False
2566,2567,30.188700736522847,,False
2567,1000,5.386685574373156,,False
2567,61,14.279028905948662,,False
2567,2566,30.188700736522847,,False
2569,2570,4.184865328083479,,False
2569,1503,3.856944163895677,,False
2570,2571,25.898851663652135,,False
2570,2569,4.184865328083479,,False
2571,2572,6.500437473636084,,False
2571,2570,25.898851663652135,,False
2572,2573,5.7884516381320354,,False
2572,2571,6.500437473636084,,False
2573,2574,5.641218150914093,,False
2573,2572,5.7884516381320354,,False
2574,2575,25.62547925083396,,False
2574,2573,5.641218150914093,,False
2575,539,5.139383806114782,,False
2575,2574,25.62547925083396,,False
2576,1505,41.70395647857175,,False
2576,403,38.20708768481471,,False
2576,2580,7.153361188211248,,False
2577,1505,12.743169098612844,,False
2577,532,46.2057008768323,,False
2577,2578,32.95822281594889,,False
2578,2579,5.112906442769972,,False
2578,2577,32.95822281594889,,False
2579,2580,4.335502950523336,,False
2579,2578,5.112906442769972,,False
2580,2576,7.153361188211248,,False
2580,2579,4.335502950523336,,False
2581,216,18.25823274769975,,False
2581,217,45.35647465105994,,False
2581,2584,6.747907577958508,,False
2582,2583,18.19822240529257,,False
2582,2591,2.738971887854442,,False
2583,2593,10.451716395518392,,False
2583,2582,18.19822240529257,,False
2583,2589,15.460649533772626,,False
2584,215,33.82269287510193,,False
2584,2581,6.747907577958508,,False
2584,2586,13.845192902056612,,False
2585,214,4.774469052434318,,False
2585,216,6.780072999017252,,False
2585,2586,6.416636537484315,,False
2586,2585,6.416636537484315,,False
2586,2584,13.845192902056612,,False
2586,2590,33.72547992718628,,False
2587,2588,2.637134886097696,,False
2587,2590,25.24974030702746,,False
2588,2589,3.624529570255248,,False
2588,2587,2.637134886097696,,False
2589,2583,15.460649533772626,,False
2589,2588,3.624529570255248,,False
2590,215,14.625469562218376,,False
2590,1020,7.551972905610739,,False
2590,2587,25.24974030702746,,False
2590,2586,33.72547992718628,,False
2591,2582,2.738971887854442,,False
2591,215,8.89454800451576,,False
2591,2599,21.55016979442232,,False
2592,217,49.620512994668495,,False
2592,218,6.519180366813349,,False
2592,2601,9.440742269876914,,False
2593,2594,4.014849333184244,,False
2593,2583,10.451716395518392,,False
2594,2595,3.7410613323012702,,False
2594,2593,4.014849333184244,,False
2595,2596,7.229223420037711,,False
2595,2594,3.7410613323012702,,False
2596,2597,4.977798635917485,,False
2596,2595,7.229223420037711,,False
2596,2600,9.981666309590858,,False
2597,2598,36.20772263932413,,False
2597,2596,4.977798635917485,,False
2598,2597,36.20772263932413,,False
2599,2601,13.076875598638056,,False
2599,2591,21.55016979442232,,False
2599,2600,29.42008133400341,,False
2600,2596,9.981666309590858,,False
2600,2599,29.42008133400341,,False
2601,2592,9.440742269876914,,False
2601,2599,13.076875598638056,,False
2601,2602,76.48665153534154,,False
2602,2610,4.245789346735655,,False
2602,2601,76.48665153534154,,False
2603,2604,10.59119427228934,,False
2603,1499,11.748825061766048,,False
2604,2605,13.559047170255358,,False
2604,2603,10.59119427228934,,False
2605,2606,16.9881496127451,,False
2605,2604,13.559047170255358,,False
2606,2607,4.153075340765723,,False
2606,2605,16.9881496127451,,False
2607,2608,4.483116786936493,,False
2607,2606,4.153075340765723,,False
2608,2609,32.296158366099064,,False
2608,2607,4.483116786936493,,False
2609,2610,5.296047300165323,,False
2609,2608,32.296158366099064,,False
2610,2602,4.245789346735655,,False
2610,2609,5.296047300165323,,False
2611,2612,12.924375323333608,,False
2611,1499,33.00218846678656,,False
2612,2613,5.520831410805874,,False
2612,2611,12.924375323333608,,False
2613,313,12.05769291728695,,False
2613,2612,5.520831410805874,,False
2614,498,7.20432307835635,,False
2614,2827,5.9747143916681456,,False
2614,2208,16.47137762556635,,False
2614,2207,4.248579532286595,,False
2615,293,32.2677314199986,Ngõ 24 Giải Phóng,False
2615,658,35.31196387387396,,False
2616,1686,5.7531555313359215,,False
2616,1687,14.251248902855552,,False
2617,2927,34.38562303871185,Ngách 10 Ngõ 135 Phương Mai,False
2618,2624,14.461229818110883,Ngách 17 Ngõ 167 Phương Mai,False
2618,2623,2.514666340829445,Ngách 17 Ngõ 167 Phương Mai,False
2619,2621,11.776454035709612,Ngõ 167 Phố Phương Mai,False
2619,2620,6.637688021481467,Ngõ 167 Phố Phương Mai,False
2620,2619,6.637688021481467,Ngõ 167 Phố Phương Mai,False
2620,2633,3.862681614015668,Ngõ 167 Phố Phương Mai,False
2620,2635,6.178863466341845,Ngách 31 Ngõ 167 Phương Mai,False
2621,2632,6.660001793284588,Ngõ 167 Phố Phương Mai,False
2621,2619,11.776454035709612,Ngõ 167 Phố Phương Mai,False
2621,2634,9.55766426653678,,False
2622,2623,2.7546241606616992,Ngách 17 Ngõ 167 Phương Mai,False
2622,1357,3.1782454988062967,Ngách 17 Ngõ 167 Phương Mai,False
2623,2618,2.514666340829445,Ngách 17 Ngõ 167 Phương Mai,False
2623,2622,2.7546241606616992,Ngách 17 Ngõ 167 Phương Mai,False
2624,2563,17.58011890814966,Ngách 17 Ngõ 167 Phương Mai,False
2624,2618,14.461229818110883,Ngách 17 Ngõ 167 Phương Mai,False
2624,2626,38.50113252801497,,False
2625,2626,14.07180282557504,,False
2626,2625,14.07180282557504,,False
2626,2624,38.50113252801497,,False
2626,2926,15.772908734801192,,False
2627,2926,19.95584770619348,,False
2628,2629,4.4684200234301015,Ngách 167/19 Phố Phương Mai,False
2628,1357,14.233156209973531,Ngách 167/19 Phố Phương Mai,False
2629,2630,3.438940952206784,Ngách 167/19 Phố Phương Mai,False
2629,2628,4.4684200234301015,Ngách 167/19 Phố Phương Mai,False
2630,2631,42.87413463526415,Ngách 167/19 Phố Phương Mai,False
2630,2629,3.438940952206784,Ngách 167/19 Phố Phương Mai,False
2631,2630,42.87413463526415,Ngách 167/19 Phố Phương Mai,False
2632,1357,29.312318064848363,Ngõ 167 Phố Phương Mai,False
2632,2621,6.660001793284588,Ngõ 167 Phố Phương Mai,False
2633,2620,3.862681614015668,Ngõ 167 Phố Phương Mai,False
2633,1358,3.0531789286290585,Ngõ 167 Phố Phương Mai,False
2634,2621,9.55766426653678,,False
2635,2636,4.007371527277621,Ngách 31 Ngõ 167 Phương Mai,False
2635,2620,6.178863466341845,Ngách 31 Ngõ 167 Phương Mai,False
2636,2637,5.877540843282128,Ngách 31 Ngõ 167 Phương Mai,False
2636,2635,4.007371527277621,Ngách 31 Ngõ 167 Phương Mai,False
2637,2636,5.877540843282128,Ngách 31 Ngõ 167 Phương Mai,False
2638,1358,11.092744198836744,Ngách 33 Ngõ 167 Phương Mai,False
2639,2640,20.347599832812566,Ngách 167/35 Phố Phương Mai,False
2640,1358,7.570672176685238,Ngõ 167 Phố Phương Mai,False
2640,1359,15.999266155235434,Ngõ 167 Phố Phương Mai,False
2640,2639,20.347599832812566,Ngách 167/35 Phố Phương Mai,False
2641,2642,3.36462455025243,,False
2641,1359,3.339129666138932,,False
2642,2643,6.414648734139133,,False
2642,2641,3.36462455025243,,False
2643,2644,8.305760425425976,,False
2643,2642,6.414648734139133,,False
2644,406,55.83907516402259,Ngõ 28A Phố Lương Định Của,False
2644,1744,60.40729552512353,Ngõ 28A Phố Lương Định Của,False
2644,2643,8.305760425425976,,False
2645,2646,9.854528629322967,,False
2646,1359,32.48339928067726,Ngõ 167 Phố Phương Mai,False
2646,2647,35.99534885554293,Ngõ 167 Phố Phương Mai,False
2646,2645,9.854528629322967,,False
2647,354,13.34703610284865,Ngõ 41 Phố Đông Tác,False
2647,355,71.19658567188205,Ngõ 41 Phố Đông Tác,False
2647,2646,35.99534885554293,Ngõ 167 Phố Phương Mai,False
2648,510,27.41335562469031,Ngõ 102 Trường Chinh,False
2648,1356,18.10655500422308,Ngõ 102 Trường Chinh,False
2648,2920,28.508514390367463,,False
2649,2919,33.83271891342583,,False
2650,1268,38.7327993379278,,False
2650,3506,24.32830863130318,,False
2650,1276,28.93118294628886,,False
2651,2539,10.423034430609205,Phố Chùa Bộc,True
2651,2653,7.096368752580893,,False
2652,2653,24.72226735137119,,False
2653,1064,3.665197353078936,,False
2653,2535,9.426642696827182,,False
2653,2652,24.72226735137119,,False
2653,2651,7.096368752580893,,False
2654,2656,7.900201942884434,,False
2654,2657,14.993740906510473,Phố Tôn Thất Tùng,False
2654,446,4.946571301611802,Phố Tôn Thất Tùng,False
2655,2656,65.71871284117327,,False
2656,2167,11.703574636299102,,False
2656,2659,15.0756526104392,,False
2656,2655,65.71871284117327,,False
2656,2654,7.900201942884434,,False
2657,2659,7.855163409058604,,False
2657,2161,18.411379587972352,Phố Tôn Thất Tùng,False
2657,2654,14.993740906510473,Phố Tôn Thất Tùng,False
2658,2659,66.62001414690936,,False
2659,2656,15.0756526104392,,False
2659,2108,9.2960364573927,,False
2659,2658,66.62001414690936,,False
2659,2657,7.855163409058604,,False
2660,2666,5.240789328475263,,False
2660,700,4.850833153563716,,False
2661,2662,24.64879408241049,,False
2661,2666,12.174985351102327,,False
2662,2663,8.923321152385366,,False
2662,2661,24.64879408241049,,False
2663,2664,15.49929277617102,,False
2663,2662,8.923321152385366,,False
2664,2665,16.883180199377147,,False
2664,2663,15.49929277617102,,False
2665,2402,11.432302341411322,Ngõ 123 Khương Thượng,False
2665,2401,6.256983476120246,Ngõ 123 Khương Thượng,False
2665,2664,16.883180199377147,,False
2666,2661,12.174985351102327,,False
2666,2660,5.240789328475263,,False
2666,2667,11.326600956020354,,False
2667,2668,11.488172803430873,,False
2667,2666,11.326600956020354,,False
2668,2972,12.87599139914245,Phố Tam Khương,False
2668,1381,15.89591955921487,Phố Tam Khương,False
2668,2667,11.488172803430873,,False
2669,2670,9.930296514440151,Ngõ 46A Phố Phạm Ngọc Thạch,False
2669,1323,7.022323096369456,Ngõ 46A Phố Phạm Ngọc Thạch,False
2670,2671,16.121205918707442,Ngõ 46A Phố Phạm Ngọc Thạch,False
2670,2669,9.930296514440151,Ngõ 46A Phố Phạm Ngọc Thạch,False
2671,2792,20.92271138418662,Ngõ 46A Phố Phạm Ngọc Thạch,False
2671,2670,16.121205918707442,Ngõ 46A Phố Phạm Ngọc Thạch,False
2672,2676,1.453405266454491,Phố Chùa Bộc,True
2673,2674,59.0318533399112,Ngõ 231 Phố Chùa Bộc,False
2674,2675,37.42764239875847,Ngõ 231 Phố Chùa Bộc,False
2674,2673,59.0318533399112,Ngõ 231 Phố Chùa Bộc,False
2675,2677,17.308306401820868,Ngõ 231 Phố Chùa Bộc,False
2675,2674,37.42764239875847,Ngõ 231 Phố Chùa Bộc,False
2675,3461,17.386274955913496,Ngõ 231 Phố Chùa Bộc,False
2676,786,53.89405014041135,Phố Chùa Bộc,True
2676,2677,4.58330675507552,Ngõ 231 Phố Chùa Bộc,False
2677,1067,17.94669453349581,,False
2677,1066,34.59355129528909,,False
2677,2676,4.58330675507552,Ngõ 231 Phố Chùa Bộc,False
2677,2675,17.308306401820868,Ngõ 231 Phố Chùa Bộc,False
2678,2272,77.29626396620813,,False
2678,1067,36.12937915761218,,False
2678,3196,0.7954445143182822,Ngõ 203 Chùa Bộc,False
2678,786,4.766918951454581,Ngõ 203 Chùa Bộc,False
2679,542,23.806840256777797,,False
2679,1504,6.541245148888393,,False
2680,3423,32.17109010331602,Phố Xã Đàn,True
2680,1135,9.415502232527668,,False
2681,314,33.40303670818353,,False
2682,290,40.58881966604707,Phố Đặng Văn Ngữ,False
2682,36,16.735927408657812,Phố Đặng Văn Ngữ,False
2683,2364,1.6999466332682325,,False
2683,2785,26.89831385833364,,False
2684,2685,16.431230353476582,,False
2684,1053,5.163779743490705,,False
2685,1055,46.92130296050343,,False
2685,2684,16.431230353476582,,False
2686,1060,7.458764618209989,,False
2686,1059,46.912643552880525,,False
2687,2690,6.531879741646471,,False
2687,2694,39.61703774712339,,False
2687,2695,42.502974461094304,,False
2687,2691,16.84663958677499,,False
2688,2694,27.939259222276178,,False
2689,2695,110.58442860854692,,False
2690,2687,6.531879741646471,,False
2690,1056,42.600180631147545,,False
2691,638,0.9861295599775494,,False
2691,1101,1.4914649447990915,,False
2691,2687,16.84663958677499,,False
2692,2700,40.746969140797326,,False
2692,2697,21.37481676515183,,False
2693,632,39.28224149811972,,False
2693,2698,20.78519035708928,,False
2694,2688,27.939259222276178,,False
2694,2687,39.61703774712339,,False
2694,2698,24.84036869086625,,False
2695,2687,42.502974461094304,,False
2695,2689,110.58442860854692,,False
2695,2697,23.557355355244848,,False
2696,643,1.157226774677775,,False
2696,644,1.1242490947831163,,False
2696,2697,35.914312956840284,,False
2697,2695,23.557355355244848,,False
2697,2692,21.37481676515183,,False
2697,2696,35.914312956840284,,False
2698,2694,24.84036869086625,,False
2698,2693,20.78519035708928,,False
2698,1094,31.689908956889244,,False
2699,1095,2.4746399806429897,,False
2699,1094,0.4614342979895975,,False
2700,632,1.7759304625863217,,False
2700,2692,40.746969140797326,,False
2700,2701,3.482300687688316,,False
2701,2702,17.04062197355796,,False
2701,2700,3.482300687688316,,False
2702,2701,17.04062197355796,,False
2702,678,6.533266502783065,,False
2703,2704,2.632195281250956,,False
2703,291,3.010678530929291,,False
2704,288,2.1452551126766743,,False
2704,2703,2.632195281250956,,False
2705,765,6.152250299451219,,False
2706,775,2.97246341138724,,False
2706,765,2.908885613837432,,False
2707,1291,18.63769574832942,Phố Xã Đàn,True
2707,3365,9.31063088688818,Ngõ 29 Phố Xã Đàn,False
2708,1313,44.24351032639884,Ngõ 29 Phố Xã Đàn,False
2708,2709,8.369427890021948,Ngõ 29 Phố Xã Đàn,False
2709,2708,8.369427890021948,Ngõ 29 Phố Xã Đàn,False
2709,3365,10.372601835350888,Ngõ 29 Phố Xã Đàn,False
2710,1292,10.678943853526295,Ngõ 27 Phố Xã Đàn,False
2710,598,36.021880035754535,Ngõ 27 Phố Xã Đàn,False
2711,1566,15.693044216342429,Ngõ 27 Phố Xã Đàn,False
2711,1292,10.050258589975412,Ngõ 27 Phố Xã Đàn,False
2712,1315,9.496550259555342,Ngõ 46 Phố Phạm Ngọc Thạch,False
2712,600,6.906420738622573,Ngõ 46 Phố Phạm Ngọc Thạch,False
2713,2714,10.110436572489704,Ngõ 43 Xã Đàn,False
2714,2715,8.09892416467177,Ngõ 43 Xã Đàn,False
2714,2713,10.110436572489704,Ngõ 43 Xã Đàn,False
2715,3366,9.906001163340326,Ngõ 43 Xã Đàn,False
2715,2714,8.09892416467177,Ngõ 43 Xã Đàn,False
2716,2707,31.263816850866103,Phố Xã Đàn,True
2716,3366,9.781864770913169,Ngõ 43 Xã Đàn,False
2717,1700,23.3016736954324,Ngõ 4A Phố Đặng Văn Ngữ,False
2717,2718,11.511818277065805,Ngõ 4A Phố Đặng Văn Ngữ,False
2718,2717,11.511818277065805,Ngõ 4A Phố Đặng Văn Ngữ,False
2718,199,22.874052444609,Ngõ 4A Phố Đặng Văn Ngữ,False
2719,264,19.689768053544064,Ngõ 43 Phạm Ngọc Thạch,False
2719,1612,19.00923807900865,Ngõ 43 Phạm Ngọc Thạch,False
2719,2720,83.59289978523353,Ngõ B6 Phạm Ngọc Thạch,False
2720,670,5.517599933282826,Ngõ 21 Phạm Ngọc Thạch,False
2720,1613,18.587831422404864,Ngõ 21 Phạm Ngọc Thạch,False
2720,2719,83.59289978523353,Ngõ B6 Phạm Ngọc Thạch,False
2721,2722,10.54579671594799,,False
2721,3384,10.423947706355998,,False
2722,1941,13.500679592678084,,False
2722,2721,10.54579671594799,,False
2723,1044,16.0012538174003,,False
2723,2724,42.21734678480689,,False
2723,429,18.77175645390391,,False
2724,2723,42.21734678480689,,False
2724,2725,25.293643101538624,,False
2725,429,58.4379479130328,,False
2725,2724,25.293643101538624,,False
2726,100,5.377151139799528,Phố Tây Sơn,True
2727,1113,16.587775947147097,Ngõ 4 Phố Đặng Văn Ngữ,False
2727,602,35.058098435807494,Ngõ 4 Phố Đặng Văn Ngữ,False
2728,1093,8.710797724216205,,False
2728,873,11.68675985170959,,False
2728,2733,4.206884149645074,,False
2729,2249,3.726435554751448,,False
2729,2248,3.106928422811017,,False
2730,2252,2.9727016470369305,,False
2730,2247,2.118324098971528,,False
2731,872,7.381273098840587,Phố Nam Đồng,False
2731,873,13.276361848937745,Phố Nam Đồng,False
2731,2733,17.103986266337284,,True
2732,2248,5.419445271760079,,False
2732,2252,9.790970990417552,,False
2732,2733,3.9724561947968247,,False
2733,871,14.718827859212956,,True
2733,2732,3.9724561947968247,,False
2733,2728,4.206884149645074,,False
2734,2757,10.39699139483998,,False
2734,2391,1.5905733589208575,,False
2734,2736,2.6410399798102246,,False
2735,2387,21.525452869973726,,False
2735,2386,6.086771701106467,,False
2735,2737,3.384235420844801,,False
2736,693,10.743806131359088,,False
2736,2737,21.513474415833027,,False
2736,2734,2.6410399798102246,,False
2736,2387,2.455951954389607,,False
2737,2736,21.513474415833027,,False
2737,10,18.834479560682897,,False
2737,2735,3.384235420844801,,False
2737,2392,2.602836142725687,,False
2738,2739,2.349472740152034,,False
2738,2756,2.2031701386249267,,False
2738,2760,43.24901101102428,,False
2739,2740,2.353358602050561,,False
2739,2738,2.349472740152034,,False
2740,2741,2.349746014829565,,False
2740,2739,2.353358602050561,,False
2741,2758,1.2576615259160446,,False
2741,2740,2.349746014829565,,False
2742,2743,2.2057729401224666,,False
2742,2750,2.353235937595171,,False
2742,2757,9.33850563063696,,False
2743,2744,2.1987190218552937,,False
2743,2742,2.2057729401224666,,False
2744,2745,2.2067216820400226,,False
2744,2743,2.1987190218552937,,False
2745,2751,2.203033788562254,,False
2745,2744,2.2067216820400226,,False
2746,2747,2.359212855967568,,False
2746,2758,1.0979149502774064,,False
2747,2748,2.3469151571056086,,False
2747,2746,2.359212855967568,,False
2748,2749,2.361335322850198,,False
2748,2747,2.3469151571056086,,False
2749,2750,2.34637030172261,,False
2749,2748,2.361335322850198,,False
2750,2742,2.353235937595171,,False
2750,2749,2.34637030172261,,False
2751,2761,0.7433932047553076,,False
2751,2745,2.203033788562254,,False
2752,2753,2.2052587180697603,,False
2752,2761,1.464141601526162,,False
2753,2754,2.2105507502005843,,False
2753,2752,2.2052587180697603,,False
2754,2755,2.208573676215694,,False
2754,2753,2.2105507502005843,,False
2755,2756,2.2038169736417808,,False
2755,2754,2.208573676215694,,False
2756,2738,2.2031701386249267,,False
2756,2755,2.2038169736417808,,False
2757,2392,11.11369971595218,,False
2757,2734,10.39699139483998,,False
2757,2742,9.33850563063696,,False
2758,2746,1.0979149502774064,,False
2758,2741,1.2576615259160446,,False
2758,2759,6.189021490412363,,False
2759,2760,48.40373505479643,,False
2759,1133,14.20081652143026,,False
2759,2758,6.189021490412363,,False
2760,1134,18.3623831687397,,False
2760,2759,48.40373505479643,,False
2760,2738,43.24901101102428,,False
2761,2752,1.464141601526162,,False
2761,2751,0.7433932047553076,,False
2761,2380,11.03403282918554,,False
2762,2763,2.8692961171111846,,False
2762,2780,2.799861357405651,,False
2762,2781,22.185562344392324,,False
2763,2764,2.862395966081391,,False
2763,2762,2.8692961171111846,,False
2764,2765,2.8688331599688643,,False
2764,2763,2.862395966081391,,False
2765,2766,2.872894783568608,,False
2765,2764,2.8688331599688643,,False
2766,2784,1.926633785773144,,False
2766,2765,2.872894783568608,,False
2767,2782,1.3128843339465446,,False
2767,2775,2.8688894922805237,,False
2768,2769,2.798946416143068,,False
2768,2782,1.4874554019305468,,False
2769,2770,2.798197284791806,,False
2769,2768,2.798946416143068,,False
2770,2771,2.7913478736266684,,False
2770,2769,2.798197284791806,,False
2771,2776,2.7938037155213657,,False
2771,2770,2.7913478736266684,,False
2772,2773,2.864326028742049,,False
2772,2784,0.9362148886888196,,False
2773,2774,2.868340375363976,,False
2773,2772,2.864326028742049,,False
2774,2775,2.8691907951702893,,False
2774,2773,2.868340375363976,,False
2775,2767,2.8688894922805237,,False
2775,2774,2.8691907951702893,,False
2776,2786,1.4190269152460335,,False
2776,2771,2.7938037155213657,,False
2777,2778,2.794679063698635,,False
2777,2786,1.3887037953688934,,False
2778,2779,2.791711595933492,,False
2778,2777,2.794679063698635,,False
2779,2780,2.800284652746718,,False
2779,2778,2.791711595933492,,False
2780,2762,2.799861357405651,,False
2780,2779,2.800284652746718,,False
2781,2367,16.283623358788,,False
2781,2366,12.01921935640999,,False
2781,2762,22.185562344392324,,False
2782,2768,1.4874554019305468,,False
2782,2767,1.3128843339465446,,False
2782,2783,21.03122081593162,,False
2783,2782,21.03122081593162,,False
2784,2772,0.9362148886888196,,False
2784,2766,1.926633785773144,,False
2784,2785,8.01932182436018,,False
2785,2683,26.89831385833364,,False
2785,1131,35.54772262848209,,False
2785,2784,8.01932182436018,,False
2786,2777,1.3887037953688934,,False
2786,2776,1.4190269152460335,,False
2786,2787,9.45439907166028,,False
2787,2363,27.806392526564878,,False
2787,2362,24.21264092261661,,False
2787,2786,9.45439907166028,,False
2788,872,31.563094201649,Phố Nam Đồng,False
2789,2791,5.2829119540549705,,False
2789,1135,10.196259060761744,,False
2790,1136,6.108932690390861,,False
2790,2791,4.963899567923781,,False
2791,2790,4.963899567923781,,False
2791,2789,5.2829119540549705,,False
2792,2671,20.92271138418662,Ngõ 46A Phố Phạm Ngọc Thạch,False
2793,2169,65.06220530311181,Ngõ 18 Phố Tôn Thất Tùng,False
2794,2958,1.5520975115915974,,False
2794,2109,21.372070127275496,,False
2795,2958,59.37187851942717,Ngõ 14 Phố Tôn Thất Tùng,False
2796,1690,12.531724633482831,,False
2796,2230,4.785467148070232,,False
2797,1677,44.36132007783732,Ngõ 119 Hồ Đắc Di,False
2797,166,13.256987237524005,Ngõ 119 Hồ Đắc Di,False
2798,1209,99.82397172515924,,False
2798,1210,96.58087479728977,,False
2799,2812,21.600182803365325,,False
2799,2530,48.96043201968409,,False
2800,2537,65.57591720110116,Phố Chùa Bộc,True
2801,2802,17.263650944652024,,False
2802,2803,23.19113519341525,,False
2802,2801,17.263650944652024,,False
2803,2802,23.19113519341525,,False
2803,2807,9.823813315779054,,False
2804,2807,5.625811515204909,,False
2804,2805,20.3101800102414,,False
2805,2804,20.3101800102414,,False
2805,2811,1.8640748916974663,,False
2806,2543,2.9231740925643623,Phố Chùa Bộc,True
2806,2811,5.939370424555906,,False
2807,2804,5.625811515204909,,False
2807,2803,9.823813315779054,,False
2807,2808,19.66862549854995,,False
2808,2810,13.288156324100507,,False
2808,2807,19.66862549854995,,False
2809,816,7.596165228191019,Phố Phạm Ngọc Thạch,True
2809,2812,7.689400799730121,,False
2810,2808,13.288156324100507,,False
2810,2812,2.5159431008407807,,False
2811,1210,36.602716912425386,,False
2811,1207,3.528074417865904,,False
2811,2806,5.939370424555906,,False
2811,2805,1.8640748916974663,,False
2812,1225,8.307986170804487,,False
2812,2799,21.600182803365325,,False
2812,2809,7.689400799730121,,False
2812,2810,2.5159431008407807,,False
2813,3138,17.017222295363144,,True
2814,818,11.903238374360502,Phố Tôn Thất Tùng,False
2814,487,4.79634611206682,Phố Tôn Thất Tùng,False
2815,2816,4.235065563968302,,False
2815,2821,10.392742708494982,,False
2816,2817,5.489118865052842,,False
2816,2815,4.235065563968302,,False
2817,2818,27.288372768775357,,False
2817,2816,5.489118865052842,,False
2818,2817,27.288372768775357,,False
2819,2821,16.158534820597282,,False
2819,450,12.075654359138444,,False
2819,2820,61.23564171522512,,False
2820,2819,61.23564171522512,,False
2821,2815,10.392742708494982,,False
2821,2819,16.158534820597282,,False
2821,2822,47.93855074477664,,False
2822,2821,47.93855074477664,,False
2823,1516,17.00182140635709,,False
2823,2203,8.070793575708388,,False
2824,1127,12.492614049198076,Ngõ Hồ Hố Mẻ,False
2824,527,12.79871786545556,Ngõ Hồ Hố Mẻ,False
2825,1665,34.880200125526535,,False
2825,2215,3.77281154183742,,False
2826,500,65.50049871890926,,False
2827,2614,5.9747143916681456,,False
2827,499,49.46795147421498,,False
2828,2830,9.71789112093251,,False
2828,2835,4.908725541378947,,False
2829,2830,56.94047337328493,,False
2829,2832,12.868724500650352,,False
2830,2829,56.94047337328493,,False
2830,2828,9.71789112093251,,False
2830,2831,34.33013691820054,,False
2831,2832,25.587457447564997,,False
2831,2830,34.33013691820054,,False
2832,2837,28.543178840539166,,False
2832,2831,25.587457447564997,,False
2832,2829,12.868724500650352,,False
2833,2216,24.05266154916689,,False
2833,500,41.97376202253778,,False
2833,2837,4.289538570535056,,False
2834,479,19.031762638240444,Đường Trường Chinh,True
2834,2836,6.527995639392701,,False
2835,2828,4.908725541378947,,False
2835,2836,6.874367031721433,,False
2836,2464,70.13729903133645,,False
2836,2215,19.04602440574104,,False
2836,2835,6.874367031721433,,False
2836,2834,6.527995639392701,,False
2837,2833,4.289538570535056,,False
2837,2832,28.543178840539166,,False
2840,2839,12.0054245433749,Đường Láng,True
2841,95,8.945275436055862,,True
2842,1573,4.414418964945997,,False
2842,1570,10.53093703825267,,False
2843,91,34.249686379400366,Đường Trường Chinh,True
2843,1574,15.81414844226988,,True
2844,96,38.68816064465794,Phố Tây Sơn,True
2845,1052,4.248318970200857,,False
2845,1043,24.533950208487543,,False
2846,2909,9.101433599925972,,False
2846,1671,20.103746344051263,,False
2846,3110,44.2770453012537,,False
2847,1453,82.63182010623662,,False
2848,787,19.98417715963149,Phố Chùa Bộc,True
2848,1071,5.753997791885701,Ngõ 59 Phố Chùa Bộc,False
2849,988,41.55028859226035,,False
2849,86,7.768209814091241,,False
2850,77,30.892479066293603,Phố Chùa Bộc,True
2851,2266,43.52969225307636,,False
2851,2965,53.34219363107695,,False
2852,726,76.50156907405015,,False
2853,3209,8.524174309230654,Ngõ 11 Lương Định Của,False
2853,155,12.609454182019345,Ngõ 11 Lương Định Của,False
2854,2855,7.946429313950296,Ngõ 281 Phố Phương Mai,False
2854,1913,11.085798666415624,Ngõ 281 Phố Phương Mai,False
2854,2857,15.78051274944008,Ngõ 180 Phố Phương Mai,False
2855,2856,28.646696842260614,Ngõ 281 Phố Phương Mai,False
2855,2854,7.946429313950296,Ngõ 281 Phố Phương Mai,False
2856,2855,28.646696842260614,Ngõ 281 Phố Phương Mai,False
2857,2858,18.935856798726096,Ngõ 180 Phố Phương Mai,False
2857,2854,15.78051274944008,Ngõ 180 Phố Phương Mai,False
2858,2859,17.436416433267976,Ngõ 180 Phố Phương Mai,False
2858,2857,18.935856798726096,Ngõ 180 Phố Phương Mai,False
2859,2860,13.62781837849581,Ngõ 180 Phố Phương Mai,False
2859,2858,17.436416433267976,Ngõ 180 Phố Phương Mai,False
2860,2859,13.62781837849581,Ngõ 180 Phố Phương Mai,False
2861,518,37.97231577653088,Ngõ 120 Đường Trường Chinh,False
2861,2862,4.337214699216937,,False
2861,519,24.80856884293276,Ngõ 120 Đường Trường Chinh,False
2862,2863,15.298953424603056,,False
2862,2861,4.337214699216937,,False
2863,2862,15.298953424603056,,False
2863,352,5.036771503614874,,False
2864,528,49.78835888907936,,False
2864,2866,5.578285531377341,,False
2865,2868,35.94162563543432,,False
2865,2867,75.92477904745809,,False
2866,2864,5.578285531377341,,False
2866,2867,7.209524155174382,,False
2867,2865,75.92477904745809,,False
2867,726,55.47186986683419,,False
2867,2866,7.209524155174382,,False
2868,2869,33.1052672594431,,False
2868,2865,35.94162563543432,,False
2869,3142,6.6640540993474975,,False
2869,2868,33.1052672594431,,False
2870,3142,37.161102187241895,,False
2870,3092,21.473356238136965,Ký túc xá Đại học Y Hà Nội,False
2871,3092,44.81837993778655,Ký túc xá Đại học Y Hà Nội,False
2872,695,54.15628845414823,,False
2872,2876,10.708526291639007,,False
2873,445,26.200501041784168,,False
2874,2875,13.297478569739578,,False
2874,445,26.342788393632613,,False
2875,2874,13.297478569739578,,False
2876,2872,10.708526291639007,,False
2877,430,89.42250204431822,,False
2877,428,84.62221863938962,,False
2878,2883,6.774218978098455,Ngõ 97 Phạm Ngọc Thạch,False
2878,248,5.782987461201556,Ngõ 97 Phạm Ngọc Thạch,False
2879,2886,6.313932682857595,Ngõ 97 Phố Phạm Ngọc Thạch,False
2879,246,4.239101069688114,Ngõ 97 Phố Phạm Ngọc Thạch,False
2880,68,27.843243545759396,Ngõ 97 Phạm Ngọc Thạch,False
2880,67,5.682214349557961,Ngõ 97 Phạm Ngọc Thạch,False
2881,67,6.686383272701855,Ngõ 97 Phạm Ngọc Thạch,False
2881,66,5.7094317385501885,Ngõ 97 Phạm Ngọc Thạch,False
2882,1247,35.329449831390214,,False
2882,3153,25.271242328980737,,False
2883,2887,4.035877601372261,Ngõ 97 Phạm Ngọc Thạch,False
2883,2878,6.774218978098455,Ngõ 97 Phạm Ngọc Thạch,False
2884,69,23.35119648310305,Ngõ 97 Phố Phạm Ngọc Thạch,False
2884,245,28.920813212650994,Ngõ 97 Phạm Ngọc Thạch,False
2884,64,4.083517250250227,Ngõ 97 Phạm Ngọc Thạch,False
2885,244,11.648229536291131,Ngõ 97 Phạm Ngọc Thạch,False
2885,239,9.786182083299051,Ngõ 97 Phạm Ngọc Thạch,False
2886,3103,5.829380484534001,Ngõ 97 Phố Phạm Ngọc Thạch,False
2886,2879,6.313932682857595,Ngõ 97 Phố Phạm Ngọc Thạch,False
2887,249,3.900831253974788,Ngõ 97 Phạm Ngọc Thạch,False
2887,2883,4.035877601372261,Ngõ 97 Phạm Ngọc Thạch,False
2888,239,8.806237445922292,Ngõ 97 Phạm Ngọc Thạch,False
2888,240,7.145084300095625,Ngõ 97 Phạm Ngọc Thạch,False
2889,243,8.261641952336745,Ngõ 26 Đông Tác,False
2890,248,12.297743178846304,Ngõ 97 Phạm Ngọc Thạch,False
2890,244,5.963869539672501,Ngõ 97 Phạm Ngọc Thạch,False
2891,1489,7.665726231265178,Ngõ 12 Chùa Bộc,False
2891,2892,26.790457419851823,Ngõ 12 Chùa Bộc,False
2892,2891,26.790457419851823,Ngõ 12 Chùa Bộc,False
2892,2893,8.623242451396374,Ngõ 12 Chùa Bộc,False
2893,2892,8.623242451396374,Ngõ 12 Chùa Bộc,False
2893,2894,15.1237130605309,Ngõ 12 Chùa Bộc,False
2894,2893,15.1237130605309,Ngõ 12 Chùa Bộc,False
2894,2905,5.937770450328138,Ngõ 12 Chùa Bộc,False
2895,43,7.141720087187518,Ngõ 119 Hồ Đắc Di,False
2895,42,10.0435003436147,Ngõ 119 Hồ Đắc Di,False
2895,2896,10.506552716645553,,False
2896,2897,12.714781169711626,,False
2896,2895,10.506552716645553,,False
2897,2898,13.389870115500427,,False
2897,2896,12.714781169711626,,False
2898,2899,16.56069861358049,,False
2898,2897,13.389870115500427,,False
2899,2900,19.123098337273465,,False
2899,2898,16.56069861358049,,False
2900,2901,21.16953267803219,,False
2900,2899,19.123098337273465,,False
2901,2902,19.877023774999333,,False
2901,2900,21.16953267803219,,False
2902,2901,19.877023774999333,,False
2903,2905,26.32876889499893,Ngõ 12 Chùa Bộc,False
2903,2983,50.01488085718441,Ngõ 12 Chùa Bộc,False
2904,584,15.175555890325086,Ngõ 119 Hồ Đắc Di,False
2904,569,17.232282586422865,Ngõ 119 Hồ Đắc Di,False
2905,2894,5.937770450328138,Ngõ 12 Chùa Bộc,False
2905,2903,26.32876889499893,Ngõ 12 Chùa Bộc,False
2906,1490,7.973903124976455,Ngõ 12 Chùa Bộc,False
2906,2984,5.665294205545975,Ngõ 12 Chùa Bộc,False
2907,46,57.95525317991053,,False
2907,2908,12.697160990760484,,False
2908,2907,12.697160990760484,,False
2908,740,16.012575681575086,,False
2909,39,13.76085714757836,,False
2909,2846,9.101433599925972,,False
2909,2910,19.181289567243745,,False
2910,2911,12.068818499197162,,False
2910,2909,19.181289567243745,,False
2911,2912,33.34957367502501,,False
2911,2910,12.068818499197162,,False
2912,2911,33.34957367502501,,False
2913,1671,17.807078145895428,,False
2913,3500,13.06813806398905,,False
2913,2914,18.147040632635864,,False
2914,2915,18.54458205403535,,False
2914,2913,18.147040632635864,,False
2915,2916,23.472940120499462,,False
2915,2914,18.54458205403535,,False
2916,2917,6.95143099946625,,False
2916,2915,23.472940120499462,,False
2917,2916,6.95143099946625,,False
2918,1270,40.23316659191378,,False
2918,1271,23.536452346163586,,False
2919,2649,33.83271891342583,,False
2919,2920,12.190240109918111,,False
2920,2919,12.190240109918111,,False
2920,2648,28.508514390367463,,False
2921,2923,12.587933965910084,Ngõ 89 Phố Lương Định Của,False
2921,3118,19.770188544865185,Ngõ 89 Phố Lương Định Của,False
2922,3118,27.863578613364893,Ngõ 89 Phố Lương Định Của,False
2922,877,63.65017575634655,Ngõ 89 Phố Lương Định Của,False
2923,2924,20.292706402171003,Ngõ 89 Phố Lương Định Của,False
2923,2921,12.587933965910084,Ngõ 89 Phố Lương Định Của,False
2924,876,13.427471420586766,Ngõ 89 Phố Lương Định Của,False
2924,2923,20.292706402171003,Ngõ 89 Phố Lương Định Của,False
2925,367,6.581587735806507,Ngõ 102 Trường Chinh,False
2925,117,10.82076191075459,Ngõ 102 Trường Chinh,False
2926,2627,19.95584770619348,,False
2926,2626,15.772908734801192,,False
2927,2617,34.38562303871185,Ngách 10 Ngõ 135 Phương Mai,False
2927,2928,15.21791116265879,Ngách 10 Ngõ 135 Phương Mai,False
2928,2927,15.21791116265879,Ngách 10 Ngõ 135 Phương Mai,False
2928,1686,15.86343793609052,Ngách 10 Ngõ 135 Phương Mai,False
2929,490,12.54273128637886,Ngõ 36 Phố Lương Định Của,False
2929,116,74.10661750622538,Ngõ 36 Phố Lương Định Của,False
2929,3117,3.905793222950259,,False
2930,2931,11.975508295447613,,False
2930,3117,8.870681807891508,,False
2931,2938,5.092664926767775,,False
2931,2930,11.975508295447613,,False
2932,2933,28.82261422632907,,False
2932,2938,18.08485282113607,,False
2933,2934,15.026265735090243,,False
2933,2932,28.82261422632907,,False
2934,2943,6.611862838247711,,False
2934,2935,15.8349775322253,,False
2934,2933,15.026265735090243,,False
2935,2934,15.8349775322253,,False
2936,2953,22.120999247806857,,False
2936,118,52.06900293246846,,False
2936,2937,27.52034128495483,,False
2937,2936,27.52034128495483,,False
2938,2932,18.08485282113607,,False
2938,2931,5.092664926767775,,False
2938,2939,19.887496032669223,,False
2939,2938,19.887496032669223,,False
2940,508,24.715783448753047,,False
2940,503,16.159117032565362,,False
2941,506,16.663201993883998,,False
2941,2943,7.276059393766263,,False
2942,1560,8.323649031473849,,False
2942,1561,5.415469483447175,,False
2943,2941,7.276059393766263,,False
2943,2934,6.611862838247711,,False
2944,355,24.97748127240901,Ngõ 41 Phố Đông Tác,False
2944,2945,6.591995682932395,Ngách 41/36 Đông Tác,False
2944,356,14.00038054025162,Ngõ 120 Đường Trường Chinh,False
2945,2946,19.49865119403895,Ngách 41/36 Đông Tác,False
2945,2944,6.591995682932395,Ngách 41/36 Đông Tác,False
2946,2947,14.53794687071704,Ngách 41/36 Đông Tác,False
2946,2945,19.49865119403895,Ngách 41/36 Đông Tác,False
2947,2946,14.53794687071704,Ngách 41/36 Đông Tác,False
2948,2949,6.592109301625591,Ngách 120/68 Đường Trường Chinh,False
2948,2951,15.8591454360622,Ngách 120/68 Đường Trường Chinh,False
2949,2950,14.15471144635462,Ngách 120/68 Đường Trường Chinh,False
2949,2948,6.592109301625591,Ngách 120/68 Đường Trường Chinh,False
2950,2949,14.15471144635462,Ngách 120/68 Đường Trường Chinh,False
2951,2948,15.8591454360622,Ngách 120/68 Đường Trường Chinh,False
2951,3353,20.39710386067128,Ngách 120/68 Đường Trường Chinh,False
2951,3104,20.026331978806702,Ngách 120/68 Đường Trường Chinh,False
2952,3104,8.35484676804839,Ngách 120/68 Đường Trường Chinh,False
2953,489,22.09220865071292,,False
2953,2936,22.120999247806857,,False
2954,504,25.435245582665413,,False
2955,1366,21.053526402875267,,False
2955,1783,20.078590544124413,,False
2955,3482,36.24160064543642,Ngõ 317 Phố Tây Sơn,False
2956,1368,8.472812274082722,,False
2956,1369,10.10161278751249,,False
2957,1471,29.98789742436774,Phố Tôn Thất Tùng,False
2957,819,28.152990544766094,Phố Tôn Thất Tùng,False
2957,2958,7.1360456970190445,Ngõ 14 Phố Tôn Thất Tùng,False
2958,2110,13.99023531208588,,False
2958,2794,1.5520975115915974,,False
2958,2795,59.37187851942717,Ngõ 14 Phố Tôn Thất Tùng,False
2958,2957,7.1360456970190445,Ngõ 14 Phố Tôn Thất Tùng,False
2959,1395,27.10743421817056,Ngõ 51 Tam Khương,False
2959,1396,20.43034536810446,Ngõ 51 Tam Khương,False
2959,2960,28.62054350368643,Ngõ 51 Tam Khương,False
2960,2959,28.62054350368643,Ngõ 51 Tam Khương,False
2961,2962,38.65946188392757,Ngõ 51 Tam Khương,False
2961,1395,23.694827708239465,Ngõ 51 Tam Khương,False
2961,2964,5.483169766881082,Ngách 354/159 Đường Trường Chinh,False
2962,2961,38.65946188392757,Ngõ 51 Tam Khương,False
2963,2964,4.454346770647964,Ngách 354/159 Đường Trường Chinh,False
2963,1421,5.6811361609658695,Ngách 354/159 Đường Trường Chinh,False
2964,2961,5.483169766881082,Ngách 354/159 Đường Trường Chinh,False
2964,2963,4.454346770647964,Ngách 354/159 Đường Trường Chinh,False
2965,2851,53.34219363107695,,False
2965,1778,25.719938150493963,,False
2966,2967,20.15377845541113,Ngõ 161A Tây Sơn,False
2967,2966,20.15377845541113,Ngõ 161A Tây Sơn,False
2967,2968,8.808683098882192,Ngõ 161A Tây Sơn,False
2967,1781,15.77423030311182,,False
2967,1780,2.386284706142906,,False
2968,733,9.304452357154297,,True
2968,2967,8.808683098882192,Ngõ 161A Tây Sơn,False
2969,2968,28.7271830393978,,True
2969,1778,8.530350948600836,,False
2969,1777,13.6613960744481,,False
2970,874,51.61005137986544,Ngõ 32 Phố Lương Định Của,False
2970,3151,26.469141597033456,Ngõ 32 Phố Lương Định Của,False
2971,321,5.734195335905696,Phố Khương Thượng,False
2971,1426,24.99198071744401,Phố Khương Thượng,False
2972,1417,26.05591239938034,Phố Tam Khương,False
2972,2668,12.87599139914245,Phố Tam Khương,False
2973,2264,9.357209585826231,Phố Chùa Bộc,True
2974,2260,10.98326200587154,Phố Tây Sơn,True
2974,2975,4.107893660006173,,True
2976,48,35.87015056809004,Ngõ 167 Phố Tây Sơn,False
2976,1018,5.149838796659827,Ngõ 167 Phố Tây Sơn,False
2976,1019,5.394919386899799,,False
2977,575,48.23035488293536,,False
2977,2979,3.490924202045846,,False
2978,2979,3.63085497700326,,False
2978,576,3.4367640394150527,,False
2979,2977,3.490924202045846,,False
2979,2978,3.63085497700326,,False
2980,1010,19.153365616425933,,False
2980,2981,7.228950914832923,,False
2981,1017,13.93781563948792,,False
2981,2980,7.228950914832923,,False
2982,274,10.130162149099464,,False
2982,278,8.362959097170888,,False
2983,2903,50.01488085718441,Ngõ 12 Chùa Bộc,False
2983,1488,48.51275293850412,Ngõ 12 Chùa Bộc,False
2984,2906,5.665294205545975,Ngõ 12 Chùa Bộc,False
2984,1489,3.148201763993142,Ngõ 12 Chùa Bộc,False
2985,3079,2.412416508590362,,False
2985,3080,3.867605034581516,,False
2986,2987,5.044387441522785,,False
2986,3003,5.611030250905405,,False
2986,3014,4.965066348288868,,False
2986,3017,2.4240415170235208,,False
2987,2988,5.09714415204747,,False
2987,2986,5.044387441522785,,False
2988,2989,5.087897585504114,,False
2988,2987,5.09714415204747,,False
2989,2990,5.089439822294067,,False
2989,2988,5.087897585504114,,False
2990,2991,5.101235477521806,,False
2990,2989,5.089439822294067,,False
2991,3008,1.2989606469852029,,False
2991,2990,5.101235477521806,,False
2992,2993,5.081625927849382,,False
2992,3008,3.7920858077829935,,False
2993,2994,5.095187687399348,,False
2993,2992,5.081625927849382,,False
2994,3004,5.09177654344645,,False
2994,2993,5.095187687399348,,False
2995,2996,5.593633894029944,,False
2995,3004,5.070637945392502,,False
2995,3068,3.676281150120461,,False
2995,3012,4.078166044925656,,False
2996,2997,5.582289393134891,,False
2996,2995,5.593633894029944,,False
2997,2998,5.567447159309704,,False
2997,2996,5.582289393134891,,False
2998,2999,5.577103926079371,,False
2998,2997,5.567447159309704,,False
2999,3010,2.6664382537179536,,False
2999,2998,5.577103926079371,,False
3000,3001,5.573959465544418,,False
3000,3010,2.9065537986562653,,False
3001,3002,5.580025060335373,,False
3001,3000,5.573959465544418,,False
3002,3003,5.571502279682893,,False
3002,3001,5.580025060335373,,False
3003,2986,5.611030250905405,,False
3003,3002,5.571502279682893,,False
3004,2995,5.070637945392502,,False
3004,2994,5.09177654344645,,False
3005,567,25.50055159747329,Phố Tây Sơn,True
3005,3007,6.255099690850004,,False
3006,1015,11.711480222765392,,False
3006,1014,2.85924985119541,,False
3006,3009,11.41435124843404,,False
3007,3008,3.489693053954068,,False
3007,3005,6.255099690850004,,False
3008,2992,3.7920858077829935,,False
3008,2991,1.2989606469852029,,False
3008,3011,3.909004628176064,,False
3008,3007,3.489693053954068,,False
3009,3006,11.41435124843404,,False
3009,3010,4.825421061783458,,False
3010,3000,2.9065537986562653,,False
3010,2999,2.6664382537179536,,False
3010,3009,4.825421061783458,,False
3010,3013,3.978786054868119,,False
3011,3014,17.356960869543858,,False
3011,3008,3.909004628176064,,False
3011,3012,16.34739448717438,,False
3012,3013,16.694756610953323,,False
3012,2995,4.078166044925656,,False
3012,3011,16.34739448717438,,False
3013,3012,16.694756610953323,,False
3013,3010,3.978786054868119,,False
3013,3014,16.45059159698409,,False
3014,3011,17.356960869543858,,False
3014,3013,16.45059159698409,,False
3014,2986,4.965066348288868,,False
3015,1494,21.156095571304164,Ngõ 169 Phố Tây Sơn,False
3015,1782,21.101309513418816,Ngõ 169 Phố Tây Sơn,False
3015,3068,2.8527398841554783,,False
3016,3043,27.26779011524,,False
3016,567,26.280610518938584,,False
3016,3018,2.986508281732025,,False
3016,3020,2.6483935717825995,,False
3017,2986,2.4240415170235208,,False
3017,3057,1.005213472051539,,False
3018,3057,1.3732739560110954,,False
3018,3016,2.986508281732025,,False
3019,2407,2.269151762866144,,False
3019,3078,2.046804965116428,,False
3020,3016,2.6483935717825995,,False
3020,3067,1.0452527023477594,,False
3021,3022,3.7755896363268167,,False
3021,3039,4.724768438570401,,False
3022,3023,5.170499625837183,,False
3022,3021,3.7755896363268167,,False
3022,3070,6.32196508281686,,False
3022,3061,4.580616121017151,,False
3023,3075,2.4761199123741684,,False
3023,3022,5.170499625837183,,False
3024,3025,4.491348904444946,,False
3024,3075,2.0181814896935504,,False
3025,3026,4.487647734063157,,False
3025,3024,4.491348904444946,,False
3026,3040,3.747849769653358,,False
3026,3025,4.487647734063157,,False
3027,3060,3.98161632380833,,False
3027,3040,0.7506300899624956,,False
3028,3065,3.1493991624988733,,False
3028,3037,4.49352081689018,,False
3029,3030,4.73037636697789,,False
3029,3065,1.572686618269422,,False
3030,3031,4.718527789950547,,False
3030,3029,4.73037636697789,,False
3031,3032,4.73069586462361,,False
3031,3030,4.718527789950547,,False
3032,3033,4.725197614027971,,False
3032,3031,4.73069586462361,,False
3033,3066,0.9110744766259048,,False
3033,3032,4.725197614027971,,False
3034,3038,4.726349632585248,,False
3034,3066,3.8122704620216528,,False
3035,3036,4.486674474288247,,False
3035,3060,0.5110312755781858,,False
3036,3037,4.492593601485452,,False
3036,3035,4.486674474288247,,False
3037,3028,4.49352081689018,,False
3037,3036,4.492593601485452,,False
3038,3039,4.723886461167729,,False
3038,3034,4.726349632585248,,False
3039,3021,4.724768438570401,,False
3039,3038,4.723886461167729,,False
3040,3027,0.7506300899624956,,False
3040,3026,3.747849769653358,,False
3040,3062,4.825408035572244,,False
3041,3043,22.938198821197936,,False
3041,3042,26.61555131079673,,False
3042,3041,26.61555131079673,,False
3043,566,4.827744115003276,,False
3043,3016,27.26779011524,,False
3043,3041,22.938198821197936,,False
3044,3077,2.7934447634817565,,False
3044,3059,2.1224549736447327,,False
3045,3046,1.0944633929412786,,False
3045,3073,7.534476530501421,,False
3046,3047,1.0244723756253669,,False
3046,3045,1.0944633929412786,,False
3047,3079,0.8577764987432863,,False
3047,3046,1.0244723756253669,,False
3048,3058,17.01593628297897,,False
3048,3079,1.1183073050978916,,False
3049,3058,19.852048807211503,,False
3049,3069,7.351699458137325,,False
3050,3069,20.667280492466624,,False
3050,3051,17.443953250963798,,False
3050,3066,6.165926879911033,,False
3051,3050,17.443953250963798,,False
3051,3052,1.19922409639947,,False
3052,3053,1.3777982209360395,,False
3052,3051,1.19922409639947,,False
3053,3067,17.506675158440956,,False
3053,3052,1.3777982209360395,,False
3054,3067,19.336610956322232,,False
3055,3057,19.503899408815883,,False
3056,3057,20.524813358167204,,False
3057,3017,1.005213472051539,,False
3057,3018,1.3732739560110954,,False
3057,3056,20.524813358167204,,False
3057,3055,19.503899408815883,,False
3058,3049,19.852048807211503,,False
3058,3048,17.01593628297897,,False
3058,3070,7.278083869054128,,False
3059,3044,2.1224549736447327,,False
3059,3060,5.08929807335175,,False
3060,3035,0.5110312755781858,,False
3060,3027,3.98161632380833,,False
3060,3059,5.08929807335175,,False
3061,3062,13.328420297616162,,False
3061,3064,13.491353492016266,,False
3061,3022,4.580616121017151,,False
3062,3061,13.328420297616162,,False
3062,3063,12.99624179517755,,False
3062,3040,4.825408035572244,,False
3063,3062,12.99624179517755,,False
3063,3064,13.199990503320564,,False
3063,3065,4.469911158804246,,False
3064,3063,13.199990503320564,,False
3064,3061,13.491353492016266,,False
3064,3066,4.03532361651502,,False
3065,3029,1.572686618269422,,False
3065,3028,3.1493991624988733,,False
3065,3063,4.469911158804246,,False
3065,3067,5.02879691697396,,False
3066,3034,3.8122704620216528,,False
3066,3033,0.9110744766259048,,False
3066,3050,6.165926879911033,,False
3066,3064,4.03532361651502,,False
3067,3054,19.336610956322232,,False
3067,3053,17.506675158440956,,False
3067,3065,5.02879691697396,,False
3067,3020,1.0452527023477594,,False
3068,3015,2.8527398841554783,,False
3068,2995,3.676281150120461,,False
3069,3050,20.667280492466624,,False
3069,3049,7.351699458137325,,False
3069,3070,19.851641498089503,,False
3070,3058,7.278083869054128,,False
3070,3022,6.32196508281686,,False
3070,3071,1.5778075612406517,,False
3070,3069,19.851641498089503,,False
3071,3072,4.765356779989081,,False
3071,3070,1.5778075612406517,,False
3072,3074,7.407737255834714,,False
3072,3071,4.765356779989081,,False
3073,3045,7.534476530501421,,False
3073,3077,18.210365760081043,,False
3073,3074,6.622259486758146,,False
3074,3073,6.622259486758146,,False
3074,3072,7.407737255834714,,False
3074,3075,8.531526168591386,,False
3075,3024,2.0181814896935504,,False
3075,3023,2.4761199123741684,,False
3075,3074,8.531526168591386,,False
3076,1782,6.009661480514085,,False
3076,1781,2.233150852114348,,False
3077,3073,18.210365760081043,,False
3077,3044,2.7934447634817565,,False
3077,883,0.9594380346847258,,False
3078,3019,2.046804965116428,,False
3078,3080,2.839335864192725,,False
3079,3048,1.1183073050978916,,False
3079,3047,0.8577764987432863,,False
3079,2985,2.412416508590362,,False
3080,0,11.29011210791795,Ngõ 167 Phố Tây Sơn,False
3080,49,56.206740043966974,Ngõ 167 Phố Tây Sơn,False
3080,2985,3.867605034581516,,False
3080,3078,2.839335864192725,,False
3081,1326,7.641804499583904,Ngách 14/9  Lương Đình Của,False
3081,3217,9.586849153447718,Ngách 14/9  Lương Đình Của,False
3082,1709,50.85366009394208,,False
3082,1314,8.484006155131668,,False
3083,1293,10.303806924271642,,False
3083,1294,15.861752084482776,,False
3084,1306,42.32481893686381,,False
3084,1307,18.431262837826942,,False
3085,1304,21.084001203121822,,False
3085,1305,16.92168826657823,,False
3086,1111,39.70917728848957,Ngõ 4A Phố Đặng Văn Ngữ,False
3086,3087,4.618237207848572,Ngõ 4A Phố Đặng Văn Ngữ,False
3087,3086,4.618237207848572,Ngõ 4A Phố Đặng Văn Ngữ,False
3087,211,7.57968265775617,Ngõ 4A Phố Đặng Văn Ngữ,False
3088,348,11.777326950573777,Ngõ 41 Phố Đông Tác,False
3088,3336,7.684710116851829,Ngõ 41 Phố Đông Tác,False
3089,3263,2.823906881186357,,False
3089,3264,2.491242260388422,,False
3090,522,32.213800529073055,Ngõ 120 Đường Trường Chinh,False
3090,521,21.592593303965188,Ngõ 120 Đường Trường Chinh,False
3091,3142,64.15656730155509,,False
3092,2871,44.81837993778655,Ký túc xá Đại học Y Hà Nội,False
3092,2870,21.473356238136965,Ký túc xá Đại học Y Hà Nội,False
3093,2311,15.737299316676824,,False
3093,130,12.462291646783733,,False
3094,520,24.545827193706295,Ngõ 120 Đường Trường Chinh,False
3094,519,27.17726171750036,Ngõ 120 Đường Trường Chinh,False
3095,1161,30.55651124680225,,False
3096,1589,10.084525360072115,,False
3096,1590,5.7451032927830274,,False
3097,1388,22.574911820657075,,False
3097,979,11.550209592932696,,False
3098,3099,20.17444456167668,,False
3099,213,6.057042058330327,,False
3099,3098,20.17444456167668,,False
3099,1235,10.235943487871875,,False
3099,3146,15.833180503077084,,False
3100,73,1.8188123309938404,,False
3100,72,8.56882023030932,,False
3101,72,1.5458943509036294,,False
3101,1245,78.98890596738082,,False
3101,75,27.570782530718592,Ngõ 8 Phố Lương Định Của,False
3102,70,2.4725725067707223,Ngách 97/63 Phạm Ngọc Thạch,False
3102,73,2.6580692809586943,Ngách 97/63 Phạm Ngọc Thạch,False
3103,69,0.5032621604299604,Ngõ 97 Phố Phạm Ngọc Thạch,False
3103,2886,5.829380484534001,Ngõ 97 Phố Phạm Ngọc Thạch,False
3104,2952,8.35484676804839,Ngách 120/68 Đường Trường Chinh,False
3104,2951,20.026331978806702,Ngách 120/68 Đường Trường Chinh,False
3105,3107,27.921011981913484,Phố Nguyễn Ngọc Doãn,False
3105,3181,25.704085759811505,Phố Nguyễn Ngọc Doãn,False
3106,3108,4.798790308222507,Phố Nguyễn Ngọc Doãn,False
3106,3107,17.149589776948012,Phố Nguyễn Ngọc Doãn,False
3106,1212,24.088788027493575,,False
3107,3106,17.149589776948012,Phố Nguyễn Ngọc Doãn,False
3107,3105,27.921011981913484,Phố Nguyễn Ngọc Doãn,False
3108,391,4.776489438053796,Phố Nguyễn Ngọc Doãn,False
3108,3106,4.798790308222507,Phố Nguyễn Ngọc Doãn,False
3108,2023,56.24718662608469,,False
3109,591,15.174973168204565,,False
3109,592,12.031713968940746,,False
3110,1670,19.886505184324037,,False
3110,2846,44.2770453012537,,False
3111,166,9.062159951021725,,False
3111,1459,35.653091692950326,,False
3112,1456,17.560727023449523,,False
3112,1605,21.006197571920787,,False
3112,3113,70.7512482744237,Ngách 48/119 Hồ Đắc Di,False
3113,3233,19.643414322518097,Ngách 48/119 Hồ Đắc Di,False
3113,3112,70.7512482744237,Ngách 48/119 Hồ Đắc Di,False
3114,3235,65.5251254390863,Ngõ 61 Phố Tây Sơn,False
3114,3229,15.308061676021245,Ngõ 61 Phố Tây Sơn,False
3115,887,30.33787701368754,Ngõ 61 Phố Tây Sơn,False
3115,3116,4.776413980675405,Ngõ 61 Phố Tây Sơn,False
3116,3115,4.776413980675405,Ngõ 61 Phố Tây Sơn,False
3116,3237,2.7884105191570905,Ngõ 61 Phố Tây Sơn,False
3117,2930,8.870681807891508,,False
3117,2929,3.905793222950259,,False
3118,2921,19.770188544865185,Ngõ 89 Phố Lương Định Của,False
3118,2922,27.863578613364893,Ngõ 89 Phố Lương Định Của,False
3119,117,6.935874999779947,Phố Lương Định Của,False
3119,119,13.0666864719446,Phố Lương Định Của,False
3120,3121,16.27864530170098,,False
3121,425,68.86491645086555,Phố Khương Thượng,False
3121,427,42.339104453488886,Phố Khương Thượng,False
3121,3120,16.27864530170098,,False
3122,3123,3.8616462755365832,Ngõ 89 Phố Xã Đàn,False
3122,3131,5.744507039688032,Ngõ 89 Phố Xã Đàn,False
3123,3124,16.723745417130704,Ngõ 89 Phố Xã Đàn,False
3123,3122,3.8616462755365832,Ngõ 89 Phố Xã Đàn,False
3124,3123,16.723745417130704,Ngõ 89 Phố Xã Đàn,False
3125,3126,5.2913109229076944,Ngõ 89 Phố Xã Đàn,False
3125,739,5.116368013816536,Ngõ 89 Phố Xã Đàn,False
3126,3127,5.24881679924428,Ngõ 89 Phố Xã Đàn,False
3126,3125,5.2913109229076944,Ngõ 89 Phố Xã Đàn,False
3127,3128,6.921722198188975,Ngõ 89 Phố Xã Đàn,False
3127,3126,5.24881679924428,Ngõ 89 Phố Xã Đàn,False
3128,3129,5.715442396706979,Ngõ 89 Phố Xã Đàn,False
3128,3127,6.921722198188975,Ngõ 89 Phố Xã Đàn,False
3129,3130,7.1795455101981,Ngõ 89 Phố Xã Đàn,False
3129,3128,5.715442396706979,Ngõ 89 Phố Xã Đàn,False
3130,3131,6.148543570451555,Ngõ 89 Phố Xã Đàn,False
3130,3129,7.1795455101981,Ngõ 89 Phố Xã Đàn,False
3131,3122,5.744507039688032,Ngõ 89 Phố Xã Đàn,False
3131,3130,6.148543570451555,Ngõ 89 Phố Xã Đàn,False
3132,962,7.913571551486695,Ngõ 191 Khương Thượng,False
3132,961,17.949008425370636,Ngõ 191 Khương Thượng,False
3132,3133,16.394239840499083,Ngách 35 Ngõ 191 Khương Thượng,False
3133,3132,16.394239840499083,Ngách 35 Ngõ 191 Khương Thượng,False
3134,3135,24.014534965766007,,False
3134,1375,33.323811592852635,,False
3135,1374,50.11092404758427,,False
3135,3134,24.014534965766007,,False
3136,323,10.49463342669737,Phố Khương Thượng,False
3136,324,13.890201476259236,Phố Khương Thượng,False
3137,2132,10.43568941799236,,False
3137,2172,0.8320006833590512,,False
3138,2814,9.150609149233103,,True
3138,2172,11.034082020345224,,False
3138,2149,5.159118695456738,,False
3139,1562,30.474923759874223,Ngõ 28C Lương Định Của,False
3140,755,6.55030332980695,Ngõ 28C Phố Lương Định Của,False
3141,1745,16.7669122800821,Ngõ 28A Phố Lương Định Của,False
3141,706,100.20625037775318,Ngõ 28A Phố Lương Định Của,False
3142,2870,37.161102187241895,,False
3142,2869,6.6640540993474975,,False
3142,3091,64.15656730155509,,False
3143,1238,6.931412536438811,Ngõ 26 Phố Đông Tác,False
3143,238,20.918992424418636,Ngõ 26 Phố Đông Tác,False
3144,1223,75.9209040997747,Ngõ 101 Phạm Ngọc Thạch,False
3144,411,43.18272630540948,Ngõ 101 Phạm Ngọc Thạch,False
3145,246,14.694606212854032,Ngõ 97 Phố Phạm Ngọc Thạch,False
3145,241,11.89309855036256,Ngõ 97 Phố Phạm Ngọc Thạch,False
3146,3099,15.833180503077084,,False
3146,1234,25.025622340554204,,False
3147,1159,15.557781924115886,Ngõ 19 Phố Đông Tác,False
3147,1158,2.595648594942298,Ngõ 19 Phố Đông Tác,False
3148,1889,0.4858150907056179,,False
3148,225,4.286818002464907,,False
3149,257,26.091739523537083,Ngõ 97 Phạm Ngọc Thạch,False
3149,3150,2.3234981270184227,Ngõ 97 Phạm Ngọc Thạch,False
3150,3149,2.3234981270184227,Ngõ 97 Phạm Ngọc Thạch,False
3150,252,2.0500640122280416,Ngõ 97 Phạm Ngọc Thạch,False
3151,2970,26.469141597033456,Ngõ 32 Phố Lương Định Của,False
3151,875,10.907727600462124,Ngõ 32 Phố Lương Định Của,False
3152,603,35.063481959187364,Phố Đặng Văn Ngữ,False
3152,589,2.1183114014286217,Phố Đặng Văn Ngữ,False
3153,2882,25.271242328980737,,False
3153,246,19.76795887660932,,False
3154,3356,20.230645975026917,,False
3154,153,5.486447923371133,,False
3154,1040,3.19826479798076,,False
3155,1039,8.466854330510838,,False
3155,170,5.812129782455026,,False
3156,235,29.76879472920457,Phố Lương Định Của,False
3156,851,18.945584224831947,Phố Lương Định Của,False
3156,3158,7.081501442008976,,False
3157,3158,6.364649199646389,,False
3158,1906,18.651590506840257,,False
3158,1881,2.417072613680304,,False
3158,3157,6.364649199646389,,False
3158,3156,7.081501442008976,,False
3159,460,12.261768080112962,Phố Tam Khương,False
3159,461,1.08671744176745,Phố Tam Khương,False
3160,621,4.7015710821942704,,False
3160,622,3.4286815466616285,,False
3161,622,43.58336061854813,,False
3161,623,9.697131872628573,,False
3161,3162,12.0750439255653,,False
3162,3163,3.277842083520897,,False
3162,3161,12.0750439255653,,False
3163,3164,2.617393873002457,,False
3163,3162,3.277842083520897,,False
3164,3165,8.250296244440609,,False
3164,3163,2.617393873002457,,False
3165,3164,8.250296244440609,,False
3166,3167,19.900396896039197,Ngõ 203 Chùa Bộc,False
3166,626,14.546863961907947,,False
3166,686,4.388401303395032,,False
3167,3166,19.900396896039197,Ngõ 203 Chùa Bộc,False
3167,3196,0.5796467867696042,Ngõ 203 Chùa Bộc,False
3168,239,16.934501474117955,,False
3169,652,25.0371315879261,Phố Nguyễn Ngọc Doãn,False
3169,383,27.43597891965395,Phố Nguyễn Ngọc Doãn,False
3170,3171,7.605160845005574,,False
3170,383,6.956681098992073,,False
3171,1034,17.631486720038488,,False
3171,3170,7.605160845005574,,False
3172,1034,22.380055738754315,,False
3173,382,7.625903708705325,Phố Nguyễn Ngọc Doãn,False
3173,381,9.268879830590356,Phố Nguyễn Ngọc Doãn,False
3174,1476,12.801566255706968,,False
3175,3176,23.346346411571076,,False
3175,1476,41.157357744210906,,False
3176,3175,23.346346411571076,,False
3177,2398,12.090347812960504,Phố Nguyễn Ngọc Doãn,False
3177,275,24.68860436578545,Phố Nguyễn Ngọc Doãn,False
3178,3180,8.298951763603402,Phố Nguyễn Ngọc Doãn,False
3178,385,9.146130176207093,Phố Nguyễn Ngọc Doãn,False
3179,385,9.0452976392551,Phố Nguyễn Ngọc Doãn,False
3179,394,51.3824236690269,Phố Nguyễn Ngọc Doãn,False
3180,393,13.3463502023117,Phố Nguyễn Ngọc Doãn,False
3180,3178,8.298951763603402,Phố Nguyễn Ngọc Doãn,False
3181,3105,25.704085759811505,Phố Nguyễn Ngọc Doãn,False
3181,390,23.18815196701316,Phố Nguyễn Ngọc Doãn,False
3182,3183,2.223174794007379,Ngõ 65 Phố Nguyễn Ngọc Doãn,False
3182,3184,6.925237412504725,Ngõ 65 Phố Nguyễn Ngọc Doãn,False
3183,1486,2.040872683570382,Ngõ 65 Phố Nguyễn Ngọc Doãn,False
3183,3182,2.223174794007379,Ngõ 65 Phố Nguyễn Ngọc Doãn,False
3184,3182,6.925237412504725,Ngõ 65 Phố Nguyễn Ngọc Doãn,False
3184,1487,3.166578282316952,Ngõ 65 Phố Nguyễn Ngọc Doãn,False
3185,1487,2.9294795851863475,Ngõ 65 Phố Nguyễn Ngọc Doãn,False
3185,1189,11.776702339642226,Ngõ 65 Phố Nguyễn Ngọc Doãn,False
3186,1452,65.98717070476012,Ngõ 59 Phố Chùa Bộc,False
3186,1071,18.783347622908558,Ngõ 59 Phố Chùa Bộc,False
3187,467,49.72098609097801,Ngõ 1 Tôn Thất Tùng,False
3187,198,13.790855329326252,Ngõ 1 Tôn Thất Tùng,False
3188,1447,30.09414680570303,,False
3188,1182,74.36933522159433,,False
3189,1447,59.65932980669368,,False
3189,1448,43.93749292066872,,False
3190,3191,39.90730716051174,Ngõ 1A Phố Tôn Thất Tùng,False
3190,703,33.63182768534834,Ngõ 1A Phố Tôn Thất Tùng,False
3191,3192,25.92522249390698,Ngõ 1A Phố Tôn Thất Tùng,False
3191,3190,39.90730716051174,Ngõ 1A Phố Tôn Thất Tùng,False
3192,3193,7.812886590583498,Ngõ 1A Phố Tôn Thất Tùng,False
3192,3191,25.92522249390698,Ngõ 1A Phố Tôn Thất Tùng,False
3193,192,23.93551665408946,Ngõ 1A Phố Tôn Thất Tùng,False
3193,3192,7.812886590583498,Ngõ 1A Phố Tôn Thất Tùng,False
3194,3195,3.5238781125252823,Ngõ 43 Phố Đông Tác,False
3194,196,25.772763054337556,Ngõ 43 Phố Đông Tác,False
3195,197,4.318452648593368,Ngõ 43 Phố Đông Tác,False
3195,3194,3.5238781125252823,Ngõ 43 Phố Đông Tác,False
3196,3167,0.5796467867696042,Ngõ 203 Chùa Bộc,False
3196,2678,0.7954445143182822,Ngõ 203 Chùa Bộc,False
3197,3205,9.508642392336403,,False
3197,3203,6.1778063748396805,,False
3198,3201,6.2759409292402175,,False
3198,3205,8.74601681849731,,False
3199,3207,9.108431169296129,,False
3199,3201,6.515971932304935,,False
3200,3203,6.614105669893154,,False
3200,3207,9.146231528755392,,False
3201,3199,6.515971932304935,,False
3201,3198,6.2759409292402175,,False
3201,3202,17.860520332934666,,False
3202,678,16.259401067502218,,False
3202,633,20.80094692625581,,False
3202,3201,17.860520332934666,,False
3203,3197,6.1778063748396805,,False
3203,3200,6.614105669893154,,False
3203,3204,20.52514008393208,,False
3204,636,16.714463174346236,,False
3204,1469,20.564655289057317,,False
3204,3203,20.52514008393208,,False
3205,3198,8.74601681849731,,False
3205,3197,9.508642392336403,,False
3205,3206,10.185901544787749,,False
3206,636,29.679121080215964,,False
3206,678,26.5888672321607,,False
3206,3205,10.185901544787749,,False
3207,3200,9.146231528755392,,False
3207,3199,9.108431169296129,,False
3207,3208,14.17541730052754,,False
3208,633,26.91495093305542,,False
3208,1469,30.19347024698834,,False
3208,3207,14.17541730052754,,False
3209,153,7.765207437035645,Ngõ 11 Lương Định Của,False
3209,2853,8.524174309230654,Ngõ 11 Lương Định Của,False
3210,295,9.604239689866656,Ngõ 34 Phố Phương Mai,False
3210,1331,6.118359751882643,Ngõ 34 Phố Phương Mai,False
3211,296,9.236422712695836,Ngõ 34 Phố Phương Mai,False
3211,1647,11.40727774867088,Ngõ 34 Phố Phương Mai,False
3212,3213,5.100594023799603,Ngõ 5 Hoàng Tích Trí,False
3212,254,30.317999918710225,Ngõ 5 Hoàng Tích Trí,False
3213,1327,3.657293527079478,Ngõ 5 Hoàng Tích Trí,False
3213,3212,5.100594023799603,Ngõ 5 Hoàng Tích Trí,False
3214,1598,3.846962545078469,Ngõ 11 Lương Định Của,False
3214,1597,21.88947617811937,Ngõ 11 Lương Định Của,False
3215,3220,1.7144087876755574,Ngách 14/9  Lương Đình Của,False
3215,3221,20.09807501855979,Ngách 14/9  Lương Đình Của,False
3216,681,3.503950976960289,Ngách 14/9  Lương Đình Của,False
3216,3220,2.139011548421366,Ngách 14/9  Lương Đình Của,False
3217,3081,9.586849153447718,Ngách 14/9  Lương Đình Của,False
3217,681,6.016069720327735,Ngách 14/9  Lương Đình Của,False
3218,3219,20.57961974286242,,False
3219,3220,3.719636514843901,,False
3219,3218,20.57961974286242,,False
3220,3216,2.139011548421366,Ngách 14/9  Lương Đình Của,False
3220,3215,1.7144087876755574,Ngách 14/9  Lương Đình Của,False
3220,3219,3.719636514843901,,False
3221,3215,20.09807501855979,Ngách 14/9  Lương Đình Của,False
3221,682,23.999601684850827,Ngách 14/9  Lương Đình Của,False
3221,3222,24.83900967611296,,False
3222,3221,24.83900967611296,,False
3223,254,3.225845532260564,Ngõ 5 Hoàng Tích Trí,False
3223,256,16.639813576976845,Ngõ 5 Hoàng Tích Trí,False
3223,3224,14.232094049984438,,False
3224,3225,1.334341004661355,,False
3224,3223,14.232094049984438,,False
3225,3226,2.0584460610168924,,False
3225,3224,1.334341004661355,,False
3226,3227,10.88352826988507,,False
3226,3225,2.0584460610168924,,False
3227,3226,10.88352826988507,,False
3228,1459,15.096724748679163,,False
3229,3114,15.308061676021245,Ngõ 61 Phố Tây Sơn,False
3229,3232,4.027132592281499,Ngõ 61 Phố Tây Sơn,False
3230,3231,3.0330265816090938,Ngõ 61 Phố Tây Sơn,False
3230,2429,25.33244303599015,Ngõ 61 Phố Tây Sơn,False
3231,3232,3.042909624720913,Ngõ 61 Phố Tây Sơn,False
3231,3230,3.0330265816090938,Ngõ 61 Phố Tây Sơn,False
3232,3229,4.027132592281499,Ngõ 61 Phố Tây Sơn,False
3232,3231,3.042909624720913,Ngõ 61 Phố Tây Sơn,False
3233,3234,4.854481228040172,Ngách 48/119 Hồ Đắc Di,False
3233,3113,19.643414322518097,Ngách 48/119 Hồ Đắc Di,False
3234,41,5.844366541098357,Ngách 48/119 Hồ Đắc Di,False
3234,3233,4.854481228040172,Ngách 48/119 Hồ Đắc Di,False
3235,3237,2.960599373977977,Ngõ 61 Phố Tây Sơn,False
3235,3114,65.5251254390863,Ngõ 61 Phố Tây Sơn,False
3236,1605,1.9893558527539683,,False
3236,1604,1.842113486085424,,False
3237,3116,2.7884105191570905,Ngõ 61 Phố Tây Sơn,False
3237,3235,2.960599373977977,Ngõ 61 Phố Tây Sơn,False
3238,1155,17.005428361353257,,False
3239,1155,10.779818868860357,,False
3240,3241,13.93638774064392,,False
3240,3300,6.064500740895695,,False
3241,3271,3.081840455977721,,False
3241,3240,13.93638774064392,,False
3242,3243,12.022699637817906,,False
3242,3271,2.786159360309143,,False
3243,3244,10.077633227966404,,False
3243,3242,12.022699637817906,,False
3244,3279,11.469219333352427,,False
3244,3243,10.077633227966404,,False
3245,3246,13.800032888228843,,False
3245,3279,6.8419427664820045,,False
3246,3249,4.037379831411057,,False
3246,3245,13.800032888228843,,False
3247,3248,10.23832798796235,,False
3247,3249,15.031266329734878,,False
3248,1593,5.832394096063357,Ngõ 41 Đông Tác,False
3248,1595,11.886410922060394,Ngõ 41 Đông Tác,False
3248,3247,10.23832798796235,,False
3249,3247,15.031266329734878,,False
3249,3246,4.037379831411057,,False
3249,3250,18.142029188823635,,False
3250,3284,5.96036418807304,,False
3250,3249,18.142029188823635,,False
3251,3252,13.749259295862354,,False
3251,3284,4.407502437093683,,False
3252,1582,4.738952292207262,Ngõ 41 Đông Tác,False
3252,1583,4.6272933800349065,Ngõ 41 Đông Tác,False
3252,3251,13.749259295862354,,False
3253,3285,11.41344407991008,Ngõ 41 Đông Tác,False
3253,1582,13.675610293647422,Ngõ 41 Đông Tác,False
3254,3255,17.745903089003413,Ngõ 41 Đông Tác,False
3254,3285,1.7893354638451595,Ngõ 41 Đông Tác,False
3255,3287,1.7710466308963395,Ngõ 41 Đông Tác,False
3255,3254,17.745903089003413,Ngõ 41 Đông Tác,False
3256,898,3.218410385790756,Ngõ 41 Đông Tác,False
3256,3257,5.587720118684996,Ngõ 41 Đông Tác,False
3257,3256,5.587720118684996,Ngõ 41 Đông Tác,False
3257,3258,3.0290632128429835,Ngõ 41 Đông Tác,False
3258,3257,3.0290632128429835,Ngõ 41 Đông Tác,False
3258,3287,12.351721247512572,Ngõ 41 Đông Tác,False
3259,1585,5.269228168653413,,False
3259,1586,12.113428666238669,,False
3260,1590,3.271077510705304,,False
3260,3261,4.181297184970942,,False
3261,3260,4.181297184970942,,False
3261,3262,7.682680412607445,,False
3262,3261,7.682680412607445,,False
3262,1734,6.814284179227965,,False
3263,1734,5.160846477722658,,False
3263,3089,2.823906881186357,,False
3264,3089,2.491242260388422,,False
3264,3276,2.204963445192317,,False
3265,1151,2.053592006766597,Ngõ 19 Đông Tác,False
3265,232,5.2572809119960215,Ngõ 19 Đông Tác,False
3265,3266,32.08357821960653,,False
3266,3267,8.764135491456686,,False
3266,3265,32.08357821960653,,False
3267,3266,8.764135491456686,,False
3268,1154,4.768025283406875,Ngõ 19 Đông Tác,False
3268,1153,2.198719847240825,Ngõ 19 Đông Tác,False
3268,3269,8.957439491284992,,False
3269,3270,12.419947891317898,,False
3269,3268,8.957439491284992,,False
3270,3271,8.33800650188868,,False
3270,3269,12.419947891317898,,False
3271,3242,2.786159360309143,,False
3271,3241,3.081840455977721,,False
3271,3272,11.80080773510374,,False
3271,3270,8.33800650188868,,False
3272,3271,11.80080773510374,,False
3273,1728,14.078697600204592,Ngõ 41 Đông Tác,False
3273,3274,5.812420873709331,Ngõ 41 Đông Tác,False
3274,3273,5.812420873709331,Ngõ 41 Đông Tác,False
3274,3275,1.9147025457887776,Ngõ 41 Đông Tác,False
3275,3274,1.9147025457887776,Ngõ 41 Đông Tác,False
3275,1727,5.034587468740611,Ngõ 41 Đông Tác,False
3276,3264,2.204963445192317,,False
3276,1731,49.71309393468828,,False
3276,3277,17.636284235189084,,False
3277,3278,12.348462275245364,,False
3277,3276,17.636284235189084,,False
3278,3277,12.348462275245364,,False
3279,3245,6.8419427664820045,,False
3279,3244,11.469219333352427,,False
3279,3280,7.789184785308156,,False
3280,3281,14.761343099878593,,False
3280,3279,7.789184785308156,,False
3281,3282,3.6762804932449535,,False
3281,3280,14.761343099878593,,False
3282,3283,9.16978050570776,,False
3282,3281,3.6762804932449535,,False
3283,3284,7.189724494056236,,False
3283,3282,9.16978050570776,,False
3284,3251,4.407502437093683,,False
3284,3250,5.96036418807304,,False
3284,3283,7.189724494056236,,False
3285,3254,1.7893354638451595,Ngõ 41 Đông Tác,False
3285,3253,11.41344407991008,Ngõ 41 Đông Tác,False
3285,3286,21.099645588285377,,False
3286,3285,21.099645588285377,,False
3287,3258,12.351721247512572,Ngõ 41 Đông Tác,False
3287,3255,1.7710466308963395,Ngõ 41 Đông Tác,False
3287,3288,14.598956493703366,,False
3288,3289,6.140305749375173,,False
3288,3287,14.598956493703366,,False
3289,3288,6.140305749375173,,False
3290,3291,13.63586174830975,,False
3290,138,4.587718432761039,,False
3291,3292,10.374617654825643,,False
3291,3290,13.63586174830975,,False
3292,3293,9.307132128749403,,False
3292,3291,10.374617654825643,,False
3293,3294,7.905849248856121,,False
3293,3292,9.307132128749403,,False
3294,3295,16.49571161943838,,False
3294,3293,7.905849248856121,,False
3295,3294,16.49571161943838,,False
3296,1730,4.856099205861737,Ngõ 41 Đông Tác,False
3296,1729,12.393745211105896,Ngõ 41 Đông Tác,False
3296,3297,15.943269636886116,,False
3297,3298,13.352347072379857,,False
3297,3296,15.943269636886116,,False
3298,3299,5.137754549536601,,False
3298,3297,13.352347072379857,,False
3299,3298,5.137754549536601,,False
3300,3240,6.064500740895695,,False
3300,1158,1.8722435518668317,,False
3300,3301,17.600988856213313,,False
3301,3300,17.600988856213313,,False
3302,721,5.90524544107178,,False
3302,722,10.813415344814343,,False
3303,1353,35.70388012899662,,False
3303,1341,35.148706308006254,,False
3304,3306,1.5602895565748076,,False
3304,1344,21.11424598571245,,False
3305,3309,1.2382767481234345,,False
3305,3307,2.2754312247704034,,False
3306,3307,1.9780837132458788,,False
3306,3304,1.5602895565748076,,False
3307,3305,2.2754312247704034,,False
3307,3306,1.9780837132458788,,False
3308,1341,8.319516831824078,,False
3308,3309,1.662260643200226,,False
3309,3308,1.662260643200226,,False
3309,3305,1.2382767481234345,,False
3310,1344,19.36019845628438,,False
3310,1354,11.286411213115995,,False
3311,3312,3.569617163318871,,False
3311,1343,4.065315352578788,,False
3312,1342,12.884911349741094,,False
3312,3311,3.569617163318871,,False
3313,1345,4.550112046466941,,False
3313,3314,3.379307221330738,,False
3314,3313,3.379307221330738,,False
3314,1969,32.520835763269446,,False
3315,3316,45.71176052198603,,False
3316,711,22.678002697469072,,False
3316,1345,9.528334818068265,,False
3316,3315,45.71176052198603,,False
3317,3320,9.406398216684098,,False
3317,3318,31.241908943434687,,False
3318,722,23.086614848560167,,False
3318,723,26.273881387938214,,False
3318,3317,31.241908943434687,,False
3319,3487,11.460999051607631,,False
3320,3317,9.406398216684098,,False
3321,1513,20.071072062426836,,False
3321,1514,23.598544354998825,,False
3321,3331,5.468643646942537,,False
3322,3323,3.776778906844435,,False
3322,1513,2.735576336603184,,False
3323,3327,3.3932107370314823,,False
3323,3322,3.776778906844435,,False
3324,3328,7.527062182246229,,False
3324,3327,3.2610787267968084,,False
3325,3328,39.08096676616202,,False
3326,3327,20.38482946733501,,False
3327,3324,3.2610787267968084,,False
3327,3323,3.3932107370314823,,False
3327,3326,20.38482946733501,,False
3328,3325,39.08096676616202,,False
3328,3324,7.527062182246229,,False
3328,3329,10.657348815930362,,False
3329,3330,10.20436525267606,,False
3329,3328,10.657348815930362,,False
3330,3331,7.219597095647167,,False
3330,3329,10.20436525267606,,False
3331,3321,5.468643646942537,,False
3331,3330,7.219597095647167,,False
3332,3333,41.289377295081145,,False
3333,317,58.00310190877141,Ngõ 78 Đường Giải Phóng,False
3333,3335,13.049865254325065,Ngõ 78 Đường Giải Phóng,False
3333,3332,41.289377295081145,,False
3334,3335,36.42054595101081,,False
3335,3333,13.049865254325065,Ngõ 78 Đường Giải Phóng,False
3335,1736,23.33831367120434,Ngõ 78 Đường Giải Phóng,False
3335,3334,36.42054595101081,,False
3336,3088,7.684710116851829,Ngõ 41 Phố Đông Tác,False
3336,347,8.767272036578188,Ngõ 41 Phố Đông Tác,False
3337,3389,2.7208481427262226,Ngõ 9 Lương Định Của,False
3338,657,7.489795638050436,Ngõ 4 Phương Mai,False
3338,292,33.20287482752334,Ngõ 4 Phương Mai,False
3338,653,8.629454261486906,,False
3339,3340,22.6708869272424,,False
3339,1649,26.243900507624986,,False
3340,3342,21.941704804420667,,False
3340,3339,22.6708869272424,,False
3341,1328,4.246108798569927,Ngõ 4 Phố Phương Mai,False
3341,656,5.466106769208288,Ngõ 4 Phố Phương Mai,False
3341,3342,17.19079188137031,,False
3342,3341,17.19079188137031,,False
3342,3340,21.941704804420667,,False
3343,1770,6.274273012655365,Phố Nguyễn Ngọc Doãn,False
3343,2009,25.829523807287508,Phố Nguyễn Ngọc Doãn,False
3343,3344,6.425416803327237,,False
3344,3345,5.280736419087357,,False
3344,3343,6.425416803327237,,False
3345,3346,4.210763471965255,,False
3345,3344,5.280736419087357,,False
3346,2434,9.919858985032027,Phố Đặng Văn Ngữ,False
3346,2009,23.90979102117834,Phố Đặng Văn Ngữ,False
3346,3345,4.210763471965255,,False
3347,289,15.395877847146268,,False
3348,3349,3.3305555591469296,,False
3348,289,75.11326512650831,,False
3349,565,3.874427350470476,,False
3349,3348,3.3305555591469296,,False
3350,3351,3.332648301424652,,False
3350,564,12.60194834664338,,False
3351,563,3.1979241920267585,,False
3351,3350,3.332648301424652,,False
3352,1293,18.689889722953048,,False
3353,2951,20.39710386067128,Ngách 120/68 Đường Trường Chinh,False
3353,116,40.06376880822933,Ngõ 120 Đường Trường Chinh,False
3353,115,49.9194645470855,Ngõ 120 Đường Trường Chinh,False
3354,229,62.27663414455579,Ngõ 31 Lương Định Của,False
3354,1903,5.977447914434721,Ngõ 31 Lương Định Của,False
3355,1335,24.95324729617667,Ngõ 46 Phố Phương Mai,False
3355,1336,28.621322671437404,Ngõ 46 Phố Phương Mai,False
3356,1899,15.946651378702253,,False
3356,3154,20.230645975026917,,False
3357,155,25.51808613681355,Ngõ 11 Lương Định Của,False
3357,154,3.1152362149454564,Ngõ 11 Lương Định Của,False
3358,451,36.35461595986756,,False
3358,703,9.23075563075735,,False
3359,1606,31.961526111938063,,False
3359,554,27.107865747433763,,False
3360,1,68.22847275402829,Phố Tây Sơn,True
3361,3362,17.86932734160242,Ngách 66 Ngõ 9 Lương Định Của,False
3361,171,11.302555231612068,Ngách 66 Ngõ 9 Lương Định Của,False
3362,3363,13.278835240480236,Ngách 66 Ngõ 9 Lương Định Của,False
3362,3361,17.86932734160242,Ngách 66 Ngõ 9 Lương Định Của,False
3363,3362,13.278835240480236,Ngách 66 Ngõ 9 Lương Định Của,False
3364,3389,40.13265295643134,Ngõ 9 Lương Định Của,False
3364,171,11.776482212229311,Ngõ 9 Lương Định Của,False
3365,1566,16.78605183751103,,False
3365,3366,30.91745506335293,,False
3365,2709,10.372601835350888,Ngõ 29 Phố Xã Đàn,False
3365,2707,9.31063088688818,Ngõ 29 Phố Xã Đàn,False
3366,3365,30.91745506335293,,False
3366,1141,24.9848222284676,,False
3366,2716,9.781864770913169,Ngõ 43 Xã Đàn,False
3366,2715,9.906001163340326,Ngõ 43 Xã Đàn,False
3367,1211,6.641962714729151,Ngõ 46D Phạm Ngọc Thạch,False
3367,601,10.000975125455954,Phố Phạm Ngọc Thạch,True
3368,365,6.087471600804198,Ngõ 102 Trường Chinh,False
3368,510,71.54937640700477,Ngõ 102 Trường Chinh,False
3369,1393,18.355456799344758,Phố Khương Thượng,False
3369,701,13.16678081676269,Phố Khương Thượng,False
3370,2313,15.427694687403262,Ngõ 21 Phạm Ngọc Thạch,False
3370,266,14.588035436143226,Ngõ 21 Phạm Ngọc Thạch,False
3371,3414,47.0546253600156,Ngõ Hồ Hố Mẻ,False
3371,526,21.85731796280348,Ngõ Hồ Hố Mẻ,False
3372,3411,47.58428522195548,Ngõ Hồ Hố Mẻ,False
3372,3414,39.52109973221085,Ngõ Hồ Hố Mẻ,False
3373,525,18.825696305444247,Ngõ Hồ Hố Mẻ,False
3373,524,45.07780242171328,Ngõ Hồ Hố Mẻ,False
3373,3374,42.51179262695009,Ngõ Hồ Hố Mẻ,False
3374,3375,26.33269909947503,Ngõ Hồ Hố Mẻ,False
3374,3373,42.51179262695009,Ngõ Hồ Hố Mẻ,False
3375,3374,26.33269909947503,Ngõ Hồ Hố Mẻ,False
3376,680,19.70356947789537,,False
3376,1698,13.533357581398937,,False
3376,3377,14.879839850017463,,False
3377,3376,14.879839850017463,,False
3378,3379,35.11500881818993,Ngõ 10 Giải Phóng,False
3378,1701,23.80359971694077,Ngõ 10 Giải Phóng,False
3379,3385,17.06845797777832,Ngõ 10 Giải Phóng,False
3379,3378,35.11500881818993,Ngõ 10 Giải Phóng,False
3380,3385,51.68338091648397,Ngõ 10 Giải Phóng,False
3381,402,70.89064405095958,Đường Giải Phóng,True
3381,3383,9.37647361249248,Đường Giải Phóng,False
3382,1701,24.05852046020924,Đường Giải Phóng,False
3382,995,4.381312439803235,Đường Giải Phóng,False
3383,1791,11.657686975110249,,False
3383,1790,7.918423660199099,,False
3383,995,4.702682089943584,Đường Giải Phóng,False
3383,3381,9.37647361249248,Đường Giải Phóng,False
3384,2721,10.423947706355998,,False
3384,800,8.109052260672133,,False
3385,3380,51.68338091648397,Ngõ 10 Giải Phóng,False
3385,3379,17.06845797777832,Ngõ 10 Giải Phóng,False
3386,1623,13.846262255875184,,False
3386,3387,28.6490040658983,,False
3387,3386,28.6490040658983,,False
3387,470,19.56431483452964,,False
3388,469,8.863446428245156,,False
3388,1623,5.031043545556813,,False
3389,3337,2.7208481427262226,Ngõ 9 Lương Định Của,False
3389,3364,40.13265295643134,Ngõ 9 Lương Định Của,False
3389,3390,14.740759395837111,Ngách 39 Ngõ 9 Lương Định Của,False
3390,3391,24.103674768540984,Ngách 39 Ngõ 9 Lương Định Của,False
3390,3389,14.740759395837111,Ngách 39 Ngõ 9 Lương Định Của,False
3391,3390,24.103674768540984,Ngách 39 Ngõ 9 Lương Định Của,False
3392,689,10.185517276641209,Đường Giải Phóng,False
3392,690,65.53874488294849,Đường Giải Phóng,False
3392,3393,10.141809740531103,Ngõ 24 Giải Phóng,False
3393,1114,5.863638333782874,Ngõ 24 Giải Phóng,False
3393,3392,10.141809740531103,Ngõ 24 Giải Phóng,False
3394,3395,15.72661161999833,,False
3394,1634,19.327061320277178,,False
3395,897,4.405392687709831,,False
3395,3394,15.72661161999833,,False
3395,3397,30.980960773085418,Đường Giải Phóng,False
3396,3397,6.727815118420701,Đường Giải Phóng,False
3397,3396,6.727815118420701,Đường Giải Phóng,False
3397,3395,30.980960773085418,Đường Giải Phóng,False
3398,925,28.13525131636281,Đường Trường Chinh,True
3399,3398,15.4281076484082,Đường Trường Chinh,True
3400,736,25.186210761393266,Phố Xã Đàn,True
3400,3424,7.901719272473468,Ngõ 83 Xã Đàn,False
3401,3402,13.750218808557776,Ngõ 83 Xã Đàn,False
3401,3424,12.933392043763227,Ngõ 83 Xã Đàn,False
3402,3405,10.345340528464346,Ngõ 83 Xã Đàn,False
3402,3401,13.750218808557776,Ngõ 83 Xã Đàn,False
3403,3404,12.213327620683554,Ngõ 83 Xã Đàn,False
3403,3405,6.388130273259692,Ngõ 83 Xã Đàn,False
3404,3403,12.213327620683554,Ngõ 83 Xã Đàn,False
3405,3403,6.388130273259692,Ngõ 83 Xã Đàn,False
3405,3402,10.345340528464346,Ngõ 83 Xã Đàn,False
3405,3406,18.14114822610869,Ngõ 83 Xã Đàn,False
3406,3405,18.14114822610869,Ngõ 83 Xã Đàn,False
3407,240,3.1426424708162584,Ngõ 97 Phạm Ngọc Thạch,False
3407,68,31.675629349361657,Ngõ 97 Phạm Ngọc Thạch,False
3407,3408,14.709803563444025,,False
3408,3407,14.709803563444025,,False
3409,648,16.741672318200592,,False
3409,2338,9.077052540959215,,False
3409,3410,51.99504625458983,,False
3410,2347,7.989746579181157,,False
3410,677,37.15735665262528,,False
3410,3409,51.99504625458983,,False
3411,3412,16.932332137005197,Ngõ Hồ Hố Mẻ,False
3411,3372,47.58428522195548,Ngõ Hồ Hố Mẻ,False
3412,1127,17.45277084424036,Ngõ Hồ Hố Mẻ,False
3412,3411,16.932332137005197,Ngõ Hồ Hố Mẻ,False
3413,727,12.978187319680217,Ngõ Hồ Hố Mẻ,False
3413,526,46.180564262412354,Ngõ Hồ Hố Mẻ,False
3413,3414,18.515468216787728,,False
3414,3372,39.52109973221085,Ngõ Hồ Hố Mẻ,False
3414,3371,47.0546253600156,Ngõ Hồ Hố Mẻ,False
3414,3413,18.515468216787728,,False
3415,790,11.09169221336371,,False
3415,788,2.587027182219819,,False
3416,791,9.998753012051532,,False
3416,789,3.1285687843194534,,False
3417,1819,0.847058053618127,,False
3418,1660,15.549668337522814,,False
3418,631,49.30128745697475,,False
3419,942,23.908349637976755,Ngõ 72 Tôn Thất Tùng,False
3419,943,13.804420044368094,Ngõ 72 Tôn Thất Tùng,False
3420,3421,63.56415923695496,Phố Xã Đàn,True
3421,3441,12.400215854904395,Phố Xã Đàn,True
3422,5,43.66986172480281,Hầm chui Kim Liên,True
3423,107,12.4656158962932,Phố Xã Đàn,True
3424,1140,26.92649206355638,,False
3424,1139,23.03748193593221,,False
3424,3401,12.933392043763227,Ngõ 83 Xã Đàn,False
3424,3400,7.901719272473468,Ngõ 83 Xã Đàn,False
3425,3431,34.12661839713579,Phố Chùa Bộc,True
3425,3481,5.721604112715387,Ngõ 20 Chùa Bộc,False
3426,3427,4.089430113649426,Ngõ 20 Chùa Bộc,False
3426,3481,4.8221165464927696,Ngõ 20 Chùa Bộc,False
3427,3428,15.161071099873183,Ngõ 20 Chùa Bộc,False
3427,3426,4.089430113649426,Ngõ 20 Chùa Bộc,False
3428,3427,15.161071099873183,Ngõ 20 Chùa Bộc,False
3429,2850,102.1394327566138,Phố Chùa Bộc,True
3429,3479,4.9512208763802485,Ngõ 60 Chùa Bộc,False
3430,3479,17.790364936906737,Ngõ 60 Chùa Bộc,False
3431,3429,16.25644960124605,Phố Chùa Bộc,True
3431,3480,5.160794268424384,Ngõ 56 Chùa Bộc,False
3432,3433,6.94769898515143,Ngõ 56 Chùa Bộc,False
3432,3480,16.109711158691475,Ngõ 56 Chùa Bộc,False
3433,3432,6.94769898515143,Ngõ 56 Chùa Bộc,False
3434,1026,64.76800468061651,Đường Vành đai 2,True
3435,1129,58.78801943494133,Đường Vành đai 2,True
3436,2257,80.11302374666954,Đường Vành đai 2,True
3437,3438,61.23205812431372,,True
3438,921,49.36111690945812,,True
3439,921,114.73726508465916,Đường Vành đai 2,True
3440,922,213.36127281728795,Đường Vành đai 2,True
3441,2359,10.837394758850294,Phố Hoàng Tích Trí,False
3441,4,24.35617868737772,Phố Xã Đàn,True
3442,3443,62.35141539270608,Phố Phạm Ngọc Thạch,True
3443,2274,7.3999814192194675,,False
3443,760,11.840354552460994,,False
3443,128,21.04289593130966,Phố Phạm Ngọc Thạch,True
3444,847,10.54425614554732,Phố Phạm Ngọc Thạch,True
3445,1035,85.52073222257273,,False
3445,3449,4.67181698810013,,False
3446,3447,4.825967109257942,Ngõ 46D Phạm Ngọc Thạch,False
3446,3448,3.02537899842913,Ngõ 46D Phạm Ngọc Thạch,False
3446,2020,81.20017744735605,,False
3447,1211,19.941415642490597,Ngõ 46D Phạm Ngọc Thạch,False
3447,3446,4.825967109257942,Ngõ 46D Phạm Ngọc Thạch,False
3448,3446,3.02537899842913,Ngõ 46D Phạm Ngọc Thạch,False
3448,650,12.680707302678435,Ngõ 46D Phạm Ngọc Thạch,False
3449,650,2.6106747119770213,Ngõ 46D Phạm Ngọc Thạch,False
3449,3450,5.982985988853221,Ngõ 46D Phạm Ngọc Thạch,False
3449,3445,4.67181698810013,,False
3450,3449,5.982985988853221,Ngõ 46D Phạm Ngọc Thạch,False
3450,1036,33.76332875244452,Ngõ 46D Phạm Ngọc Thạch,False
3450,3451,88.96121706905915,,False
3451,604,35.12750923601365,Ngõ 46C Phạm Ngọc Thạch,False
3451,1035,8.22748695410433,Ngõ 46C Phạm Ngọc Thạch,False
3451,3450,88.96121706905915,,False
3452,448,94.76558419053993,,False
3452,450,74.91114217979798,,True
3453,477,31.891866109475863,,False
3453,450,9.121990619910598,,False
3454,3455,1.3758664494482484,Ngõ 257 Phố Chùa Bộc,False
3454,628,11.27288502513288,Ngõ 257 Phố Chùa Bộc,False
3455,627,5.803741459810166,Ngõ 257 Phố Chùa Bộc,False
3455,3454,1.3758664494482484,Ngõ 257 Phố Chùa Bộc,False
3456,3457,4.177392912484093,,False
3456,687,5.552223964783773,,False
3457,3458,4.204704071829787,,False
3457,3456,4.177392912484093,,False
3458,3460,5.194714987431698,,False
3458,3457,4.204704071829787,,False
3459,1756,14.165410138191868,,False
3459,3460,6.270890354972801,,False
3460,3459,6.270890354972801,,False
3460,3458,5.194714987431698,,False
3461,627,5.200168152219052,Ngõ 231 Phố Chùa Bộc,False
3461,2675,17.386274955913496,Ngõ 231 Phố Chùa Bộc,False
3462,1735,6.152558436120923,,True
3463,104,41.85718834984944,Đường Giải Phóng,True
3464,3465,11.251409153694594,,True
3465,482,8.65188669831107,,True
3466,198,24.190961260025546,Ngõ 1 Tôn Thất Tùng,False
3466,270,34.097753089322744,Ngõ 1 Tôn Thất Tùng,False
3466,3467,80.64167042995297,,False
3467,3466,80.64167042995297,,False
3468,3471,6.850120568376898,Đường Giải Phóng,True
3468,3477,7.889628155990698,,True
3469,3470,6.86186745320101,,True
3470,3478,17.720577449839798,,True
3471,137,33.827967142917004,Đường Giải Phóng,True
3472,711,45.74846818520704,,False
3472,712,34.093938829489495,,False
3472,3473,15.730937769013414,,False
3473,3474,23.14971631026177,,False
3473,3472,15.730937769013414,,False
3474,3473,23.14971631026177,,False
3475,932,43.45290224814259,Đường Trường Chinh,True
3476,1798,50.746170031664505,,False
3476,3477,6.850749780129509,,False
3476,3471,7.931152825756285,,True
3477,3476,6.850749780129509,,False
3477,1797,17.771703175833604,,False
3477,993,2.668053194144609,,True
3478,3476,2.719840283349172,,True
3479,3480,16.376345691417413,,False
3479,2266,26.478780065410017,,False
3479,3430,17.790364936906737,Ngõ 60 Chùa Bộc,False
3479,3429,4.9512208763802485,Ngõ 60 Chùa Bộc,False
3480,3481,35.12790995980731,,False
3480,3479,16.376345691417413,,False
3480,3432,16.109711158691475,Ngõ 56 Chùa Bộc,False
3480,3431,5.160794268424384,Ngõ 56 Chùa Bộc,False
3481,2267,17.998989223224765,,False
3481,3480,35.12790995980731,,False
3481,3426,4.8221165464927696,Ngõ 20 Chùa Bộc,False
3481,3425,5.721604112715387,Ngõ 20 Chùa Bộc,False
3482,1048,9.07801794403118,,False
3482,1049,39.60887261770088,,False
3482,2955,36.24160064543642,Ngõ 317 Phố Tây Sơn,False
3482,97,10.6259828966871,Ngõ 317 Phố Tây Sơn,False
3483,612,8.294090799212663,,False
3483,611,1.7620833247394176,,False
3484,612,8.163106688323749,,False
3485,3486,6.002112427998615,Ngõ 119 Hồ Đắc Di,False
3485,612,9.131205016319068,Ngõ 119 Hồ Đắc Di,False
3486,3485,6.002112427998615,Ngõ 119 Hồ Đắc Di,False
3487,3319,11.460999051607631,,False
3487,720,10.394734629571214,,False
3488,718,5.5603216609733375,,False
3488,725,26.60435906372408,,False
3489,2484,19.05460976886699,Ngõ 592 Trường Chinh,False
3489,907,17.426770916718247,Ngõ 592 Trường Chinh,False
3489,3490,14.479337287097936,,False
3490,3489,14.479337287097936,,False
3491,3492,5.952764284490704,Ngõ 25 Phố Hồ Đắc Di,False
3492,3491,5.952764284490704,Ngõ 25 Phố Hồ Đắc Di,False
3492,1269,6.531551475876373,Ngõ 25 Phố Hồ Đắc Di,False
3493,3495,24.385498444814505,,False
3493,175,19.920020153252057,,False
3493,3494,46.05516286641033,,False
3494,3496,24.36578655889255,,False
3494,3493,46.05516286641033,,False
3495,1275,7.565033393749077,,False
3495,3493,24.385498444814505,,False
3495,3496,45.95216910724776,,False
3496,3495,45.95216910724776,,False
3496,3494,24.36578655889255,,False
3497,38,4.645249791907082,,False
3497,1275,14.0996643655928,,False
3497,3498,45.9931061311067,,False
3498,3499,20.547899827211825,,False
3498,3497,45.9931061311067,,False
3499,3500,46.21374239907552,,False
3499,3498,20.547899827211825,,False
3500,2913,13.06813806398905,,False
3500,38,15.913908226751808,,False
3500,3499,46.21374239907552,,False
3501,1544,12.47319690280533,,False
3502,3503,28.48296898908028,Ngõ 169 Phố Tây Sơn,False
3502,1491,9.7818132386813,Ngõ 169 Phố Tây Sơn,False
3503,3504,6.852733762812393,Ngõ 169 Phố Tây Sơn,False
3503,3502,28.48296898908028,Ngõ 169 Phố Tây Sơn,False
3504,3505,38.44666172997823,Ngõ 169 Phố Tây Sơn,False
3504,3503,6.852733762812393,Ngõ 169 Phố Tây Sơn,False
3505,580,10.151715385907504,,False
3505,579,80.48605224235035,,False
3505,3504,38.44666172997823,Ngõ 169 Phố Tây Sơn,False
3506,1266,15.22267832715792,,False
3506,1267,38.60312938282573,,False
3506,2650,24.32830863130318,,False
3507,1773,3.8588503586769143,Phố Nguyễn Ngọc Doãn,False
3507,2012,34.641571758265854,Phố Nguyễn Ngọc Doãn,False
3507,1265,5.708461425300409,,False
3508,3509,8.35321496654812,,False
3508,3579,1.8530065920930632,,False
3509,3508,8.35321496654812,,False
3509,279,39.25967701961977,,False
3509,3535,18.23557138768398,,False
3510,3568,15.014941141799872,,False
3510,3547,16.9681602146291,,False
3510,3571,21.16656551967205,,False
3511,3557,25.14151848974097,,False
3511,595,49.52779398693306,,False
3511,3521,23.501603020245277,,False
3511,3524,2.633853468495952,,False
3512,3546,14.137270279788,,False
3512,3568,16.620341507509785,,False
3512,3570,19.962477718385323,,False
3513,3561,17.449660280980375,,False
3513,3600,3.806118017395989,,False
3514,3521,4.674899496879888,,False
3515,3571,19.184193414584325,,False
3515,3567,15.28827626642735,,False
3515,3569,5.938734417461952,,False
3516,3579,4.759621044792123,,False
3516,3520,1.6853199573373971,,False
3517,3567,15.745452737817358,,False
3517,3570,20.12362176744921,,False
3517,3520,2.2037907565814825,,False
3518,1003,3.241074238585877,,False
3518,2477,46.96004689076056,,False
3519,2505,4.696718867663061,Ngách 12/2 Phố Chùa Bộc,False
3519,2503,2.0329632790134577,Ngách 12/2 Phố Chùa Bộc,False
3520,3516,1.6853199573373971,,False
3520,3517,2.2037907565814825,,False
3521,3514,4.674899496879888,,False
3521,3511,23.501603020245277,,False
3522,285,24.959516031096328,,False
3523,3528,0.918378858607707,,False
3524,3529,10.598148865890888,,False
3524,3511,2.633853468495952,,False
3524,3556,25.172573525503147,,False
3525,3551,7.940134334537191,,False
3525,3580,15.684080208740056,,False
3525,595,2.818885819593093,,False
3526,3581,14.953365960435532,,False
3526,3550,10.263883903085064,,False
3526,1004,3.530714382409195,,False
3527,3530,7.675272127138399,,False
3527,3528,2.182535394833121,,False
3528,3523,0.918378858607707,,False
3528,1004,46.43398198435903,,False
3528,3527,2.182535394833121,,False
3529,3580,21.32897215632751,,False
3529,3524,10.598148865890888,,False
3529,3552,7.990519034323216,,False
3530,3527,7.675272127138399,,False
3530,3581,21.294453664954407,,False
3530,3553,10.958315959344258,,False
3531,3558,1.6432081662265403,,False
3532,3551,15.79628036046268,,False
3532,3552,21.083459096216878,,False
3532,3580,7.764258947534858,,False
3532,3574,14.837373763186116,,False
3533,3550,15.343717243798569,,False
3533,3553,21.174864848463223,,False
3533,3581,10.508405493069423,,False
3533,3575,15.539326848407253,,False
3534,3559,5.301360766171267,,False
3535,3536,10.489322825777515,,False
3535,3540,12.495283626476423,,False
3535,3509,18.23557138768398,,False
3536,3537,3.215367843997903,,False
3536,3535,10.489322825777515,,False
3537,3538,6.722886148359066,,False
3537,3536,3.215367843997903,,False
3538,3539,29.07298402640179,,False
3538,3537,6.722886148359066,,False
3539,3538,29.07298402640179,,False
3540,3541,7.516531305017905,,False
3540,3535,12.495283626476423,,False
3541,3582,7.214444332428066,,False
3541,3540,7.516531305017905,,False
3542,3543,23.40314111242501,,False
3542,3600,9.447155073230428,,False
3542,3602,3.759371489330356,,False
3543,3544,30.14039432733499,,False
3543,3542,23.40314111242501,,False
3544,3545,46.05899853156826,,False
3544,3543,30.14039432733499,,False
3545,3573,18.501165438289643,,False
3545,3544,46.05899853156826,,False
3545,3560,7.479704277216991,,False
3546,279,3.666458117949035,,False
3546,3512,14.137270279788,,False
3547,3510,16.9681602146291,,False
3547,1003,5.147185362254227,,False
3548,3549,19.072163795055783,,False
3548,3574,20.45219068649864,,False
3548,3552,14.770497824098287,,False
3549,3575,20.44666807195996,,False
3549,3548,19.072163795055783,,False
3549,3553,14.944357108669733,,False
3550,3526,10.263883903085064,,False
3550,3555,15.475750343687826,,False
3550,3533,15.343717243798569,,False
3551,3554,14.39846138878488,,False
3551,3525,7.940134334537191,,False
3551,3532,15.79628036046268,,False
3552,3532,21.083459096216878,,False
3552,3558,10.664557680586071,,False
3552,3529,7.990519034323216,,False
3552,3548,14.770497824098287,,False
3553,3559,7.695921802890819,,False
3553,3533,21.174864848463223,,False
3553,3530,10.958315959344258,,False
3553,3549,14.944357108669733,,False
3554,3555,19.643193896355235,,False
3554,3551,14.39846138878488,,False
3554,3574,15.86752552175603,,False
3555,3550,15.475750343687826,,False
3555,3554,19.643193896355235,,False
3555,3575,15.744663786539824,,False
3556,3557,2.4973314941288898,,False
3556,3524,25.172573525503147,,False
3557,278,1.0197968279868317,,False
3557,3511,25.14151848974097,,False
3557,3556,2.4973314941288898,,False
3558,3552,10.664557680586071,,False
3558,3531,1.6432081662265403,,False
3559,3534,5.301360766171267,,False
3559,3553,7.695921802890819,,False
3560,3590,4.201848764606224,,False
3560,3545,7.479704277216991,,False
3561,3513,17.449660280980375,,False
3561,3598,8.37360349763651,,False
3561,3592,9.56143276148006,,False
3562,277,5.67264766287324,,False
3562,274,6.565209807935196,,False
3562,3566,6.930588366586534,,False
3563,3564,2.607791003362764,,False
3563,3566,5.298490436895971,,False
3564,3565,3.283831854623464,,False
3564,3563,2.607791003362764,,False
3565,280,30.471140536655675,Ngõ 12 Chùa Bộc,True
3565,3564,3.283831854623464,,False
3566,3563,5.298490436895971,,False
3566,3562,6.930588366586534,,False
3567,3515,15.28827626642735,,False
3567,3517,15.745452737817358,,False
3567,3585,16.52505979530636,,False
3568,3512,16.620341507509785,,False
3568,3510,15.014941141799872,,False
3568,3589,18.25718146749041,,False
3569,3515,5.938734417461952,,False
3569,3576,4.775647875213293,,False
3570,3517,20.12362176744921,,False
3570,3512,19.962477718385323,,False
3570,3572,16.406048238145036,,False
3571,3510,21.16656551967205,,False
3571,3515,19.184193414584325,,False
3571,3587,12.578749716991943,,False
3572,3589,2.6238558343737783,,False
3572,3585,2.956612824288468,,False
3572,3570,16.406048238145036,,False
3573,3594,2.01780049374036,,False
3573,595,16.30650437278823,,False
3573,3545,18.501165438289643,,False
3574,3548,20.45219068649864,,False
3574,3575,19.08632002974537,,False
3574,3532,14.837373763186116,,False
3574,3554,15.86752552175603,,False
3575,3574,19.08632002974537,,False
3575,3549,20.44666807195996,,False
3575,3533,15.539326848407253,,False
3575,3555,15.744663786539824,,False
3576,3569,4.775647875213293,,False
3577,2478,6.514014293660571,,False
3577,1007,23.50662308293041,,False
3577,3578,46.60408926414017,,False
3578,3577,46.60408926414017,,False
3579,3516,4.759621044792123,,False
3579,3508,1.8530065920930632,,False
3580,3525,15.684080208740056,,False
3580,3529,21.32897215632751,,False
3580,3532,7.764258947534858,,False
3581,3530,21.294453664954407,,False
3581,3526,14.953365960435532,,False
3581,3533,10.508405493069423,,False
3582,3583,24.07617840903789,,False
3582,3541,7.214444332428066,,False
3582,3595,8.966755092258103,,False
3583,3584,27.45900508136056,,False
3583,3582,24.07617840903789,,False
3584,3583,27.45900508136056,,False
3585,3572,2.956612824288468,,False
3585,3567,16.52505979530636,,False
3585,3586,2.261713814055245,,False
3586,3587,2.3377612835138186,,False
3586,3585,2.261713814055245,,False
3587,3588,1.9815920895423813,,False
3587,3586,2.3377612835138186,,False
3587,3571,12.578749716991943,,False
3588,3589,2.237350538183119,,False
3588,3587,1.9815920895423813,,False
3589,3568,18.25718146749041,,False
3589,3572,2.6238558343737783,,False
3589,3588,2.237350538183119,,False
3590,3592,17.07660566461027,,False
3590,3560,4.201848764606224,,False
3590,3597,6.774101670795808,,False
3590,3591,8.570777731370365,,False
3591,595,22.37698902130661,,False
3591,3593,17.360099499062247,,False
3591,3590,8.570777731370365,,False
3592,3561,9.56143276148006,,False
3592,3590,17.07660566461027,,False
3592,3593,8.442106394765906,,False
3592,3596,6.231977099466243,,False
3593,3591,17.360099499062247,,False
3593,3598,9.416611708807553,,False
3593,3592,8.442106394765906,,False
3594,1005,8.969242882060232,,False
3594,3573,2.01780049374036,,False
3595,3602,19.78114210021113,,False
3595,3582,8.966755092258103,,False
3596,3592,6.231977099466243,,False
3597,3590,6.774101670795808,,False
3598,3593,9.416611708807553,,False
3598,3599,2.304169706988646,,False
3598,3561,8.37360349763651,,False
3599,3598,2.304169706988646,,False
3599,279,1.9567639992280907,,False
3600,3542,9.447155073230428,,False
3600,3513,3.806118017395989,,False
3600,3601,3.980631051089548,,False
3601,279,28.53484796857361,,False
3601,3600,3.980631051089548,,False
3601,3602,10.631096507167127,,False
3602,3542,3.759371489330356,,False
3602,3595,19.78114210021113,,False
3602,3601,10.631096507167127,,False
