osmid,id,y,x,street_count,highway,railway,ref,geometry
81804688,0,21.010617,105.8251515,3,,,,POINT (105.8251515 21.010617)
81805393,1,21.0088234,105.82426,3,,,,POINT (105.82426 21.0088234)
91718187,2,21.0045074,105.8220087,2,,,,POINT (105.8220087 21.0045074)
91718189,3,21.0038464,105.821264,2,,,,POINT (105.821264 21.0038464)
98024382,4,21.0096135,105.8380906,3,,,,POINT (105.8380906 21.0096135)
98024383,5,21.0089992,105.8387044,2,,,,POINT (105.8387044 21.0089992)
98024384,6,21.0086932,105.8390501,2,,,,POINT (105.8390501 21.0086932)
98024386,7,21.0084474,105.839323,2,,,,POINT (105.839323 21.0084474)
98024387,8,21.0077543,105.8406131,2,,,,POINT (105.8406131 21.0077543)
98024920,9,21.0107386,105.8367231,4,,,,POINT (105.8367231 21.0107386)
98025725,10,21.0080247,105.8389618,4,,,,POINT (105.8389618 21.0080247)
98025729,11,21.009484,105.837589,4,,,,POINT (105.837589 21.009484)
98025734,12,21.0103746,105.8367617,4,crossing,,,POINT (105.8367617 21.0103746)
98025738,13,21.0100165,105.835844,4,,,,POINT (105.835844 21.0100165)
98026475,14,21.0064882,105.8316381,3,,,,POINT (105.8316381 21.0064882)
98027287,15,21.0058426,105.8322644,3,,,,POINT (105.8322644 21.0058426)
98027289,16,21.0058451,105.8321987,3,,,,POINT (105.8321987 21.0058451)
98027291,17,21.006077,105.8313959,4,traffic_signals,,,POINT (105.8313959 21.006077)
98027700,18,21.0046831,105.830539,3,,,,POINT (105.830539 21.0046831)
104780979,19,21.0063463,105.8387295,3,,,,POINT (105.8387295 21.0063463)
104782499,20,21.0029956,105.8344107,3,,,,POINT (105.8344107 21.0029956)
104782500,21,21.0034138,105.8360473,4,traffic_signals,,,POINT (105.8360473 21.0034138)
104782501,22,21.0038709,105.8378106,3,,,,POINT (105.8378106 21.0038709)
104782503,23,21.0040554,105.8385279,3,,,,POINT (105.8385279 21.0040554)
104782505,24,21.0041922,105.8411482,2,,level_crossing,,POINT (105.8411482 21.0041922)
104783040,25,21.0015565,105.8360583,3,,,,POINT (105.8360583 21.0015565)
104783042,26,21.0061472,105.8352445,3,,,,POINT (105.8352445 21.0061472)
104783043,27,21.0064226,105.8356204,3,,,,POINT (105.8356204 21.0064226)
104783045,28,21.0083505,105.8338348,3,,,,POINT (105.8338348 21.0083505)
104839740,29,21.0110954,105.8307755,3,,,,POINT (105.8307755 21.0110954)
104839741,30,21.0113157,105.831076,3,,,,POINT (105.831076 21.0113157)
283128685,31,21.0058788,105.8325348,3,,,,POINT (105.8325348 21.0058788)
283136365,32,21.0128613,105.8344207,1,,,,POINT (105.8344207 21.0128613)
283136366,33,21.0135226,105.8338457,2,,,,POINT (105.8338457 21.0135226)
283136369,34,21.0128263,105.8329637,3,,,,POINT (105.8329637 21.0128263)
283136429,35,21.0126973,105.8324889,4,,,,POINT (105.8324889 21.0126973)
283137293,36,21.012374,105.83229,3,,,,POINT (105.83229 21.012374)
283137352,37,21.0105372,105.8329664,3,,,,POINT (105.8329664 21.0105372)
283137360,38,21.0112756,105.8292118,2,,,,POINT (105.8292118 21.0112756)
283137361,39,21.0116755,105.828461,4,,,,POINT (105.828461 21.0116755)
283137460,40,21.010155,105.8275429,2,,,,POINT (105.8275429 21.010155)
283137533,41,21.0111623,105.8277266,3,,,,POINT (105.8277266 21.0111623)
283137534,42,21.0111326,105.8277284,2,,,,POINT (105.8277284 21.0111326)
283137535,43,21.0109952,105.8278042,2,,,,POINT (105.8278042 21.0109952)
283137536,44,21.0109311,105.8278471,2,,,,POINT (105.8278471 21.0109311)
283137537,45,21.0108629,105.8279393,3,,,,POINT (105.8279393 21.0108629)
283137739,46,21.0094598,105.8277324,2,,,,POINT (105.8277324 21.0094598)
283137740,47,21.0098562,105.8268471,3,,,,POINT (105.8268471 21.0098562)
283137741,48,21.0102741,105.8259306,2,,,,POINT (105.8259306 21.0102741)
283137742,49,21.0103607,105.8257409,3,,,,POINT (105.8257409 21.0103607)
283137982,50,21.011869,105.8317114,3,,,,POINT (105.8317114 21.011869)
283138163,51,21.006011,105.8228783,2,,,,POINT (105.8228783 21.006011)
319490596,52,21.0075831,105.8330153,3,,,,POINT (105.8330153 21.0075831)
319490598,53,21.008788,105.8316582,3,,,,POINT (105.8316582 21.008788)
319490620,54,21.0096613,105.8331474,3,,,,POINT (105.8331474 21.0096613)
324286196,55,21.0072345,105.8348649,4,,,,POINT (105.8348649 21.0072345)
420524322,56,21.0035042,105.8208098,2,,,,POINT (105.8208098 21.0035042)
428673758,57,21.0109782,105.8370646,4,,,,POINT (105.8370646 21.0109782)
436170722,58,21.0041897,105.8412431,4,,,,POINT (105.8412431 21.0041897)
442594924,59,21.0040797,105.8215542,2,,,,POINT (105.8215542 21.0040797)
443766296,60,21.007575,105.8412097,2,,level_crossing,,POINT (105.8412097 21.007575)
443789363,61,21.0005633,105.8409738,3,,,,POINT (105.8409738 21.0005633)
444224890,62,21.0069596,105.8322406,2,,,,POINT (105.8322406 21.0069596)
444232546,63,21.0058685,105.8338321,2,,,,POINT (105.8338321 21.0058685)
444232548,64,21.0066906,105.8342326,3,,,,POINT (105.8342326 21.0066906)
444232549,65,21.0063772,105.8338469,2,,,,POINT (105.8338469 21.0063772)
444232550,66,21.0063422,105.8337718,2,,,,POINT (105.8337718 21.0063422)
444232551,67,21.0063287,105.833654,2,,,,POINT (105.833654 21.0063287)
444232552,68,21.0065128,105.8334,2,,,,POINT (105.8334 21.0065128)
444232553,69,21.0065074,105.8343504,3,,,,POINT (105.8343504 21.0065074)
444232554,70,21.0068728,105.8340624,3,,,,POINT (105.8340624 21.0068728)
444232555,71,21.0065027,105.8335969,1,,,,POINT (105.8335969 21.0065027)
444232557,72,21.006993,105.8340084,2,,,,POINT (105.8340084 21.006993)
444232558,73,21.0069184,105.8340681,2,,,,POINT (105.8340681 21.0069184)
444232559,74,21.007695,105.8344419,3,,,,POINT (105.8344419 21.007695)
444232560,75,21.0071861,105.8338348,2,,,,POINT (105.8338348 21.0071861)
1314209678,76,21.0074656,105.8286267,3,,,,POINT (105.8286267 21.0074656)
1314209691,77,21.0091472,105.8248463,3,,,,POINT (105.8248463 21.0091472)
1314209698,78,21.0063287,105.8311553,4,,,,POINT (105.8311553 21.0063287)
1314209711,79,21.0080615,105.8272568,2,,,,POINT (105.8272568 21.0080615)
1314209712,80,21.0065914,105.8306082,3,,,,POINT (105.8306082 21.0065914)
1494031788,81,21.0062207,105.8375751,3,,,,POINT (105.8375751 21.0062207)
1494031790,82,21.0064716,105.8375874,3,,,,POINT (105.8375874 21.0064716)
1494034246,83,21.0016749,105.8411606,2,,,,POINT (105.8411606 21.0016749)
1494034283,84,21.0079136,105.835249,2,,,,POINT (105.835249 21.0079136)
1494035414,85,21.0046693,105.8267871,1,,,,POINT (105.8267871 21.0046693)
1494035416,86,21.0052113,105.8255933,3,,,,POINT (105.8255933 21.0052113)
1494035420,87,21.0061365,105.8235974,2,,,,POINT (105.8235974 21.0061365)
1494035422,88,21.0062834,105.8234419,2,,,,POINT (105.8234419 21.0062834)
1494035423,89,21.0063568,105.8261513,4,,,,POINT (105.8261513 21.0063568)
1494035427,90,21.0067615,105.8231971,3,,,,POINT (105.8231971 21.0067615)
1494041345,91,21.0030372,105.8209319,3,,,,POINT (105.8209319 21.0030372)
1494041346,92,21.0031275,105.8205363,2,traffic_signals,,,POINT (105.8205363 21.0031275)
1494041348,93,21.0031869,105.8207108,2,,,,POINT (105.8207108 21.0031869)
1494041350,94,21.0033001,105.8207165,2,,,,POINT (105.8207165 21.0033001)
1494041352,95,21.0033732,105.8207826,3,,,,POINT (105.8207826 21.0033732)
1494041360,96,21.0037795,105.8212909,2,,,,POINT (105.8212909 21.0037795)
1494041361,97,21.0039796,105.8215448,3,,,,POINT (105.8215448 21.0039796)
1494041363,98,21.0041975,105.8218166,2,,,,POINT (105.8218166 21.0041975)
1494041364,99,21.0042935,105.8219245,2,,,,POINT (105.8219245 21.0042935)
1494041367,100,21.0044497,105.8220767,3,,,,POINT (105.8220767 21.0044497)
1494041372,101,21.0047302,105.8222675,2,,,,POINT (105.8222675 21.0047302)
1494041374,102,21.0048548,105.8223217,3,,,,POINT (105.8223217 21.0048548)
1495020912,103,21.0092908,105.8244986,4,,,,POINT (105.8244986 21.0092908)
1495022752,104,21.007045,105.8413254,3,,,,POINT (105.8413254 21.007045)
1495022753,105,21.0072019,105.8411998,2,,level_crossing,,POINT (105.8411998 21.0072019)
1495022754,106,21.0073795,105.841021,2,,,,POINT (105.841021 21.0073795)
1495022756,107,21.0076693,105.8407052,3,,,,POINT (105.8407052 21.0076693)
1495022976,108,20.9994782,105.8358265,2,,,,POINT (105.8358265 20.9994782)
1495022977,109,20.9997351,105.8356572,2,,,,POINT (105.8356572 20.9997351)
1495022978,110,20.9999646,105.8355199,2,,,,POINT (105.8355199 20.9999646)
1495022979,111,21.0002407,105.8353638,2,,,,POINT (105.8353638 21.0002407)
1495022981,112,21.0006907,105.8351564,2,,,,POINT (105.8351564 21.0006907)
1495022983,113,21.0011285,105.8348897,2,,,,POINT (105.8348897 21.0011285)
1495022984,114,21.0012407,105.834804,4,,,,POINT (105.834804 21.0012407)
1495022987,115,21.0013057,105.8351508,2,,,,POINT (105.8351508 21.0013057)
1495022988,116,21.0015057,105.8359904,3,,,,POINT (105.8359904 21.0015057)
1495022992,117,21.0015257,105.837473,2,,,,POINT (105.837473 21.0015257)
1495022993,118,21.0015498,105.8362421,3,,,,POINT (105.8362421 21.0015498)
1495022995,119,21.0015521,105.8372829,2,,,,POINT (105.8372829 21.0015521)
1495023318,120,21.0047385,105.8286033,2,,,,POINT (105.8286033 21.0047385)
1495023320,121,21.0052119,105.8275868,3,,,,POINT (105.8275868 21.0052119)
1495023340,122,21.0070673,105.8295224,3,,,,POINT (105.8295224 21.0070673)
1497544639,123,21.0121079,105.8261096,2,,,,POINT (105.8261096 21.0121079)
1497961282,124,21.0076004,105.8410389,2,,,,POINT (105.8410389 21.0076004)
1497961283,125,21.0078235,105.8402267,3,,,,POINT (105.8402267 21.0078235)
1497961284,126,21.0079834,105.8391407,2,,,,POINT (105.8391407 21.0079834)
1497961290,127,21.0099262,105.8371762,3,,,,POINT (105.8371762 21.0099262)
1497961292,128,21.0106055,105.8365444,4,,,,POINT (105.8365444 21.0106055)
1497964619,129,21.0108251,105.8369867,4,crossing,,,POINT (105.8369867 21.0108251)
1497969539,130,21.0080304,105.8354258,3,,,,POINT (105.8354258 21.0080304)
1497969541,131,21.0082022,105.8352788,3,,,,POINT (105.8352788 21.0082022)
1497969548,132,21.0083218,105.835173,3,,,,POINT (105.835173 21.0083218)
1497969550,133,21.0083741,105.83625,3,,,,POINT (105.83625 21.0083741)
1497969553,134,21.0085546,105.8360841,4,,,,POINT (105.8360841 21.0085546)
1497969554,135,21.0085787,105.8349456,3,,,,POINT (105.8349456 21.0085787)
1497969556,136,21.009495,105.8352194,3,,,,POINT (105.8352194 21.009495)
1497969787,137,21.0030394,105.8412283,3,,,,POINT (105.8412283 21.0030394)
1497969789,138,21.0044181,105.8340344,3,,,,POINT (105.8340344 21.0044181)
1497969790,139,21.0045946,105.8347557,4,,,,POINT (105.8347557 21.0045946)
1497969791,140,21.00481,105.835639,3,,,,POINT (105.835639 21.00481)
1497969792,141,21.0081797,105.839558,2,,,,POINT (105.839558 21.0081797)
1497969800,142,21.0086192,105.8390015,2,,,,POINT (105.8390015 21.0086192)
1497969864,143,21.0031935,105.8351851,3,,,,POINT (105.8351851 21.0031935)
1497969865,144,21.0034368,105.8333388,1,,,,POINT (105.8333388 21.0034368)
1497969866,145,21.0036744,105.8370455,3,,,,POINT (105.8370455 21.0036744)
1497969867,146,21.0038572,105.8349817,4,,,,POINT (105.8349817 21.0038572)
1497969868,147,21.0039344,105.8369795,2,,,,POINT (105.8369795 21.0039344)
1497969869,148,21.0040786,105.8358462,3,,,,POINT (105.8358462 21.0040786)
1497969870,149,21.0043331,105.8369088,2,,,,POINT (105.8369088 21.0043331)
1497969873,150,21.0049826,105.8367868,2,,,,POINT (105.8367868 21.0049826)
1497969874,151,21.0049926,105.8346337,3,,,,POINT (105.8346337 21.0049926)
1497969875,152,21.005467,105.8366086,3,,,,POINT (105.8366086 21.005467)
1497969876,153,21.005873,105.8358103,3,,,,POINT (105.8358103 21.005873)
1497969877,154,21.0058256,105.8363536,2,,,,POINT (105.8363536 21.0058256)
1497969878,155,21.0058479,105.8360788,2,,,,POINT (105.8360788 21.0058479)
1497969879,156,21.0059028,105.8364815,3,,,,POINT (105.8364815 21.0059028)
1497969880,157,21.0063474,105.8355282,3,,,,POINT (105.8355282 21.0063474)
1497969881,158,21.0064302,105.8379659,4,,,,POINT (105.8379659 21.0064302)
1497970355,159,21.0075279,105.8327433,3,,,,POINT (105.8327433 21.0075279)
1497970357,160,21.0086164,105.8341507,3,,,,POINT (105.8341507 21.0086164)
1497970359,161,21.0086949,105.8340754,4,traffic_signals,,,POINT (105.8340754 21.0086949)
1497970363,162,21.0109806,105.8367882,2,,,,POINT (105.8367882 21.0109806)
1497970365,163,21.0111615,105.8367893,2,,,,POINT (105.8367893 21.0111615)
1497970367,164,21.0113025,105.8367718,3,,,,POINT (105.8367718 21.0113025)
1707850226,165,21.014199,105.834042,4,,,,POINT (105.834042 21.014199)
1753888594,166,21.0118709,105.8282054,4,,,,POINT (105.8282054 21.0118709)
1755146759,167,21.0075596,105.8413008,4,,,,POINT (105.8413008 21.0075596)
1755146823,168,21.0082463,105.8396046,2,,,,POINT (105.8396046 21.0082463)
1755146882,169,21.0094658,105.8381595,2,,,,POINT (105.8381595 21.0094658)
1758621259,170,21.0061748,105.8356538,2,,,,POINT (105.8356538 21.0061748)
1758621261,171,21.0077076,105.8370409,3,,,,POINT (105.8370409 21.0077076)
1758629824,172,21.0061473,105.8311916,4,,,,POINT (105.8311916 21.0061473)
1758633098,173,21.0080473,105.8238278,3,,,,POINT (105.8238278 21.0080473)
1758633130,174,21.0099099,105.8248203,2,,,,POINT (105.8248203 21.0099099)
1758642519,175,21.0109781,105.8298128,3,,,,POINT (105.8298128 21.0109781)
1758644520,176,21.0041199,105.8255086,3,,,,POINT (105.8255086 21.0041199)
1758644523,177,21.005017,105.8260116,3,,,,POINT (105.8260116 21.005017)
1884765797,178,21.0073278,105.8287027,3,,,,POINT (105.8287027 21.0073278)
1884765798,179,21.008971,105.8247865,3,,,,POINT (105.8247865 21.008971)
1884765799,180,21.0068632,105.8297112,3,,,,POINT (105.8297112 21.0068632)
1884765801,181,21.0080031,105.8272261,3,,,,POINT (105.8272261 21.0080031)
1884765802,182,21.0061784,105.8311035,4,,,,POINT (105.8311035 21.0061784)
1884765804,183,21.006531,105.8304293,2,,,,POINT (105.8304293 21.006531)
1884765805,184,21.0086668,105.8257309,3,,,,POINT (105.8257309 21.0086668)
1884765806,185,21.0091334,105.8244253,4,,,,POINT (105.8244253 21.0091334)
1884767494,186,21.0076605,105.8279926,3,traffic_signals,,,POINT (105.8279926 21.0076605)
1884807235,187,21.0005809,105.8412798,2,,,,POINT (105.8412798 21.0005809)
1884807237,188,21.0008729,105.84123,3,,,,POINT (105.84123 21.0008729)
1893251833,189,21.0089278,105.8246206,2,,,,POINT (105.8246206 21.0089278)
1904391877,190,21.0055474,105.8277666,3,,,,POINT (105.8277666 21.0055474)
1904395858,191,21.0041204,105.8303312,4,,,,POINT (105.8303312 21.0041204)
1904395860,192,21.0040287,105.8322107,3,,,,POINT (105.8322107 21.0040287)
1904395864,193,21.0044219,105.8304416,3,,,,POINT (105.8304416 21.0044219)
1904395865,194,21.005092,105.8323166,3,,,,POINT (105.8323166 21.005092)
1904395866,195,21.0054227,105.8308146,3,,,,POINT (105.8308146 21.0054227)
1904395867,196,21.0043188,105.8322633,3,,,,POINT (105.8322633 21.0043188)
1904395870,197,21.0045897,105.8322266,3,,,,POINT (105.8322266 21.0045897)
1904395873,198,21.0052903,105.8314027,3,,,,POINT (105.8314027 21.0052903)
1904398535,199,21.0090684,105.8324531,3,,,,POINT (105.8324531 21.0090684)
1904398538,200,21.0115019,105.8339582,2,,,,POINT (105.8339582 21.0115019)
1904398541,201,21.0107383,105.8332158,3,,,,POINT (105.8332158 21.0107383)
1904398545,202,21.0103229,105.8310199,3,,,,POINT (105.8310199 21.0103229)
1904398547,203,21.0098374,105.8321006,4,,,,POINT (105.8321006 21.0098374)
1904398553,204,21.0103625,105.8318945,3,,,,POINT (105.8318945 21.0103625)
1904398555,205,21.0106006,105.8318017,2,,,,POINT (105.8318017 21.0106006)
1904398560,206,21.0119927,105.8337544,2,,,,POINT (105.8337544 21.0119927)
1904398562,207,21.0101008,105.8311112,3,,,,POINT (105.8311112 21.0101008)
1904398563,208,21.0095462,105.8313437,3,,,,POINT (105.8313437 21.0095462)
1904398565,209,21.0098211,105.8312331,3,,,,POINT (105.8312331 21.0098211)
1904398570,210,21.0100899,105.8320008,4,,,,POINT (105.8320008 21.0100899)
1904398573,211,21.0102199,105.8337232,3,,,,POINT (105.8337232 21.0102199)
1904406849,212,21.006079,105.8347368,3,,,,POINT (105.8347368 21.006079)
1904406851,213,21.0059141,105.8331048,4,,,,POINT (105.8331048 21.0059141)
1905155037,214,21.0007608,105.8384611,2,,,,POINT (105.8384611 21.0007608)
1905155038,215,21.000953,105.8387459,3,,,,POINT (105.8387459 21.000953)
1905155039,216,21.0007925,105.8383551,2,,,,POINT (105.8383551 21.0007925)
1905155046,217,21.0013646,105.8383551,2,,,,POINT (105.8383551 21.0013646)
1905155047,218,21.0013646,105.8388959,2,,,,POINT (105.8388959 21.0013646)
1905155048,219,21.0018577,105.8409163,3,,,,POINT (105.8409163 21.0018577)
1905155049,220,21.0016568,105.8409157,3,,,,POINT (105.8409157 21.0016568)
1905155050,221,21.0017196,105.8388986,3,,,,POINT (105.8388986 21.0017196)
1905157821,222,21.0033256,105.8343197,3,,,,POINT (105.8343197 21.0033256)
1905157822,223,21.0035242,105.8350838,4,,,,POINT (105.8350838 21.0035242)
1905157823,224,21.0036632,105.8342242,3,,,,POINT (105.8342242 21.0036632)
1905157824,225,21.0037513,105.8359453,3,,,,POINT (105.8359453 21.0037513)
1905157825,226,21.0041156,105.8343585,1,,,,POINT (105.8343585 21.0041156)
1905157826,227,21.004242,105.8348637,4,,,,POINT (105.8348637 21.004242)
1905157827,228,21.0042874,105.8357868,3,,,,POINT (105.8357868 21.0042874)
1905157829,229,21.0044728,105.8364702,1,,,,POINT (105.8364702 21.0044728)
1905157830,230,21.0044608,105.8357381,3,,,,POINT (105.8357381 21.0044608)
1905157841,231,21.0046505,105.8356848,3,,,,POINT (105.8356848 21.0046505)
1905157843,232,21.0047811,105.8338366,3,,,,POINT (105.8338366 21.0047811)
1905157845,233,21.0048192,105.8364345,1,,,,POINT (105.8364345 21.0048192)
1905157850,234,21.0052226,105.8355193,3,,,,POINT (105.8355193 21.0052226)
1905157874,235,21.0057675,105.8353592,3,,,,POINT (105.8353592 21.0057675)
1905157876,236,21.0059273,105.8328841,3,,,,POINT (105.8328841 21.0059273)
1905157877,237,21.005915,105.8327861,4,,,,POINT (105.8327861 21.005915)
1905157880,238,21.0062214,105.8328429,3,,,,POINT (105.8328429 21.0062214)
1905157881,239,21.0062479,105.8330106,4,,,,POINT (105.8330106 21.0062479)
1905157882,240,21.0063053,105.8331488,2,,,,POINT (105.8331488 21.0063053)
1905157883,241,21.0062955,105.8346466,3,,,,POINT (105.8346466 21.0062955)
1905157884,242,21.0063982,105.8340488,2,,,,POINT (105.8340488 21.0063982)
1905157885,243,21.0064072,105.8328073,3,,,,POINT (105.8328073 21.0064072)
1905157887,244,21.0064392,105.8329883,3,,,,POINT (105.8329883 21.0064392)
1905157889,245,21.0064956,105.8339929,3,,,,POINT (105.8339929 21.0064956)
1905157891,246,21.0064826,105.8344907,3,,,,POINT (105.8344907 21.0064826)
1905157892,247,21.006521,105.8371803,3,,,,POINT (105.8371803 21.006521)
1905157893,248,21.0065439,105.8331195,2,,,,POINT (105.8331195 21.0065439)
1905157894,249,21.0067134,105.8331848,2,,,,POINT (105.8331848 21.0067134)
1905157895,250,21.0067958,105.8328028,1,,,,POINT (105.8328028 21.0067958)
1905157896,251,21.0068057,105.8352671,3,,,,POINT (105.8352671 21.0068057)
1905157897,252,21.0069549,105.8334498,2,,,,POINT (105.8334498 21.0069549)
1905157898,253,21.0070139,105.8350694,3,,,,POINT (105.8350694 21.0070139)
1905157900,254,21.0069834,105.8364759,2,,,,POINT (105.8364759 21.0069834)
1905157901,255,21.006983,105.83227,2,,,,POINT (105.83227 21.006983)
1905157902,256,21.0070954,105.8363268,4,,,,POINT (105.8363268 21.0070954)
1905157904,257,21.007166,105.8332736,3,,,,POINT (105.8332736 21.007166)
1905157905,258,21.0072298,105.8333397,2,,,,POINT (105.8333397 21.0072298)
1905157907,259,21.0077067,105.8344311,3,,,,POINT (105.8344311 21.0077067)
1905157908,260,21.0077463,105.8354845,3,,,,POINT (105.8354845 21.0077463)
1905157909,261,21.0077923,105.8355396,3,,,,POINT (105.8355396 21.0077923)
1905157910,262,21.0078461,105.8356008,3,,,,POINT (105.8356008 21.0078461)
1905157911,263,21.0078999,105.835332,2,,,,POINT (105.835332 21.0078999)
1905157914,264,21.0087322,105.8359207,4,,,,POINT (105.8359207 21.0087322)
1905157915,265,21.0089436,105.8369444,3,,,,POINT (105.8369444 21.0089436)
1905157916,266,21.009048,105.8366884,3,,,,POINT (105.8366884 21.009048)
1905157918,267,21.0092338,105.8365137,3,,,,POINT (105.8365137 21.0092338)
1916123600,268,21.0042474,105.831251,3,,,,POINT (105.831251 21.0042474)
1916123604,269,21.0045143,105.8313097,4,,,,POINT (105.8313097 21.0045143)
2105986490,270,21.0047696,105.8313379,4,,,,POINT (105.8313379 21.0047696)
2276603928,271,21.0119062,105.8362072,3,,,,POINT (105.8362072 21.0119062)
2278546706,272,21.0018447,105.8381935,1,,,,POINT (105.8381935 21.0018447)
2291049679,273,21.0098276,105.8303068,3,,,,POINT (105.8303068 21.0098276)
2291055764,274,21.008651,105.8283456,2,,,,POINT (105.8283456 21.008651)
2291055765,275,21.0093967,105.8299354,3,,,,POINT (105.8299354 21.0093967)
2291055768,276,21.0079037,105.8281729,2,,,,POINT (105.8281729 21.0079037)
2291055770,277,21.0085784,105.8284342,3,,,,POINT (105.8284342 21.0085784)
2291055771,278,21.0088138,105.8283201,2,,,,POINT (105.8283201 21.0088138)
2291055772,279,21.0098533,105.8288741,4,,,,POINT (105.8288741 21.0098533)
2291055773,280,21.0082453,105.8282609,4,,,,POINT (105.8282609 21.0082453)
2291055774,281,21.0079298,105.8280924,2,,,,POINT (105.8280924 21.0079298)
2291055777,282,21.0082146,105.8283309,3,,,,POINT (105.8283309 21.0082146)
2291055778,283,21.0077298,105.8280274,4,traffic_signals,,,POINT (105.8280274 21.0077298)
2291055779,284,21.0085377,105.828495,3,,,,POINT (105.828495 21.0085377)
2291055780,285,21.0083876,105.8288513,2,,,,POINT (105.8288513 21.0083876)
2291064327,286,21.0113952,105.8275542,1,,,,POINT (105.8275542 21.0113952)
2291064332,287,21.0115655,105.8272484,2,,,,POINT (105.8272484 21.0115655)
2291066234,288,21.0117074,105.8322455,2,,,,POINT (105.8322455 21.0117074)
2291066235,289,21.0122998,105.832979,3,,,,POINT (105.832979 21.0122998)
2291066236,290,21.0120159,105.8318934,3,,,,POINT (105.8318934 21.0120159)
2291066237,291,21.0117124,105.8321757,2,,,,POINT (105.8321757 21.0117124)
2294884802,292,21.0058955,105.8388501,4,,,,POINT (105.8388501 21.0058955)
2294884803,293,21.0058087,105.8397586,3,,,,POINT (105.8397586 21.0058087)
2294884804,294,21.0058726,105.8387421,2,,,,POINT (105.8387421 21.0058726)
2294884806,295,21.0059861,105.8375505,3,,,,POINT (105.8375505 21.0059861)
2294884807,296,21.00577,105.8375848,2,,,,POINT (105.8375848 21.00577)
2294884810,297,21.0054296,105.8376877,2,,,,POINT (105.8376877 21.0054296)
2294884812,298,21.0052662,105.8377156,2,,,,POINT (105.8377156 21.0052662)
2294884813,299,21.0051048,105.8377317,2,,,,POINT (105.8377317 21.0051048)
2294884814,300,21.0049005,105.8377418,2,,,,POINT (105.8377418 21.0049005)
2294884815,301,21.0047848,105.8377288,2,,,,POINT (105.8377288 21.0047848)
2294884816,302,21.0046889,105.837698,2,,,,POINT (105.837698 21.0046889)
2294884817,303,21.0046336,105.8376536,2,,,,POINT (105.8376536 21.0046336)
2294884818,304,21.0045335,105.8375866,2,,,,POINT (105.8375866 21.0045335)
2294884819,305,21.0044263,105.8375042,2,,,,POINT (105.8375042 21.0044263)
2294884821,306,21.0042813,105.8374486,2,,,,POINT (105.8374486 21.0042813)
2294884822,307,21.0041586,105.8374143,2,,,,POINT (105.8374143 21.0041586)
2294884823,308,21.004081,105.8374143,2,,,,POINT (105.8374143 21.004081)
2294884824,309,21.0037912,105.8375076,3,,,,POINT (105.8375076 21.0037912)
2294885221,310,21.0046395,105.8368619,2,,,,POINT (105.8368619 21.0046395)
2499827513,311,21.0002122,105.8404947,3,,,,POINT (105.8404947 21.0002122)
2499827515,312,20.9998889,105.8400978,2,,,,POINT (105.8400978 20.9998889)
2499827516,313,21.0005761,105.8405152,3,,,,POINT (105.8405152 21.0005761)
2499827547,314,21.0072776,105.8406381,2,,,,POINT (105.8406381 21.0072776)
2499827549,315,21.0075057,105.8408993,2,,,,POINT (105.8408993 21.0075057)
2499827551,316,21.0078489,105.8400025,4,crossing,,,POINT (105.8400025 21.0078489)
3248864259,317,20.9991258,105.839314,2,,,,POINT (105.839314 20.9991258)
3375847710,318,21.0030568,105.8211885,3,,,,POINT (105.8211885 21.0030568)
3375847719,319,21.0034855,105.8209171,2,,,,POINT (105.8209171 21.0034855)
3375847722,320,21.002983,105.8209791,2,,,,POINT (105.8209791 21.002983)
4025085947,321,21.0024545,105.8240705,3,,,,POINT (105.8240705 21.0024545)
4025085948,322,21.0028559,105.8242687,2,,,,POINT (105.8242687 21.0028559)
4025085949,323,21.0030195,105.8243454,2,,,,POINT (105.8243454 21.0030195)
4025085950,324,21.0032326,105.8243869,2,,,,POINT (105.8243869 21.0032326)
4025085951,325,21.0033236,105.8243928,4,,,,POINT (105.8243928 21.0033236)
4025085952,326,21.0034601,105.8245484,2,,,,POINT (105.8245484 21.0034601)
4025085953,327,21.0036347,105.8246704,2,,,,POINT (105.8246704 21.0036347)
4025085954,328,21.0039627,105.8248497,2,,,,POINT (105.8248497 21.0039627)
4025085955,329,21.0041247,105.8249209,3,,,,POINT (105.8249209 21.0041247)
4530855092,330,20.9991448,105.8410633,2,,level_crossing,,POINT (105.8410633 20.9991448)
4530855103,331,21.0040054,105.8383215,3,,,,POINT (105.8383215 21.0040054)
4551916019,332,21.0042129,105.840113,4,,,,POINT (105.840113 21.0042129)
4551916020,333,21.0053382,105.8401652,2,,,,POINT (105.8401652 21.0053382)
4599745013,334,20.9991174,105.8364845,3,,,,POINT (105.8364845 20.9991174)
4599745014,335,20.9993015,105.8349974,2,,,,POINT (105.8349974 20.9993015)
4599745018,336,21.0008036,105.829059,4,,,,POINT (105.829059 21.0008036)
4600899554,337,21.0009223,105.8287164,4,crossing,,,POINT (105.8287164 21.0009223)
4608169674,338,20.999195,105.8360086,3,,,,POINT (105.8360086 20.999195)
4707733229,339,21.0057238,105.8328041,2,crossing,,,POINT (105.8328041 21.0057238)
4707733230,340,21.0055872,105.8327822,2,,,,POINT (105.8327822 21.0055872)
4707733231,341,21.0052901,105.8327148,3,,,,POINT (105.8327148 21.0052901)
4707733232,342,21.0050128,105.8326688,2,,,,POINT (105.8326688 21.0050128)
4707733234,343,21.0043422,105.8325359,2,,,,POINT (105.8325359 21.0043422)
4707733235,344,21.0041615,105.8324956,2,,,,POINT (105.8324956 21.0041615)
4707733236,345,21.0039447,105.8324546,2,,,,POINT (105.8324546 21.0039447)
4707733237,346,21.0036828,105.8324568,2,,,,POINT (105.8324568 21.0036828)
4707733238,347,21.0035398,105.8324796,2,,,,POINT (105.8324796 21.0035398)
4707733239,348,21.0033001,105.832565,2,,,,POINT (105.832565 21.0033001)
4707733240,349,21.0031848,105.8326379,2,,,,POINT (105.8326379 21.0031848)
4707733241,350,21.0030199,105.8327513,2,,,,POINT (105.8327513 21.0030199)
4707733242,351,21.0028039,105.8328875,2,,,,POINT (105.8328875 21.0028039)
4707733243,352,21.0026681,105.8329806,3,,,,POINT (105.8329806 21.0026681)
4707733244,353,21.0025052,105.8331162,2,,,,POINT (105.8331162 21.0025052)
4707733245,354,21.0024163,105.8332182,3,,,,POINT (105.8332182 21.0024163)
4707733248,355,21.0020032,105.833901,2,,,,POINT (105.833901 21.0020032)
4707733250,356,21.001813,105.8342164,2,,,,POINT (105.8342164 21.001813)
4707733251,357,21.0016817,105.8344126,2,,,,POINT (105.8344126 21.0016817)
4707733252,358,21.0016063,105.8344994,2,,,,POINT (105.8344994 21.0016063)
4707733253,359,21.0014814,105.8346135,2,,,,POINT (105.8346135 21.0014814)
4886750669,360,21.0121658,105.8274791,3,,,,POINT (105.8274791 21.0121658)
4886750670,361,21.0122156,105.8273672,2,,,,POINT (105.8273672 21.0122156)
4886750671,362,21.0117875,105.8271175,1,,,,POINT (105.8271175 21.0117875)
5285531239,363,20.9988484,105.8377772,3,,,,POINT (105.8377772 20.9988484)
5285531240,364,20.999553,105.8378157,3,,,,POINT (105.8378157 20.999553)
5285531241,365,20.9995604,105.8376363,3,,,,POINT (105.8376363 20.9995604)
5285531242,366,21.0009428,105.8375658,3,,,,POINT (105.8375658 21.0009428)
5285531249,367,21.0013984,105.8375616,2,,,,POINT (105.8375616 21.0013984)
5360525391,368,21.0022089,105.8353535,1,,,,POINT (105.8353535 21.0022089)
5466219247,369,21.0029287,105.8299304,3,,,,POINT (105.8299304 21.0029287)
5485640480,370,21.0096716,105.8300876,2,,,,POINT (105.8300876 21.0096716)
5485640481,371,21.0090313,105.8297995,2,,,,POINT (105.8297995 21.0090313)
5485640483,372,21.0088774,105.8298192,3,,,,POINT (105.8298192 21.0088774)
5485640484,373,21.0087354,105.82987,2,,,,POINT (105.82987 21.0087354)
5485640485,374,21.0086389,105.8299387,2,,,,POINT (105.8299387 21.0086389)
5485640486,375,21.0085396,105.8300401,2,,,,POINT (105.8300401 21.0085396)
5485640487,376,21.0084638,105.8301349,2,,,,POINT (105.8301349 21.0084638)
5485640488,377,21.0083772,105.8302797,2,,,,POINT (105.8302797 21.0083772)
5485640489,378,21.0083219,105.8304171,2,,,,POINT (105.8304171 21.0083219)
5485640490,379,21.0082051,105.830764,2,,,,POINT (105.830764 21.0082051)
5485640491,380,21.008046,105.8311774,2,,,,POINT (105.8311774 21.008046)
5485640492,381,21.0079348,105.831399,2,,,,POINT (105.831399 21.0079348)
5485640493,382,21.0078445,105.8315288,2,,,,POINT (105.8315288 21.0078445)
5485640494,383,21.0077502,105.8315973,3,,,,POINT (105.8315973 21.0077502)
5485640496,384,21.0070219,105.8320781,3,,,,POINT (105.8320781 21.0070219)
5485640497,385,21.0090692,105.8300628,2,,,,POINT (105.8300628 21.0090692)
5485640498,386,21.0087287,105.8302247,2,,,,POINT (105.8302247 21.0087287)
5485640499,387,21.0085347,105.8305437,2,,,,POINT (105.8305437 21.0085347)
5485640500,388,21.0083232,105.8311378,2,,,,POINT (105.8311378 21.0083232)
5485640501,389,21.0081488,105.8314907,2,,,,POINT (105.8314907 21.0081488)
5485640502,390,21.0079479,105.8317396,2,,,,POINT (105.8317396 21.0079479)
5485640503,391,21.007164,105.8322742,3,,,,POINT (105.8322742 21.007164)
5485640504,392,21.0086185,105.8303815,2,,,,POINT (105.8303815 21.0086185)
5485640505,393,21.0088094,105.830127,2,,,,POINT (105.830127 21.0088094)
5485640506,394,21.0095651,105.8302985,2,,,,POINT (105.8302985 21.0095651)
5485640507,395,21.0084174,105.8308532,2,,,,POINT (105.8308532 21.0084174)
5485640509,396,21.0082426,105.8313169,3,,,,POINT (105.8313169 21.0082426)
5485640510,397,21.0080689,105.8316149,2,,,,POINT (105.8316149 21.0080689)
5485778378,398,21.0061964,105.828121,3,,,,POINT (105.828121 21.0061964)
5485778379,399,21.0068953,105.8266292,3,,,,POINT (105.8266292 21.0068953)
5485779521,400,21.0074179,105.8269103,3,,,,POINT (105.8269103 21.0074179)
5662903997,401,21.0063248,105.8411847,2,,level_crossing,,POINT (105.8411847 21.0063248)
5662903998,402,21.0063215,105.8413094,3,,,,POINT (105.8413094 21.0063215)
5662903999,403,21.0017104,105.839237,3,,,,POINT (105.839237 21.0017104)
5662904000,404,21.0022438,105.8360515,3,,,,POINT (105.8360515 21.0022438)
5662904002,405,21.0042157,105.8395667,3,,,,POINT (105.8395667 21.0042157)
5674267226,406,21.0027729,105.8344746,4,,,,POINT (105.8344746 21.0027729)
5674347099,407,21.0057662,105.8309463,3,,,,POINT (105.8309463 21.0057662)
5674347100,408,21.0058873,105.8309928,2,,,,POINT (105.8309928 21.0058873)
5674347101,409,21.0059896,105.8310399,4,traffic_signals,,,POINT (105.8310399 21.0059896)
5674347102,410,21.0060273,105.8310576,3,,,,POINT (105.8310576 21.0060273)
5674347104,411,21.0059917,105.8327377,4,crossing,,,POINT (105.8327377 21.0059917)
5683715138,412,21.0047772,105.822756,1,,,,POINT (105.822756 21.0047772)
5683715139,413,21.0049273,105.8223585,3,,,,POINT (105.8223585 21.0049273)
5683715140,414,21.0043916,105.8227546,1,,,,POINT (105.8227546 21.0043916)
5683715141,415,21.0041874,105.822385,3,,,,POINT (105.822385 21.0041874)
5683715142,416,21.0042736,105.8223295,2,,,,POINT (105.8223295 21.0042736)
5683715143,417,21.0027599,105.821931,4,,,,POINT (105.821931 21.0027599)
5683715144,418,21.0042484,105.8229364,1,,,,POINT (105.8229364 21.0042484)
5683715147,419,21.0030498,105.8230388,2,,,,POINT (105.8230388 21.0030498)
5683715148,420,21.0031891,105.8231479,3,,,,POINT (105.8231479 21.0031891)
5683715149,421,21.0032773,105.8231717,2,,,,POINT (105.8231717 21.0032773)
5683715150,422,21.0038357,105.8235124,2,,,,POINT (105.8235124 21.0038357)
5683715151,423,21.0046575,105.824006,3,,,,POINT (105.824006 21.0046575)
5683715152,424,21.0056371,105.8226959,4,,,,POINT (105.8226959 21.0056371)
5683715153,425,21.0052687,105.8254724,3,,,,POINT (105.8254724 21.0052687)
5683715154,426,21.0045659,105.8248296,2,,,,POINT (105.8248296 21.0045659)
5683715164,427,21.0057159,105.8245142,2,,,,POINT (105.8245142 21.0057159)
5683715169,428,21.0059446,105.8237418,1,,,,POINT (105.8237418 21.0059446)
5683715171,429,21.0054497,105.8230824,3,,,,POINT (105.8230824 21.0054497)
5683715173,430,21.004905,105.8240766,3,,,,POINT (105.8240766 21.004905)
5683792660,431,21.0059666,105.8304244,1,,,,POINT (105.8304244 21.0059666)
5683792661,432,21.004925,105.8266801,2,,,,POINT (105.8266801 21.004925)
5683792662,433,21.0050786,105.8263459,2,,,,POINT (105.8263459 21.0050786)
5683792663,434,21.0048777,105.8274183,3,,,,POINT (105.8274183 21.0048777)
5683792664,435,21.0051503,105.8267959,3,,,,POINT (105.8267959 21.0051503)
5683792666,436,21.0053106,105.8264588,4,,,,POINT (105.8264588 21.0053106)
5683792668,437,21.0055284,105.8259854,2,,,,POINT (105.8259854 21.0055284)
5683792669,438,21.0049935,105.8280178,3,,,,POINT (105.8280178 21.0049935)
5683792670,439,21.0044292,105.8277127,3,,,,POINT (105.8277127 21.0044292)
5683792671,440,21.0059851,105.8280056,3,,,,POINT (105.8280056 21.0059851)
5683792672,441,21.005736,105.828552,1,,,,POINT (105.828552 21.005736)
5683792674,442,21.0061057,105.8313438,3,,,,POINT (105.8313438 21.0061057)
5683792676,443,21.0062201,105.8312827,4,,,,POINT (105.8312827 21.0062201)
5683792677,444,21.0053625,105.8307904,3,,,,POINT (105.8307904 21.0053625)
5683792678,445,21.0057513,105.8294682,3,,,,POINT (105.8294682 21.0057513)
5683792679,446,21.0037348,105.8302083,3,,,,POINT (105.8302083 21.0037348)
5683792681,447,21.0028685,105.8301832,3,,,,POINT (105.8301832 21.0028685)
5683792682,448,21.0036684,105.830517,3,,,,POINT (105.830517 21.0036684)
5683792683,449,21.0034388,105.8315988,2,,,,POINT (105.8315988 21.0034388)
5683792684,450,21.0026941,105.8309831,4,,,,POINT (105.8309831 21.0026941)
5683792685,451,21.0035506,105.8310651,4,,,,POINT (105.8310651 21.0035506)
5683792688,452,21.0042689,105.829609,2,,,,POINT (105.829609 21.0042689)
5683792689,453,21.0042213,105.8293784,2,,,,POINT (105.8293784 21.0042213)
5683792690,454,21.0043052,105.8291839,2,,,,POINT (105.8291839 21.0043052)
5683792691,455,21.0044442,105.8288956,2,,,,POINT (105.8288956 21.0044442)
5683792692,456,21.0045143,105.8286971,2,,,,POINT (105.8286971 21.0045143)
5683792693,457,21.0044943,105.8283055,2,,,,POINT (105.8283055 21.0044943)
5683792694,458,21.0044242,105.8278871,2,,,,POINT (105.8278871 21.0044242)
5683792695,459,21.0044292,105.8276564,2,,,,POINT (105.8276564 21.0044292)
5683792696,460,21.0045143,105.8275598,4,,,,POINT (105.8275598 21.0045143)
5683792697,461,21.0045071,105.8274316,3,,,,POINT (105.8274316 21.0045071)
5683792698,462,21.0044542,105.8271843,2,,,,POINT (105.8271843 21.0044542)
5683792699,463,21.0040335,105.8257762,2,,,,POINT (105.8257762 21.0040335)
5683835442,464,21.0036289,105.8368689,3,,,,POINT (105.8368689 21.0036289)
5683835443,465,21.0038118,105.8368186,1,,,,POINT (105.8368186 21.0038118)
5683888504,466,21.0053131,105.835493,3,,,,POINT (105.835493 21.0053131)
5683888507,467,21.0052167,105.8320036,3,,,,POINT (105.8320036 21.0052167)
5684247714,468,21.005828,105.8410141,2,,,,POINT (105.8410141 21.005828)
5684247715,469,21.0063309,105.8410428,3,,,,POINT (105.8410428 21.0063309)
5684247716,470,21.0061558,105.8410382,3,,,,POINT (105.8410382 21.0061558)
5684247718,471,21.004196,105.840884,3,,,,POINT (105.840884 21.004196)
5684247720,472,21.0040246,105.8398317,3,,,,POINT (105.8398317 21.0040246)
5684250224,473,21.0042016,105.8392963,4,,,,POINT (105.8392963 21.0042016)
5686426661,474,21.0018255,105.8258343,3,,,,POINT (105.8258343 21.0018255)
5686426663,475,21.0019935,105.8258645,2,,,,POINT (105.8258645 21.0019935)
5686426664,476,21.0024646,105.8258048,3,,,,POINT (105.8258048 21.0024646)
5686426665,477,21.0023281,105.8309376,3,,,,POINT (105.8309376 21.0023281)
5686426667,478,21.0011364,105.8307436,1,,,,POINT (105.8307436 21.0011364)
5686426668,479,21.0002974,105.8307408,3,,,,POINT (105.8307408 21.0002974)
5686426669,480,21.0010749,105.8309567,2,,,,POINT (105.8309567 21.0010749)
5686426671,481,21.0010541,105.8283545,2,,,,POINT (105.8283545 21.0010541)
5686426672,482,21.0024812,105.8300255,2,,,,POINT (105.8300255 21.0024812)
5686426674,483,21.002413,105.8299578,2,,,,POINT (105.8299578 21.002413)
5686426686,484,21.0018748,105.829513,3,,,,POINT (105.829513 21.0018748)
5686426687,485,21.0019252,105.8293489,2,,,,POINT (105.8293489 21.0019252)
5686426688,486,21.0020053,105.8293354,2,,,,POINT (105.8293354 21.0020053)
5686426690,487,21.0019292,105.8295337,3,,,,POINT (105.8295337 21.0019292)
5686426691,488,21.0016724,105.8304449,3,,,,POINT (105.8304449 21.0016724)
5686449761,489,21.0008569,105.8364623,1,,,,POINT (105.8364623 21.0008569)
5686449763,490,21.0008374,105.8361376,1,,,,POINT (105.8361376 21.0008374)
5686449764,491,20.9992445,105.8354992,3,,,,POINT (105.8354992 20.9992445)
5686449765,492,20.999963,105.8352116,1,,,,POINT (105.8352116 20.999963)
5686449768,493,21.0009086,105.8347146,1,,,,POINT (105.8347146 21.0009086)
5686449770,494,21.0026597,105.836061,3,,,,POINT (105.836061 21.0026597)
5686449772,495,21.001952,105.8360484,3,,,,POINT (105.8360484 21.001952)
5686449774,496,20.9993929,105.8343962,4,,,,POINT (105.8343962 20.9993929)
5686449775,497,21.0000949,105.8346108,1,,,,POINT (105.8346108 21.0000949)
5686449777,498,20.9995826,105.8334989,3,,,,POINT (105.8334989 20.9995826)
5686449778,499,21.0001273,105.833653,1,,,,POINT (105.833653 21.0001273)
5686449781,500,21.0006493,105.8320285,3,,,,POINT (105.8320285 21.0006493)
5686449783,501,21.000018,105.8318431,3,,,,POINT (105.8318431 21.000018)
5686449785,502,21.000735,105.8317245,1,,,,POINT (105.8317245 21.000735)
5686449786,503,20.9996398,105.8362048,2,,,,POINT (105.8362048 20.9996398)
5686449787,504,20.9997316,105.8361323,3,,,,POINT (105.8361323 20.9997316)
5686449788,505,20.9998352,105.8360907,2,,,,POINT (105.8360907 20.9998352)
5686449789,506,20.9999613,105.8360767,2,,,,POINT (105.8360767 20.9999613)
5686449790,507,21.0001691,105.8361639,2,,,,POINT (105.8361639 21.0001691)
5686449791,508,20.9995834,105.8365917,3,,,,POINT (105.8365917 20.9995834)
5686449792,509,21.0001669,105.836594,3,,,,POINT (105.836594 21.0001669)
5686449795,510,21.000258,105.8376052,3,,,,POINT (105.8376052 21.000258)
5686449796,511,21.0002775,105.8366105,3,,,,POINT (105.8366105 21.0002775)
5686449798,512,21.0005091,105.8365934,3,,,,POINT (105.8365934 21.0005091)
5686449799,513,21.0006823,105.8365999,1,,,,POINT (105.8365999 21.0006823)
5686449801,514,21.0012199,105.8347348,2,,,,POINT (105.8347348 21.0012199)
5686449802,515,21.0011803,105.8346337,2,,,,POINT (105.8346337 21.0011803)
5686449803,516,21.0011493,105.8345641,3,,,,POINT (105.8345641 21.0011493)
5686449804,517,21.0030379,105.8324519,1,,,,POINT (105.8324519 21.0030379)
5686449805,518,21.0028274,105.832578,2,,,,POINT (105.832578 21.0028274)
5686449806,519,21.0023665,105.832927,2,,,,POINT (105.832927 21.0023665)
5686449807,520,21.0020869,105.8333233,2,,,,POINT (105.8333233 21.0020869)
5686449808,521,21.0018815,105.8337026,2,,,,POINT (105.8337026 21.0018815)
5686449809,522,21.0016127,105.8341334,2,,,,POINT (105.8341334 21.0016127)
5686449810,523,21.0014075,105.8343821,2,,,,POINT (105.8343821 21.0014075)
5686449812,524,21.0011318,105.8329957,1,,,,POINT (105.8329957 21.0011318)
5686449813,525,21.0012561,105.8323947,2,,,,POINT (105.8323947 21.0012561)
5686449814,526,21.0012256,105.8322385,3,,,,POINT (105.8322385 21.0012256)
5686449815,527,21.0015183,105.8309105,2,,,,POINT (105.8309105 21.0015183)
5686449818,528,21.0017995,105.8329142,1,,,,POINT (105.8329142 21.0017995)
5686502523,529,21.002739,105.8386856,1,,,,POINT (105.8386856 21.002739)
5686502524,530,21.0017217,105.8385342,2,,,,POINT (105.8385342 21.0017217)
5686502526,531,21.0017278,105.838659,3,,,,POINT (105.838659 21.0017278)
5686502527,532,21.0024452,105.8386779,3,,,,POINT (105.8386779 21.0024452)
5686502529,533,21.0017624,105.8411588,2,,,,POINT (105.8411588 21.0017624)
5686502530,534,21.0019229,105.8412244,3,,,,POINT (105.8412244 21.0019229)
5686502531,535,21.0030387,105.8409279,1,,,,POINT (105.8409279 21.0030387)
5686502533,536,21.0018485,105.8406007,2,,,,POINT (105.8406007 21.0018485)
5686502535,537,21.0019227,105.8409165,3,,,,POINT (105.8409165 21.0019227)
5686502536,538,21.0020422,105.8409174,3,,,,POINT (105.8409174 21.0020422)
5686502537,539,21.0020369,105.8406003,3,,,,POINT (105.8406003 21.0020369)
5686502538,540,21.0016869,105.8379912,2,,,,POINT (105.8379912 21.0016869)
5686502540,541,21.0016147,105.837991,1,,,,POINT (105.837991 21.0016147)
5686502541,542,21.0030279,105.8392603,2,,,,POINT (105.8392603 21.0030279)
5687055628,543,20.9993747,105.8364475,1,,,,POINT (105.8364475 20.9993747)
5687055629,544,20.9992336,105.8378072,3,,,,POINT (105.8378072 20.9992336)
5689263043,545,20.997976,105.8410628,2,,level_crossing,,POINT (105.8410628 20.997976)
5689263045,546,20.9995914,105.8388787,2,,,,POINT (105.8388787 20.9995914)
5689263057,547,20.9979543,105.8411369,4,,,,POINT (105.8411369 20.9979543)
5689263071,548,20.9991422,105.8411762,3,,,,POINT (105.8411762 20.9991422)
5689358174,549,21.0001991,105.8408778,2,,,,POINT (105.8408778 21.0001991)
5689358175,550,20.9998819,105.8404157,2,,,,POINT (105.8404157 20.9998819)
5689358176,551,21.0001349,105.8404317,2,,,,POINT (105.8404317 21.0001349)
5689358177,552,21.0015824,105.8410019,2,,,,POINT (105.8410019 21.0015824)
5698835496,553,20.9994966,105.8392125,3,,,,POINT (105.8392125 20.9994966)
5698835497,554,21.0000785,105.8389939,1,,,,POINT (105.8389939 21.0000785)
5700863976,555,20.9994915,105.8390035,2,,,,POINT (105.8390035 20.9994915)
5700863977,556,20.9995363,105.8389512,2,,,,POINT (105.8389512 20.9995363)
5709906182,557,21.0107817,105.8372067,3,,,,POINT (105.8372067 21.0107817)
5710091925,558,21.0126185,105.8269948,1,,,,POINT (105.8269948 21.0126185)
5710091944,559,21.0120535,105.8283201,3,,,,POINT (105.8283201 21.0120535)
5710097959,560,21.0114041,105.832299,1,,,,POINT (105.832299 21.0114041)
5710097960,561,21.0118304,105.8328114,3,,,,POINT (105.8328114 21.0118304)
5710097961,562,21.0109536,105.8327692,1,,,,POINT (105.8327692 21.0109536)
5710097962,563,21.0113404,105.8332332,2,,,,POINT (105.8332332 21.0113404)
5710097963,564,21.0114788,105.8331589,3,,,,POINT (105.8331589 21.0114788)
5710097964,565,21.0117354,105.8334458,2,,,,POINT (105.8334458 21.0117354)
5710297009,566,21.0099181,105.8254496,3,,,,POINT (105.8254496 21.0099181)
5710297010,567,21.0101564,105.8249485,3,,,,POINT (105.8249485 21.0101564)
5710297011,568,21.0100041,105.828031,1,,,,POINT (105.828031 21.0100041)
5710297012,569,21.0101485,105.8278901,3,,,,POINT (105.8278901 21.0101485)
5710297013,570,21.0103095,105.8279786,3,,,,POINT (105.8279786 21.0103095)
5710297015,571,21.0104577,105.8277159,3,,,,POINT (105.8277159 21.0104577)
5710297016,572,21.0105304,105.8267893,1,,,,POINT (105.8267893 21.0105304)
5710297017,573,21.0100146,105.8264992,3,,,,POINT (105.8264992 21.0100146)
5710297018,574,21.0105923,105.8272216,1,,,,POINT (105.8272216 21.0105923)
5710297019,575,21.0096771,105.8266614,3,,,,POINT (105.8266614 21.0096771)
5710297021,576,21.0092539,105.8263679,2,,,,POINT (105.8263679 21.0092539)
5710297023,577,21.0094606,105.8259013,3,,,,POINT (105.8259013 21.0094606)
5710297026,578,21.009912,105.8261278,3,,,,POINT (105.8261278 21.009912)
5710297027,579,21.0093927,105.8272751,3,,,,POINT (105.8272751 21.0093927)
5710297028,580,21.0086508,105.8269134,1,,,,POINT (105.8269134 21.0086508)
5710297029,581,21.0096128,105.8273767,3,,,,POINT (105.8273767 21.0096128)
5710309831,582,21.0105233,105.8273871,1,,,,POINT (105.8273871 21.0105233)
5710309832,583,21.0103857,105.8276719,3,,,,POINT (105.8276719 21.0103857)
5710309834,584,21.0100779,105.8276827,2,,,,POINT (105.8276827 21.0100779)
5710482854,585,21.0089868,105.8346042,3,,,,POINT (105.8346042 21.0089868)
5710482855,586,21.0099026,105.8308864,1,,,,POINT (105.8308864 21.0099026)
5710482856,587,21.0100044,105.8311532,3,,,,POINT (105.8311532 21.0100044)
5710482857,588,21.0105137,105.8281124,2,,,,POINT (105.8281124 21.0105137)
5710482858,589,21.0086119,105.8317529,3,,,,POINT (105.8317529 21.0086119)
5710482861,590,21.0087175,105.8310973,1,turning_circle,,,POINT (105.8310973 21.0087175)
5710482863,591,21.0086123,105.8312509,2,,,,POINT (105.8312509 21.0086123)
5710482864,592,21.0087169,105.8314868,2,,,,POINT (105.8314868 21.0087169)
5710482865,593,21.0088461,105.8314377,2,,,,POINT (105.8314377 21.0088461)
5710482866,594,21.008917,105.8316035,3,,,,POINT (105.8316035 21.008917)
5710482871,595,21.0094222,105.8286471,5,,,,POINT (105.8286471 21.0094222)
5710482872,596,21.0103706,105.8352965,3,,,,POINT (105.8352965 21.0103706)
5710482873,597,21.0105558,105.8355368,3,,,,POINT (105.8355368 21.0105558)
5710482874,598,21.0109745,105.8360463,2,,,,POINT (105.8360463 21.0109745)
5710482875,599,21.0108292,105.8357942,2,,,,POINT (105.8357942 21.0108292)
5710482876,600,21.0105973,105.8354994,2,,,,POINT (105.8354994 21.0105973)
5710482879,601,21.0079399,105.833274,3,,,,POINT (105.833274 21.0079399)
5710482880,602,21.0089481,105.8326908,3,,,,POINT (105.8326908 21.0089481)
5710482881,603,21.0083554,105.8319822,3,,,,POINT (105.8319822 21.0083554)
5710482882,604,21.0091446,105.8336436,4,,,,POINT (105.8336436 21.0091446)
5710482883,605,21.0096992,105.8342967,3,,,,POINT (105.8342967 21.0096992)
5710482884,606,21.0098806,105.8351758,3,,,,POINT (105.8351758 21.0098806)
5710482885,607,21.009405,105.8345738,3,,,,POINT (105.8345738 21.009405)
5710482886,608,21.0091608,105.8348066,3,,,,POINT (105.8348066 21.0091608)
5710482889,609,21.0099454,105.834032,2,,,,POINT (105.834032 21.0099454)
5710482890,610,21.0099378,105.8339301,3,,,,POINT (105.8339301 21.0099378)
5710678264,611,21.0107348,105.8281555,2,,,,POINT (105.8281555 21.0107348)
5710678265,612,21.0106615,105.8281982,4,,,,POINT (105.8281982 21.0106615)
5716408758,613,21.0079401,105.8301877,1,,,,POINT (105.8301877 21.0079401)
5716408764,614,21.0072855,105.8298517,2,,,,POINT (105.8298517 21.0072855)
5716408765,615,21.0071334,105.8298739,2,,,,POINT (105.8298739 21.0071334)
5716408766,616,21.0067505,105.8306871,3,,,,POINT (105.8306871 21.0067505)
5716408782,617,21.0080413,105.8289211,1,,,,POINT (105.8289211 21.0080413)
5716408786,618,21.0078308,105.8280752,3,,,,POINT (105.8280752 21.0078308)
5716408791,619,21.0066219,105.8283369,2,,,,POINT (105.8283369 21.0066219)
5716408794,620,21.0064569,105.8288415,1,,,,POINT (105.8288415 21.0064569)
5716408795,621,21.0066934,105.8289881,2,,,,POINT (105.8289881 21.0066934)
5716408796,622,21.0067643,105.8289805,2,,,,POINT (105.8289805 21.0067643)
5716408797,623,21.0069848,105.8285248,3,,,,POINT (105.8285248 21.0069848)
5716408798,624,21.0075716,105.8256848,2,,,,POINT (105.8256848 21.0075716)
5716408799,625,21.00747,105.8258888,3,,,,POINT (105.8258888 21.00747)
5716408801,626,21.0081687,105.8262611,2,,,,POINT (105.8262611 21.0081687)
5716408804,627,21.008388,105.8257643,3,,,,POINT (105.8257643 21.008388)
5716408805,628,21.0084671,105.8256221,3,,,,POINT (105.8256221 21.0084671)
5716408809,629,21.0078515,105.8237318,3,,,,POINT (105.8237318 21.0078515)
5716409701,630,21.0069582,105.8302474,2,,,,POINT (105.8302474 21.0069582)
5716421014,631,21.0063023,105.8278958,3,,,,POINT (105.8278958 21.0063023)
5716421323,632,21.0074499,105.8246165,3,,,,POINT (105.8246165 21.0074499)
5716421327,633,21.007031,105.8246881,2,,,,POINT (105.8246881 21.007031)
5716421328,634,21.0065728,105.825695,3,,,,POINT (105.825695 21.0065728)
5716421329,635,21.0068806,105.8258432,2,,,,POINT (105.8258432 21.0068806)
5716421330,636,21.0071108,105.8253325,3,,,,POINT (105.8253325 21.0071108)
5716421331,637,21.0075359,105.8243646,2,,,,POINT (105.8243646 21.0075359)
5716421332,638,21.0075564,105.8243671,2,,,,POINT (105.8243671 21.0075564)
5716421334,639,21.0075859,105.8244826,2,,,,POINT (105.8244826 21.0075859)
5716421335,640,21.007568,105.8244967,2,,,,POINT (105.8244967 21.007568)
5716421336,641,21.0075244,105.8245025,2,,,,POINT (105.8245025 21.0075244)
5716421337,642,21.0075039,105.8244933,3,,,,POINT (105.8244933 21.0075039)
5716421338,643,21.0074758,105.8244163,2,,,,POINT (105.8244163 21.0074758)
5716421339,644,21.0074841,105.8243962,2,,,,POINT (105.8243962 21.0074841)
5716421340,645,21.0074979,105.8243799,2,,,,POINT (105.8243799 21.0074979)
5716421341,646,21.0075158,105.824369,2,,,,POINT (105.824369 21.0075158)
5716421342,647,21.0075467,105.8245036,2,,,,POINT (105.8245036 21.0075467)
5716457423,648,21.0081255,105.8384303,1,turning_circle,,,POINT (105.8384303 21.0081255)
5716457424,649,21.0083173,105.8386602,3,,,,POINT (105.8386602 21.0083173)
5716457425,650,21.008332,105.8332711,2,,,,POINT (105.8332711 21.008332)
5716457426,651,21.0077279,105.8325515,3,,,,POINT (105.8325515 21.0077279)
5716457429,652,21.0073421,105.831849,3,,,,POINT (105.831849 21.0073421)
5716457436,653,21.0060871,105.8386921,3,,,,POINT (105.8386921 21.0060871)
5716457438,654,21.0058696,105.8386455,3,,,,POINT (105.8386455 21.0058696)
5716457439,655,21.0056028,105.8397238,1,,,,POINT (105.8397238 21.0056028)
5716457440,656,21.0056042,105.8389717,3,,,,POINT (105.8389717 21.0056042)
5716457441,657,21.0062303,105.8387147,3,,,,POINT (105.8387147 21.0062303)
5716457442,658,21.0061398,105.8394074,4,,,,POINT (105.8394074 21.0061398)
5716457443,659,21.0064257,105.8394563,2,,,,POINT (105.8394563 21.0064257)
5716457458,660,21.0068131,105.8396106,1,,,,POINT (105.8396106 21.0068131)
5716457460,661,21.0069035,105.8387952,2,,,,POINT (105.8387952 21.0069035)
5716457462,662,21.0071518,105.8388227,3,,,,POINT (105.8388227 21.0071518)
5716457463,663,21.0066352,105.837775,1,,,,POINT (105.837775 21.0066352)
5716457464,664,21.0065218,105.8387531,4,,,,POINT (105.8387531 21.0065218)
5716457468,665,21.0083377,105.8379401,2,,,,POINT (105.8379401 21.0083377)
5716457469,666,21.0074389,105.8378964,1,,,,POINT (105.8378964 21.0074389)
5716457470,667,21.0073508,105.8388465,3,,,,POINT (105.8388465 21.0073508)
5716457471,668,21.0096242,105.8361798,3,,,,POINT (105.8361798 21.0096242)
5716457472,669,21.0102306,105.8368958,3,,,,POINT (105.8368958 21.0102306)
5716457473,670,21.0093213,105.8364376,3,,,,POINT (105.8364376 21.0093213)
5716457475,671,21.0080979,105.8376484,1,,,,POINT (105.8376484 21.0080979)
5716457476,672,21.0086548,105.838343,4,,,,POINT (105.838343 21.0086548)
5716462534,673,21.0070854,105.8324708,3,,,,POINT (105.8324708 21.0070854)
5716462535,674,21.0071278,105.832444,3,,,,POINT (105.832444 21.0071278)
5716462536,675,21.0070919,105.8393909,1,,,,POINT (105.8393909 21.0070919)
5716462539,676,21.0075182,105.8392788,1,,,,POINT (105.8392788 21.0075182)
5716462540,677,21.0075597,105.8388808,3,,,,POINT (105.8388808 21.0075597)
5716860448,678,21.0073307,105.8248443,3,,,,POINT (105.8248443 21.0073307)
5717110565,679,21.0078018,105.8381403,1,,,,POINT (105.8381403 21.0078018)
5717110566,680,21.0074232,105.8380805,4,,,,POINT (105.8380805 21.0074232)
5717110568,681,21.0064887,105.8363991,3,,,,POINT (105.8363991 21.0064887)
5717110569,682,21.0067929,105.8360458,3,,,,POINT (105.8360458 21.0067929)
5717110571,683,21.0079655,105.8341913,3,,,,POINT (105.8341913 21.0079655)
5717110575,684,21.0076479,105.8290556,2,,,,POINT (105.8290556 21.0076479)
5717110576,685,21.0077681,105.828788,3,,,,POINT (105.828788 21.0077681)
5717110577,686,21.0080956,105.8264258,2,,,,POINT (105.8264258 21.0080956)
5717110578,687,21.0073939,105.8260508,3,,,,POINT (105.8260508 21.0073939)
5718888804,688,21.0041947,105.8410713,3,,,,POINT (105.8410713 21.0041947)
5718888805,689,21.0056436,105.8411399,2,,,,POINT (105.8411399 21.0056436)
5718888806,690,21.0063246,105.8411375,4,,,,POINT (105.8411375 21.0063246)
5718888807,691,21.0072746,105.8411266,2,,,,POINT (105.8411266 21.0072746)
5718922736,692,21.0079281,105.8394448,2,,,,POINT (105.8394448 21.0079281)
5718922737,693,21.0083914,105.8392555,3,,,,POINT (105.8392555 21.0083914)
5721705547,694,21.0044822,105.8242213,2,,,,POINT (105.8242213 21.0044822)
5721795692,695,21.0055812,105.8301995,3,,,,POINT (105.8301995 21.0055812)
5721795693,696,21.0050715,105.8278696,2,,,,POINT (105.8278696 21.0050715)
5721795694,697,21.0058289,105.8261423,2,,,,POINT (105.8261423 21.0058289)
5721795695,698,21.0056166,105.8266141,3,,,,POINT (105.8266141 21.0056166)
5721795696,699,21.0060057,105.8268124,3,,,,POINT (105.8268124 21.0060057)
5721795697,700,21.0043665,105.8264474,3,,,,POINT (105.8264474 21.0043665)
5721795698,701,21.0046567,105.8258173,4,,,,POINT (105.8258173 21.0046567)
5721795699,702,21.0060369,105.829303,2,,,,POINT (105.829303 21.0060369)
5721795700,703,21.0039497,105.8311655,3,,,,POINT (105.8311655 21.0039497)
5721823829,704,21.0032173,105.8365935,1,,,,POINT (105.8365935 21.0032173)
5721823830,705,21.0030795,105.8360626,3,,,,POINT (105.8360626 21.0030795)
5721823832,706,21.0032388,105.8360592,3,,,,POINT (105.8360592 21.0032388)
5721877139,707,21.0058431,105.8393668,3,,,,POINT (105.8393668 21.0058431)
5721877141,708,21.0054431,105.8380563,1,,,,POINT (105.8380563 21.0054431)
5721877142,709,21.0049999,105.8382952,3,,,,POINT (105.8382952 21.0049999)
5721877143,710,21.0047171,105.8383718,2,,,,POINT (105.8383718 21.0047171)
5721877144,711,21.0030895,105.8375309,3,,,,POINT (105.8375309 21.0030895)
5721877145,712,21.0032424,105.8382824,3,,,,POINT (105.8382824 21.0032424)
5835644969,713,21.0040511,105.8395674,2,,,,POINT (105.8395674 21.0040511)
5835644970,714,21.0040348,105.8395775,2,,,,POINT (105.8395775 21.0040348)
5835644971,715,21.0040317,105.8395996,2,,,,POINT (105.8395996 21.0040317)
5835644972,716,21.004031,105.8396304,2,,,,POINT (105.8396304 21.004031)
5835644978,717,21.0032798,105.8398289,1,,,,POINT (105.8398289 21.0032798)
5835644979,718,21.0026124,105.8380971,3,,,,POINT (105.8380971 21.0026124)
5835644980,719,21.002611,105.8379005,2,,,,POINT (105.8379005 21.002611)
5835644981,720,21.0025999,105.8376511,3,,,,POINT (105.8376511 21.0025999)
5835644983,721,21.0027216,105.8375918,2,,,,POINT (105.8375918 21.0027216)
5835644984,722,21.0027066,105.8374347,3,,,,POINT (105.8374347 21.0027066)
5835646688,723,21.0026075,105.8369713,1,,,,POINT (105.8369713 21.0026075)
5835646689,724,21.0026185,105.8382447,3,,,,POINT (105.8382447 21.0026185)
5835646692,725,21.002328,105.8380566,1,,,,POINT (105.8380566 21.002328)
5835646698,726,21.0021143,105.8319062,3,,,,POINT (105.8319062 21.0021143)
5835646699,727,21.0013419,105.8316824,2,,,,POINT (105.8316824 21.0013419)
5835646745,728,21.0033697,105.8319435,1,,,,POINT (105.8319435 21.0033697)
5835713070,729,21.001923,105.8410892,2,,level_crossing,,POINT (105.8410892 21.001923)
5875623858,730,21.0042535,105.8217591,2,,,,POINT (105.8217591 21.0042535)
5954441640,731,21.0112402,105.825529,3,,,,POINT (105.825529 21.0112402)
6405794490,732,21.0108807,105.8257732,1,,,,POINT (105.8257732 21.0108807)
6405794494,733,21.0096805,105.824699,3,,,,POINT (105.824699 21.0096805)
6405794497,734,21.0110281,105.8253888,3,,,,POINT (105.8253888 21.0110281)
6405865430,735,21.0122754,105.8352471,3,,,,POINT (105.8352471 21.0122754)
6405865431,736,21.012629,105.8355081,3,,,,POINT (105.8355081 21.012629)
6405865432,737,21.0110527,105.8364334,1,,,,POINT (105.8364334 21.0110527)
6405865433,738,21.0129411,105.835217,3,,,,POINT (105.835217 21.0129411)
6405865437,739,21.0128435,105.8349271,2,,,,POINT (105.8349271 21.0128435)
6405874522,740,21.0088159,105.8272768,1,,,,POINT (105.8272768 21.0088159)
6405895472,741,21.0129849,105.8268489,1,,,,POINT (105.8268489 21.0129849)
6405895474,742,21.0112198,105.8258703,1,,,,POINT (105.8258703 21.0112198)
6405895475,743,21.0113449,105.8256022,3,,,,POINT (105.8256022 21.0113449)
6405942890,744,21.0031969,105.8217426,1,,,,POINT (105.8217426 21.0031969)
6405942896,745,21.002864,105.8215609,3,,,,POINT (105.8215609 21.002864)
6405942898,746,21.002473,105.8290886,2,,,,POINT (105.8290886 21.002473)
6405942905,747,21.0023344,105.8296911,3,,,,POINT (105.8296911 21.0023344)
6405982587,748,21.0074689,105.833713,1,,,,POINT (105.833713 21.0074689)
6405982588,749,21.0079073,105.8342453,3,,,,POINT (105.8342453 21.0079073)
6405982589,750,21.0055342,105.8330552,1,,,,POINT (105.8330552 21.0055342)
6406043724,751,21.0019349,105.8357382,2,,,,POINT (105.8357382 21.0019349)
6406043726,752,21.0041207,105.8377372,1,,,,POINT (105.8377372 21.0041207)
6406043733,753,20.9985154,105.8391842,3,,,,POINT (105.8391842 20.9985154)
6406043739,754,21.0029004,105.8355443,1,,,,POINT (105.8355443 21.0029004)
6406043741,755,21.0026719,105.8356148,2,,,,POINT (105.8356148 21.0026719)
6406043750,756,21.0029018,105.8360586,3,,,,POINT (105.8360586 21.0029018)
6406043755,757,20.9991234,105.8392063,3,,,,POINT (105.8392063 20.9991234)
6601172989,758,21.0053544,105.8412936,4,crossing,,,POINT (105.8412936 21.0053544)
6601172990,759,21.0074015,105.8409983,4,traffic_signals,,,POINT (105.8409983 21.0074015)
6601173017,760,21.0105235,105.8363554,4,crossing,,,POINT (105.8363554 21.0105235)
6601173019,761,21.0110771,105.8367953,4,crossing,,,POINT (105.8367953 21.0110771)
6601173021,762,21.0111798,105.8368974,4,traffic_signals,,,POINT (105.8368974 21.0111798)
6601173027,763,21.0108797,105.8369694,4,traffic_signals,,,POINT (105.8369694 21.0108797)
6601173028,764,21.0110089,105.836891,4,crossing,,,POINT (105.836891 21.0110089)
6601173030,765,21.0075925,105.8410955,4,traffic_signals,,,POINT (105.8410955 21.0075925)
6601256786,766,21.0070308,105.8323301,2,,,,POINT (105.8323301 21.0070308)
6601256787,767,21.0069085,105.832178,2,,,,POINT (105.832178 21.0069085)
6601256789,768,21.0080943,105.8388719,2,crossing,,,POINT (105.8388719 21.0080943)
6601256791,769,21.0094117,105.8376464,4,crossing,,,POINT (105.8376464 21.0094117)
6601256792,770,21.0095491,105.8375337,4,crossing,,,POINT (105.8375337 21.0095491)
6601256793,771,21.0095489,105.8376584,4,crossing,,,POINT (105.8376584 21.0095489)
6601256829,772,21.0074346,105.8410312,2,,,,POINT (105.8410312 21.0074346)
6601256830,773,21.0074621,105.8410621,2,,,,POINT (105.8410621 21.0074621)
6601256831,774,21.0074915,105.8410808,2,,,,POINT (105.8410808 21.0074915)
6601256832,775,21.0075397,105.8410922,2,,,,POINT (105.8410922 21.0075397)
6617184333,776,21.004432,105.8412682,4,traffic_signals,,,POINT (105.8412682 21.004432)
6617377060,777,20.9981531,105.8411411,4,traffic_signals,,,POINT (105.8411411 20.9981531)
6617463572,778,21.0000578,105.841058,1,,,,POINT (105.841058 21.0000578)
6617463573,779,21.0000593,105.8412002,3,,,,POINT (105.8412002 21.0000593)
6617781341,780,21.0000608,105.8411169,2,,crossing,,POINT (105.8411169 21.0000608)
6646865963,781,21.00176,105.8301464,2,,,,POINT (105.8301464 21.00176)
6658337380,782,21.0080894,105.8271943,4,crossing,,,POINT (105.8271943 21.0080894)
6658337381,783,21.0080286,105.8271671,4,crossing,,,POINT (105.8271671 21.0080286)
6658337383,784,21.0090573,105.8245318,4,crossing,,,POINT (105.8245318 21.0090573)
6658337384,785,21.0092349,105.8246237,4,traffic_signals,,,POINT (105.8246237 21.0092349)
6658393753,786,21.0083225,105.8265004,3,,,,POINT (105.8265004 21.0083225)
6658429241,787,21.0069778,105.8294801,3,,,,POINT (105.8294801 21.0069778)
6658429246,788,21.0076611,105.8283022,3,,,,POINT (105.8283022 21.0076611)
6658429247,789,21.0074992,105.8282268,3,,,,POINT (105.8282268 21.0074992)
6658429248,790,21.0075962,105.8284087,2,,,,POINT (105.8284087 21.0075962)
6658429249,791,21.007456,105.8283428,2,,,,POINT (105.8283428 21.007456)
6658473478,792,21.0063882,105.8310305,4,crossing,,,POINT (105.8310305 21.0063882)
6658473479,793,21.0062474,105.8309478,4,traffic_signals,,,POINT (105.8309478 21.0062474)
6658473480,794,21.0064426,105.830619,2,,,,POINT (105.830619 21.0064426)
6658723755,795,21.0073434,105.8288975,3,,,,POINT (105.8288975 21.0073434)
6658863016,796,21.0077733,105.8280466,4,crossing,,,POINT (105.8280466 21.0077733)
6659134172,797,21.0104207,105.8250477,3,,,,POINT (105.8250477 21.0104207)
6659134175,798,21.0058306,105.8227842,4,crossing,,,POINT (105.8227842 21.0058306)
6659134178,799,21.0054936,105.8226298,4,traffic_signals,,,POINT (105.8226298 21.0054936)
6661252901,800,21.0046118,105.841001,1,,,,POINT (105.841001 21.0046118)
6661252903,801,21.0040869,105.8408857,2,,,,POINT (105.8408857 21.0040869)
6661252904,802,21.0042094,105.8401901,4,crossing,,,POINT (105.8401901 21.0042094)
6661252905,803,21.004159,105.8390374,4,crossing,,,POINT (105.8390374 21.004159)
6661252906,804,21.0040685,105.8385931,4,crossing,,,POINT (105.8385931 21.0040685)
6661539797,805,21.0040839,105.8395653,2,,,,POINT (105.8395653 21.0040839)
6661539805,806,21.00373,105.8372675,3,,,,POINT (105.8372675 21.00373)
6661738532,807,21.0013757,105.8412209,2,,,,POINT (105.8412209 21.0013757)
6661738533,808,21.0017416,105.8412279,2,,,,POINT (105.8412279 21.0017416)
6668021004,809,21.0033212,105.8206451,2,,,,POINT (105.8206451 21.0033212)
6668021005,810,21.00335,105.8205673,2,,,,POINT (105.8205673 21.00335)
6668082605,811,21.0095894,105.8382737,2,,,,POINT (105.8382737 21.0095894)
6668082609,812,21.0107034,105.8371789,3,,,,POINT (105.8371789 21.0107034)
6677217865,813,21.0013301,105.8275581,2,,,,POINT (105.8275581 21.0013301)
6677292199,814,21.0016158,105.8265124,2,,,,POINT (105.8265124 21.0016158)
6677338239,815,21.0063121,105.8314193,4,crossing,,,POINT (105.8314193 21.0063121)
6677338240,816,21.0064256,105.8313145,4,traffic_signals,,,POINT (105.8313145 21.0064256)
6677338241,817,21.0065963,105.8315376,3,,,,POINT (105.8315376 21.0065963)
6677531879,818,21.0020704,105.8295885,4,crossing,,,POINT (105.8295885 21.0020704)
6677531880,819,21.0031139,105.830006,4,crossing,,,POINT (105.830006 21.0031139)
6677531881,820,21.003675,105.8301865,4,crossing,,,POINT (105.8301865 21.003675)
6677531882,821,21.0041344,105.8302616,4,traffic_signals,,,POINT (105.8302616 21.0041344)
6677531884,822,21.0048585,105.8309557,1,,,,POINT (105.8309557 21.0048585)
6677555785,823,21.0049401,105.83063,4,crossing,,,POINT (105.83063 21.0049401)
6677895174,824,21.0033324,105.8206028,2,,,,POINT (105.8206028 21.0033324)
6677895175,825,21.0032688,105.8206996,2,,,,POINT (105.8206996 21.0032688)
6677895176,826,21.0031473,105.8207341,3,,,,POINT (105.8207341 21.0031473)
6677947345,827,21.0057325,105.8323704,2,,,,POINT (105.8323704 21.0057325)
6677947346,828,21.0056712,105.8324683,2,,,,POINT (105.8324683 21.0056712)
6684287969,829,21.0059057,105.8327195,2,,,,POINT (105.8327195 21.0059057)
6684287970,830,21.0068852,105.832147,3,,,,POINT (105.832147 21.0068852)
6684287971,831,21.0067918,105.8322171,2,,,,POINT (105.8322171 21.0067918)
6684287972,832,21.0066915,105.8322805,2,,,,POINT (105.8322805 21.0066915)
6684287973,833,21.0061995,105.8324884,2,,,,POINT (105.8324884 21.0061995)
6684337010,834,21.0062013,105.835346,4,crossing,,,POINT (105.835346 21.0062013)
6684337011,835,21.0060222,105.8352738,4,crossing,,,POINT (105.8352738 21.0060222)
6684337012,836,21.0061475,105.835061,4,crossing,,,POINT (105.835061 21.0061475)
6684358044,837,21.0072718,105.8349059,4,crossing,,,POINT (105.8349059 21.0072718)
6684374577,838,21.0082004,105.8339738,2,traffic_signals,,,POINT (105.8339738 21.0082004)
6684374578,839,21.0085189,105.8338633,3,,,,POINT (105.8338633 21.0085189)
6684374579,840,21.0081583,105.8339383,3,,,,POINT (105.8339383 21.0081583)
6684374580,841,21.00822,105.8340074,3,,,,POINT (105.8340074 21.00822)
6684374581,842,21.0084806,105.8338013,2,,,,POINT (105.8338013 21.0084806)
6684374582,843,21.0083103,105.8339743,3,,,,POINT (105.8339743 21.0083103)
6684374583,844,21.0082014,105.8338349,2,,,,POINT (105.8338349 21.0082014)
6684388981,845,21.0075028,105.8346205,3,,,,POINT (105.8346205 21.0075028)
6684722069,846,21.0106449,105.8371999,3,,,,POINT (105.8371999 21.0106449)
6684722071,847,21.0101565,105.8359137,3,,,,POINT (105.8359137 21.0101565)
6684722073,848,21.0096526,105.835409,3,,,,POINT (105.835409 21.0096526)
6684744667,849,21.0046691,105.8357656,2,,,,POINT (105.8357656 21.0046691)
6684744669,850,21.0053342,105.835576,1,,,,POINT (105.835576 21.0053342)
6684744670,851,21.0053447,105.8354821,4,crossing,,,POINT (105.8354821 21.0053447)
6684804424,852,21.0082579,105.83372,3,,,,POINT (105.83372 21.0082579)
6684804426,853,21.0089445,105.8386416,3,,,,POINT (105.8386416 21.0089445)
6684849548,854,21.0082389,105.8336224,2,,,,POINT (105.8336224 21.0082389)
6684849549,855,21.0081731,105.833676,2,traffic_signals,,,POINT (105.833676 21.0081731)
6684983516,856,21.0070575,105.8323625,3,,,,POINT (105.8323625 21.0070575)
6685024887,857,21.0122971,105.8281158,1,,,,POINT (105.8281158 21.0122971)
6685024892,858,21.0124024,105.8287822,3,,,,POINT (105.8287822 21.0124024)
6685052834,859,21.0108849,105.8367867,3,,,,POINT (105.8367867 21.0108849)
6685052835,860,21.011103,105.8369661,4,,,,POINT (105.8369661 21.011103)
6685052836,861,21.0108009,105.8368691,3,,,,POINT (105.8368691 21.0108009)
6685142803,862,21.0082183,105.832104,4,crossing,,,POINT (105.832104 21.0082183)
6685142804,863,21.0089044,105.8315669,2,,,,POINT (105.8315669 21.0089044)
6685150613,864,21.0087241,105.8309121,1,,,,POINT (105.8309121 21.0087241)
6685150614,865,21.0090824,105.8315328,3,,,,POINT (105.8315328 21.0090824)
6685150619,866,21.0080292,105.831663,3,,,,POINT (105.831663 21.0080292)
6685150620,867,21.0083226,105.8320118,3,,,,POINT (105.8320118 21.0083226)
6685150622,868,21.0079133,105.8320054,1,,,,POINT (105.8320054 21.0079133)
6685150623,869,21.0080794,105.8322228,3,,,,POINT (105.8322228 21.0080794)
6685150627,870,21.0075711,105.8327051,4,crossing,,,POINT (105.8327051 21.0075711)
6685301283,871,21.0140257,105.8341953,3,,,,POINT (105.8341953 21.0140257)
6685416588,872,21.013998,105.8338429,2,,,,POINT (105.8338429 21.013998)
6685416589,873,21.0141362,105.8339759,4,traffic_signals,,,POINT (105.8339759 21.0141362)
6687930408,874,21.0015193,105.835213,1,,,,POINT (105.835213 21.0015193)
6687930409,875,21.0016776,105.8360523,3,,,,POINT (105.8360523 21.0016776)
6687930410,876,21.0019912,105.8371424,1,,,,POINT (105.8371424 21.0019912)
6687930411,877,21.0018341,105.8360524,3,,,,POINT (105.8360524 21.0018341)
6688326496,878,20.9982128,105.8412245,2,,,,POINT (105.8412245 20.9982128)
6688326497,879,20.998282,105.8411437,3,,,,POINT (105.8411437 20.998282)
6688326498,880,21.004697,105.8412795,2,,,,POINT (105.8412795 21.004697)
6688471376,881,20.999988,105.8319564,3,,,,POINT (105.8319564 20.999988)
6688503839,882,21.0104436,105.8251554,2,,,,POINT (105.8251554 21.0104436)
6688503840,883,21.010308,105.8250863,2,,,,POINT (105.8250863 21.010308)
6688503842,884,21.0095161,105.8246137,3,,,,POINT (105.8246137 21.0095161)
6688503843,885,21.0095091,105.8245859,2,,,,POINT (105.8245859 21.0095091)
6688503844,886,21.0095097,105.8245631,2,,,,POINT (105.8245631 21.0095097)
6688976441,887,21.0114014,105.8264038,1,,,,POINT (105.8264038 21.0114014)
6688976442,888,21.0124958,105.8263454,3,,,,POINT (105.8263454 21.0124958)
6688976456,889,21.0107529,105.8255911,1,,,,POINT (105.8255911 21.0107529)
6688976457,890,21.0108828,105.8252977,3,,,,POINT (105.8252977 21.0108828)
6689074609,891,21.0125919,105.8267069,1,,,,POINT (105.8267069 21.0125919)
6689074610,892,21.0127067,105.8264707,3,,,,POINT (105.8264707 21.0127067)
6689134268,893,21.0051202,105.832686,2,crossing,,,POINT (105.832686 21.0051202)
6689134269,894,21.0045758,105.832589,2,crossing,,,POINT (105.832589 21.0045758)
6689134270,895,21.0029045,105.8328213,2,crossing,,,POINT (105.8328213 21.0029045)
6689500340,896,21.0051717,105.8411568,2,,level_crossing,,POINT (105.8411568 21.0051717)
6689500341,897,21.0051611,105.8411038,3,,,,POINT (105.8411038 21.0051611)
6689670370,898,21.0052725,105.8328997,2,,,,POINT (105.8328997 21.0052725)
6689670375,899,20.9990044,105.8371679,2,,,,POINT (105.8371679 20.9990044)
6689670376,900,20.9989584,105.8373224,2,,,,POINT (105.8373224 20.9989584)
6689689933,901,20.9989616,105.8383317,2,,,,POINT (105.8383317 20.9989616)
6689689934,902,20.9991169,105.8383343,1,,,,POINT (105.8383343 20.9991169)
6689689935,903,20.9987914,105.8383289,2,,,,POINT (105.8383289 20.9987914)
6689689936,904,20.9987269,105.838314,3,,,,POINT (105.838314 20.9987269)
6689689937,905,20.998566,105.8389682,2,,,,POINT (105.8389682 20.998566)
6781810839,906,21.0019872,105.8252013,3,,,,POINT (105.8252013 21.0019872)
7056058598,907,21.0032945,105.8223853,4,,,,POINT (105.8223853 21.0032945)
7056058599,908,21.0030196,105.8229146,3,,,,POINT (105.8229146 21.0030196)
7056058600,909,21.003206,105.8226152,2,,,,POINT (105.8226152 21.003206)
7059776687,910,21.0089628,105.8311965,2,,,,POINT (105.8311965 21.0089628)
7085612950,911,21.0042612,105.8245169,3,,,,POINT (105.8245169 21.0042612)
7085612951,912,21.0034513,105.8241859,2,,,,POINT (105.8241859 21.0034513)
7085612952,913,21.0036132,105.8240585,2,,,,POINT (105.8240585 21.0036132)
7085612953,914,21.0037425,105.8240456,3,,,,POINT (105.8240456 21.0037425)
7085612954,915,21.003798,105.8240856,2,,,,POINT (105.8240856 21.003798)
7085612955,916,21.0039307,105.8241607,2,,,,POINT (105.8241607 21.0039307)
7085612956,917,21.004096,105.8243055,2,,,,POINT (105.8243055 21.004096)
7119384386,918,20.9981048,105.840007,2,,,,POINT (105.840007 20.9981048)
7119384387,919,21.000524,105.8296672,2,,,,POINT (105.8296672 21.000524)
7119384388,920,20.9997179,105.8326588,2,,,,POINT (105.8326588 20.9997179)
7119384389,921,20.9992216,105.8352616,3,,,,POINT (105.8352616 20.9992216)
7119384392,922,20.998947,105.8368716,2,,,,POINT (105.8368716 20.998947)
7119384393,923,20.9981646,105.8401043,2,,,,POINT (105.8401043 20.9981646)
7144483000,924,20.9982301,105.8400858,4,,,,POINT (105.8400858 20.9982301)
7144483001,925,20.9984203,105.8395695,2,,,,POINT (105.8395695 20.9984203)
7144483002,926,20.9982413,105.8399246,2,,,,POINT (105.8399246 20.9982413)
7144483004,927,20.9989988,105.8368397,2,,,,POINT (105.8368397 20.9989988)
7144483005,928,20.9990819,105.8368294,2,,,,POINT (105.8368294 20.9990819)
7144483007,929,20.9988543,105.8374806,3,,,,POINT (105.8374806 20.9988543)
7144483015,930,21.0023062,105.823974,3,,,,POINT (105.823974 21.0023062)
7199335713,931,20.99853,105.8411489,3,,,,POINT (105.8411489 20.99853)
7199335714,932,20.9981316,105.8404683,3,,,,POINT (105.8404683 20.9981316)
7199335715,933,20.9984829,105.8410587,2,,level_crossing,,POINT (105.8410587 20.9984829)
7401211859,934,21.0014927,105.8293446,3,,,,POINT (105.8293446 21.0014927)
7401211860,935,21.0016267,105.8290241,2,,,,POINT (105.8290241 21.0016267)
7401211861,936,21.0017509,105.8284885,2,,,,POINT (105.8284885 21.0017509)
7401211863,937,21.0019146,105.8275031,3,,,,POINT (105.8275031 21.0019146)
7401211865,938,21.0018966,105.8273875,2,,,,POINT (105.8273875 21.0018966)
7401211866,939,21.0019543,105.8272766,3,,,,POINT (105.8272766 21.0019543)
7401211867,940,21.0019513,105.8270387,2,,,,POINT (105.8270387 21.0019513)
7401211869,941,21.0019223,105.826966,2,,,,POINT (105.826966 21.0019223)
7401211871,942,21.001917,105.8268536,2,,,,POINT (105.8268536 21.001917)
7401211873,943,21.0019374,105.826495,3,,,,POINT (105.826495 21.0019374)
7401211874,944,21.0019129,105.8260918,2,,,,POINT (105.8260918 21.0019129)
7401211877,945,21.0025667,105.8265736,3,,,,POINT (105.8265736 21.0025667)
7401211879,946,21.0023617,105.8243937,2,,,,POINT (105.8243937 21.0023617)
7401211880,947,21.0022961,105.8246315,2,,,,POINT (105.8246315 21.0022961)
7401211881,948,21.0022508,105.8247525,2,,,,POINT (105.8247525 21.0022508)
7401211882,949,21.0022264,105.8248527,2,,,,POINT (105.8248527 21.0022264)
7401211883,950,21.0021938,105.8249094,2,,,,POINT (105.8249094 21.0021938)
7401211884,951,21.0021808,105.8250125,2,,,,POINT (105.8250125 21.0021808)
7401242685,952,21.0021602,105.825193,2,,,,POINT (105.825193 21.0021602)
7401242687,953,21.0026206,105.8244144,2,,,,POINT (105.8244144 21.0026206)
7401242688,954,21.0025396,105.8246044,2,,,,POINT (105.8246044 21.0025396)
7401242689,955,21.0024989,105.824783,2,,,,POINT (105.824783 21.0024989)
7401242690,956,21.0024827,105.8248658,2,,,,POINT (105.8248658 21.0024827)
7401242691,957,21.0024745,105.8249791,2,,,,POINT (105.8249791 21.0024745)
7401242692,958,21.0024623,105.8250488,2,,,,POINT (105.8250488 21.0024623)
7401242693,959,21.0024379,105.825075,2,,,,POINT (105.825075 21.0024379)
7401242694,960,21.0024176,105.8251273,2,,,,POINT (105.8251273 21.0024176)
7401242695,961,21.0024314,105.8252053,3,,,,POINT (105.8252053 21.0024314)
7401242696,962,21.0024176,105.825454,2,,,,POINT (105.825454 21.0024176)
7401242697,963,21.0024424,105.8255953,2,,,,POINT (105.8255953 21.0024424)
7401242698,964,21.0024484,105.8256895,2,,,,POINT (105.8256895 21.0024484)
7401242699,965,21.002536,105.8261145,3,,,,POINT (105.8261145 21.002536)
7401242700,966,21.0025564,105.8262171,2,,,,POINT (105.8262171 21.0025564)
7401242701,967,21.0025893,105.8263709,2,,,,POINT (105.8263709 21.0025893)
7401242702,968,21.002586,105.8264326,2,,,,POINT (105.8264326 21.002586)
7401242704,969,21.0025124,105.8290098,2,,,,POINT (105.8290098 21.0025124)
7401242705,970,21.0025696,105.8290109,2,,,,POINT (105.8290109 21.0025696)
7401242706,971,21.0026716,105.8290229,2,,,,POINT (105.8290229 21.0026716)
7401242707,972,21.0027554,105.8290332,3,,,,POINT (105.8290332 21.0027554)
7401242708,973,21.0027511,105.8289311,2,,,,POINT (105.8289311 21.0027511)
7401242709,974,21.0027633,105.8287394,2,,,,POINT (105.8287394 21.0027633)
7401242710,975,21.0027877,105.8285869,2,,,,POINT (105.8285869 21.0027877)
7401242711,976,21.0028337,105.8284712,2,,,,POINT (105.8284712 21.0028337)
7401242712,977,21.0028532,105.8283343,2,,,,POINT (105.8283343 21.0028532)
7401242713,978,21.0028806,105.8281413,2,,,,POINT (105.8281413 21.0028806)
7401242714,979,21.0029043,105.8279719,4,,,,POINT (105.8279719 21.0029043)
7401242716,980,21.0028883,105.8277099,2,,,,POINT (105.8277099 21.0028883)
7401242718,981,21.00286,105.8274584,3,,,,POINT (105.8274584 21.00286)
7401242719,982,21.0028033,105.8269454,3,,,,POINT (105.8269454 21.0028033)
7401242720,983,21.002756,105.826723,2,,,,POINT (105.826723 21.002756)
7401242721,984,21.0027067,105.8265844,2,,,,POINT (105.8265844 21.0027067)
7401299935,985,21.0046849,105.8273245,2,,,,POINT (105.8273245 21.0046849)
7404653598,986,21.005836,105.8259125,3,,,,POINT (105.8259125 21.005836)
7404653599,987,21.0057433,105.8261026,2,,,,POINT (105.8261026 21.0057433)
7404653600,988,21.0056099,105.8258015,3,,,,POINT (105.8258015 21.0056099)
7539556444,989,21.0101539,105.8349182,2,,,,POINT (105.8349182 21.0101539)
7539556445,990,21.0103492,105.8347841,2,,,,POINT (105.8347841 21.0103492)
7589425247,991,21.0086465,105.8341865,2,traffic_signals,,,POINT (105.8341865 21.0086465)
7595842017,992,21.0073563,105.83606,2,,,,POINT (105.83606 21.0073563)
7619992831,993,21.0034061,105.8411313,2,,level_crossing,,POINT (105.8411313 21.0034061)
7619993540,994,21.0003818,105.8411246,2,,level_crossing,,POINT (105.8411246 21.0003818)
7619993860,995,21.0069615,105.8411878,2,,level_crossing,,POINT (105.8411878 21.0069615)
7635460151,996,21.0059166,105.8340457,2,,,,POINT (105.8340457 21.0059166)
7635541775,997,21.0081253,105.8353458,2,,,,POINT (105.8353458 21.0081253)
7635563857,998,21.0084677,105.8348091,2,,,,POINT (105.8348091 21.0084677)
7707090389,999,21.0040083,105.8408902,2,,,,POINT (105.8408902 21.0040083)
7707090490,1000,21.0003866,105.8409658,3,,,,POINT (105.8409658 21.0003866)
7707090491,1001,21.0003827,105.8410582,2,,,,POINT (105.8410582 21.0003827)
7707090492,1002,21.0019182,105.8410223,2,,,,POINT (105.8410223 21.0019182)
7712308973,1003,21.0095601,105.8294877,3,,,,POINT (105.8294877 21.0095601)
7712309024,1004,21.0091417,105.8292759,5,,,,POINT (105.8292759 21.0091417)
7712309027,1005,21.0095285,105.8284101,2,,,,POINT (105.8284101 21.0095285)
7712309028,1006,21.0091964,105.8282391,1,,,,POINT (105.8282391 21.0091964)
7712309029,1007,21.0090296,105.8295088,3,,,,POINT (105.8295088 21.0090296)
7712309030,1008,21.0086702,105.8293116,1,,,,POINT (105.8293116 21.0086702)
7712494655,1009,21.0099685,105.8256289,2,,,,POINT (105.8256289 21.0099685)
7712494656,1010,21.0099319,105.825711,2,,,,POINT (105.825711 21.0099319)
7712503996,1011,21.009636,105.8273231,2,,,,POINT (105.8273231 21.009636)
7712504013,1012,21.009588,105.8255952,2,,,,POINT (105.8255952 21.009588)
7712504014,1013,21.0096446,105.8254652,2,,,,POINT (105.8254652 21.0096446)
7712504015,1014,21.009705,105.8253335,2,,,,POINT (105.8253335 21.009705)
7712504016,1015,21.0098227,105.8253952,2,,,,POINT (105.8253952 21.0098227)
7712504053,1016,21.0100232,105.8255103,2,,,,POINT (105.8255103 21.0100232)
7712504054,1017,21.0097719,105.8260595,3,,,,POINT (105.8260595 21.0097719)
7712504056,1018,21.0101134,105.8262863,3,,,,POINT (105.8262863 21.0101134)
7712504057,1019,21.0100889,105.8262194,2,,,,POINT (105.8262194 21.0100889)
7726172775,1020,21.0007536,105.8387413,3,,,,POINT (105.8387413 21.0007536)
7726172776,1021,21.0004887,105.8387352,2,,,,POINT (105.8387352 21.0004887)
7726172777,1022,21.000469,105.8392396,1,,,,POINT (105.8392396 21.000469)
7771967109,1023,21.0076639,105.8410507,2,,,,POINT (105.8410507 21.0076639)
7771967115,1024,21.0027235,105.8222649,2,,,,POINT (105.8222649 21.0027235)
7771967117,1025,21.0021482,105.8245643,2,,,,POINT (105.8245643 21.0021482)
7771967126,1026,21.0018842,105.8254746,2,,,,POINT (105.8254746 21.0018842)
7771967127,1027,21.001498,105.8267372,2,motorway_junction,,Ngã Tư Sở,POINT (105.8267372 21.001498)
7771967128,1028,21.0009664,105.8284248,2,,,,POINT (105.8284248 21.0009664)
7799710151,1029,21.0026326,105.8226895,3,,,,POINT (105.8226895 21.0026326)
7821883008,1030,21.0107501,105.8371194,3,,,,POINT (105.8371194 21.0107501)
7824877550,1031,21.0051933,105.8251426,1,,,,POINT (105.8251426 21.0051933)
7835264875,1032,21.0125632,105.8326283,3,,,,POINT (105.8326283 21.0125632)
7835376712,1033,21.011927,105.8319815,2,,,,POINT (105.8319815 21.011927)
7838805539,1034,21.0075176,105.8314267,3,,,,POINT (105.8314267 21.0075176)
7839089147,1035,21.0088542,105.8339223,3,,,,POINT (105.8339223 21.0088542)
7839089148,1036,21.0086203,105.8330044,3,,,,POINT (105.8330044 21.0086203)
7842401246,1037,21.0071931,105.8309205,2,turning_circle,,,POINT (105.8309205 21.0071931)
7842401247,1038,21.0073167,105.8306102,1,,,,POINT (105.8306102 21.0073167)
7846067884,1039,21.0062837,105.8355818,2,,,,POINT (105.8355818 21.0062837)
7846106186,1040,21.005892,105.8357485,2,,,,POINT (105.8357485 21.005892)
7856578163,1041,21.0031311,105.8362478,2,,,,POINT (105.8362478 21.0031311)
7887543801,1042,21.004933,105.822489,2,,,,POINT (105.822489 21.004933)
7887543802,1043,21.0052072,105.8226287,2,,,,POINT (105.8226287 21.0052072)
7887543803,1044,21.0055854,105.8227806,4,traffic_signals,,,POINT (105.8227806 21.0055854)
7887543804,1045,21.0047329,105.8223823,2,,,,POINT (105.8223823 21.0047329)
7887543805,1046,21.0044514,105.8221704,2,,,,POINT (105.8221704 21.0044514)
7887543806,1047,21.0041387,105.8218888,2,,,,POINT (105.8218888 21.0041387)
7887543807,1048,21.0039688,105.8216879,2,,,,POINT (105.8216879 21.0039688)
7887543808,1049,21.0036856,105.8213302,2,,,,POINT (105.8213302 21.0036856)
7887543809,1050,21.0034783,105.8210209,2,,,,POINT (105.8210209 21.0034783)
7887543811,1051,21.0033097,105.820997,2,,,,POINT (105.820997 21.0033097)
7887543812,1052,21.0054445,105.8227391,3,,,,POINT (105.8227391 21.0054445)
7887543816,1053,21.0066136,105.8232285,4,crossing,,,POINT (105.8232285 21.0066136)
7887543817,1054,21.0057865,105.8228849,3,,,,POINT (105.8228849 21.0057865)
7887554267,1055,21.0071845,105.823471,3,,,,POINT (105.823471 21.0071845)
7887554269,1056,21.0078241,105.8237998,4,crossing,,,POINT (105.8237998 21.0078241)
7887554271,1057,21.0085919,105.8242284,2,,,,POINT (105.8242284 21.0085919)
7887554272,1058,21.0086796,105.8242821,2,,,,POINT (105.8242821 21.0086796)
7887554273,1059,21.0087745,105.8245459,3,,,,POINT (105.8245459 21.0087745)
7887554274,1060,21.0089028,105.8250466,2,,,,POINT (105.8250466 21.0089028)
7887554275,1061,21.0088976,105.8251379,2,,,,POINT (105.8251379 21.0088976)
7887554276,1062,21.0075885,105.8280384,2,,,,POINT (105.8280384 21.0075885)
7887554278,1063,21.0064199,105.8305314,2,,,,POINT (105.8305314 21.0064199)
7887554279,1064,21.0063233,105.8306964,2,,,,POINT (105.8306964 21.0063233)
7887554280,1065,21.0061694,105.8308931,3,,,,POINT (105.8308931 21.0061694)
7887554283,1066,21.0086323,105.8257129,4,crossing,,,POINT (105.8257129 21.0086323)
7887554284,1067,21.0084259,105.8261682,2,crossing,,,POINT (105.8261682 21.0084259)
7887569111,1068,21.0059728,105.8229763,2,crossing,,,POINT (105.8229763 21.0059728)
7887622385,1069,21.0079576,105.827198,4,,,,POINT (105.827198 21.0079576)
7887622386,1070,21.0072843,105.8286808,4,crossing,,,POINT (105.8286808 21.0072843)
7887622387,1071,21.0070093,105.8292805,4,crossing,,,POINT (105.8292805 21.0070093)
7887622388,1072,21.0068059,105.8296839,4,crossing,,,POINT (105.8296839 21.0068059)
7887624767,1073,21.0015153,105.8292804,4,crossing,,,POINT (105.8292804 21.0015153)
7887624768,1074,21.0018931,105.8294471,4,crossing,,,POINT (105.8294471 21.0018931)
7887624769,1075,21.0023482,105.8296355,4,crossing,,,POINT (105.8296355 21.0023482)
7887624771,1076,21.005395,105.8307012,4,crossing,,,POINT (105.8307012 21.005395)
7887624772,1077,21.0058056,105.8308524,4,crossing,,,POINT (105.8308524 21.0058056)
7887659827,1078,21.0030906,105.8210616,2,,,,POINT (105.8210616 21.0030906)
7887659828,1079,21.0029398,105.821573,2,,,,POINT (105.821573 21.0029398)
7887659830,1080,21.0028035,105.8221002,4,,,,POINT (105.8221002 21.0028035)
7920618636,1081,20.9986392,105.8385174,2,,,,POINT (105.8385174 20.9986392)
7920618637,1082,20.9990314,105.8368879,2,,,,POINT (105.8368879 20.9990314)
7920618640,1083,21.0016881,105.8262785,3,,,,POINT (105.8262785 21.0016881)
7920618641,1084,21.001663,105.8259898,2,,,,POINT (105.8259898 21.001663)
7920618642,1085,21.0026582,105.8220476,3,,,,POINT (105.8220476 21.0026582)
7920618643,1086,21.0029335,105.8216014,4,crossing,,,POINT (105.8216014 21.0029335)
7920618645,1087,21.0044114,105.8221344,4,crossing,,,POINT (105.8221344 21.0044114)
7920618646,1088,21.0048853,105.8224636,4,crossing,,,POINT (105.8224636 21.0048853)
7920618647,1089,21.000714,105.8293059,3,,,,POINT (105.8293059 21.000714)
7920618648,1090,21.00106,105.8291663,4,,,,POINT (105.8291663 21.00106)
7920618649,1091,21.0008786,105.8290841,4,traffic_signals,,,POINT (105.8290841 21.0008786)
7920618650,1092,21.0006792,105.8294015,4,traffic_signals,,,POINT (105.8294015 21.0006792)
7928432441,1093,21.0141169,105.834118,4,crossing,,,POINT (105.834118 21.0141169)
7933892115,1094,21.007596,105.8244664,3,,,,POINT (105.8244664 21.007596)
7933892116,1095,21.0076038,105.8244396,2,,,,POINT (105.8244396 21.0076038)
7933892117,1096,21.0076016,105.8244159,2,,,,POINT (105.8244159 21.0076016)
7933892118,1097,21.0075922,105.8243943,2,,,,POINT (105.8243943 21.0075922)
7933892119,1098,21.0074737,105.8244382,2,,,,POINT (105.8244382 21.0074737)
7933892120,1099,21.007478,105.8244597,2,,,,POINT (105.8244597 21.007478)
7933892121,1100,21.0074885,105.8244787,2,,,,POINT (105.8244787 21.0074885)
7933892122,1101,21.0075765,105.8243774,2,,,,POINT (105.8243774 21.0075765)
7939114765,1102,21.0125772,105.8324339,4,crossing,,,POINT (105.8324339 21.0125772)
7985603132,1103,21.0004365,105.83019,2,,,,POINT (105.83019 21.0004365)
7985603133,1104,21.0005773,105.829724,2,,,,POINT (105.829724 21.0005773)
7985603147,1105,21.0014607,105.8271192,3,,,,POINT (105.8271192 21.0014607)
7985603149,1106,21.0014759,105.827062,2,,,,POINT (105.827062 21.0014759)
7985603151,1107,21.0014484,105.8271696,4,crossing,,,POINT (105.8271696 21.0014484)
7985603173,1108,20.9980163,105.8409176,4,crossing,,,POINT (105.8409176 20.9980163)
7985603183,1109,20.9983983,105.8409049,4,crossing,,,POINT (105.8409049 20.9983983)
8000825499,1110,21.0096876,105.8336047,3,,,,POINT (105.8336047 21.0096876)
8000825500,1111,21.009885,105.8334184,3,,,,POINT (105.8334184 21.009885)
8000825510,1112,21.0094711,105.83333,4,,,,POINT (105.83333 21.0094711)
8000825512,1113,21.0092542,105.833065,2,,,,POINT (105.833065 21.0092542)
8018034356,1114,21.0057736,105.8410033,3,,,,POINT (105.8410033 21.0057736)
8018034357,1115,21.0057736,105.8407874,2,,,,POINT (105.8407874 21.0057736)
8018034358,1116,21.0057009,105.8406989,2,,,,POINT (105.8406989 21.0057009)
8018034359,1117,21.0057175,105.8401999,2,,,,POINT (105.8401999 21.0057175)
8018034360,1118,21.0056778,105.8398425,2,,,,POINT (105.8398425 21.0056778)
8018034361,1119,21.0057075,105.8397752,2,,,,POINT (105.8397752 21.0057075)
8040029471,1120,21.0073632,105.8409587,4,,,,POINT (105.8409587 21.0073632)
8040029472,1121,21.0073311,105.8410354,2,,,,POINT (105.8410354 21.0073311)
8043743642,1122,21.0070522,105.8308476,3,,,,POINT (105.8308476 21.0070522)
8043743643,1123,21.0069626,105.8310859,1,,,,POINT (105.8310859 21.0069626)
8043743667,1124,21.0067908,105.8263667,1,,,,POINT (105.8263667 21.0067908)
8059095252,1125,21.0108592,105.8332414,2,,,,POINT (105.8332414 21.0108592)
8059095253,1126,21.0081253,105.8340433,2,,,,POINT (105.8340433 21.0081253)
8070851986,1127,21.0015534,105.8306718,3,,,,POINT (105.8306718 21.0015534)
8093872386,1128,21.000506,105.8299421,2,,,,POINT (105.8299421 21.000506)
8093872387,1129,21.0003873,105.830119,2,,,,POINT (105.830119 21.0003873)
8130257730,1130,21.0101346,105.8375902,2,,,,POINT (105.8375902 21.0101346)
8130257732,1131,21.0093895,105.8381681,2,,,,POINT (105.8381681 21.0093895)
8130257733,1132,21.00889,105.8385893,4,crossing,,,POINT (105.8385893 21.00889)
8130257734,1133,21.0083277,105.8392474,2,,,,POINT (105.8392474 21.0083277)
8130257735,1134,21.0079252,105.8398974,3,,,,POINT (105.8398974 21.0079252)
8130257736,1135,21.0077193,105.840333,4,crossing,,,POINT (105.840333 21.0077193)
8130257737,1136,21.0076559,105.8405787,2,,,,POINT (105.8405787 21.0076559)
8130257738,1137,21.0074581,105.8408471,2,crossing,,,POINT (105.8408471 21.0074581)
8130257775,1138,21.0135921,105.834514,2,,,,POINT (105.834514 21.0135921)
8130257776,1139,21.0129167,105.8351431,4,crossing,,,POINT (105.8351431 21.0129167)
8130257777,1140,21.0125728,105.8354529,4,crossing,,,POINT (105.8354529 21.0125728)
8130257778,1141,21.0118817,105.836113,2,,,,POINT (105.836113 21.0118817)
8130257779,1142,21.0112487,105.8366992,2,,,,POINT (105.8366992 21.0112487)
8130257780,1143,21.0112191,105.8367171,2,,,,POINT (105.8367171 21.0112191)
8130257781,1144,21.0109724,105.8367382,2,,,,POINT (105.8367382 21.0109724)
8130257782,1145,21.0108243,105.8366326,4,,,,POINT (105.8366326 21.0108243)
8130257783,1146,21.0110704,105.836741,3,,,,POINT (105.836741 21.0110704)
8130257784,1147,21.0107985,105.8369891,3,,,,POINT (105.8369891 21.0107985)
8130257785,1148,21.010793,105.8370461,2,,,,POINT (105.8370461 21.010793)
8132877677,1149,21.0104249,105.8264426,2,,,,POINT (105.8264426 21.0104249)
8132877678,1150,21.0106749,105.8258993,2,,,,POINT (105.8258993 21.0106749)
8167688752,1151,21.0048188,105.8337789,2,,,,POINT (105.8337789 21.0048188)
8167688753,1152,21.0048697,105.8337437,2,,,,POINT (105.8337437 21.0048697)
8167688754,1153,21.004936,105.8337309,2,,,,POINT (105.8337309 21.004936)
8167688755,1154,21.0049981,105.833722,2,,,,POINT (105.833722 21.0049981)
8167688756,1155,21.0051483,105.833667,4,,,,POINT (105.833667 21.0051483)
8167688757,1156,21.0051254,105.8336224,2,,,,POINT (105.8336224 21.0051254)
8167688758,1157,21.0051254,105.8335959,2,,,,POINT (105.8335959 21.0051254)
8167688759,1158,21.0052423,105.8334897,3,,,,POINT (105.8334897 21.0052423)
8167688760,1159,21.005383,105.8335745,2,,,,POINT (105.8335745 21.005383)
8167688761,1160,21.0054176,105.8335867,2,,,,POINT (105.8335867 21.0054176)
8167688762,1161,21.005551,105.8335636,3,,,,POINT (105.8335636 21.005551)
8167688764,1162,21.0058717,105.8335843,3,,,,POINT (105.8335843 21.0058717)
8167688765,1163,21.0046444,105.8338675,3,,,,POINT (105.8338675 21.0046444)
8173724027,1164,21.0043775,105.8218816,2,,,,POINT (105.8218816 21.0043775)
8173724028,1165,21.0041627,105.8216541,2,,,,POINT (105.8216541 21.0041627)
8173724029,1166,21.0046123,105.8220934,2,,,,POINT (105.8220934 21.0046123)
8173724030,1167,21.0047423,105.8221953,2,,,,POINT (105.8221953 21.0047423)
8173724031,1168,21.0045235,105.8221384,2,,,,POINT (105.8221384 21.0045235)
8209597661,1169,21.0079687,105.8399115,2,,,,POINT (105.8399115 21.0079687)
8209597664,1170,21.0095064,105.8382126,2,,,,POINT (105.8382126 21.0095064)
8209597665,1171,21.0080317,105.8399461,2,,,,POINT (105.8399461 21.0080317)
8209597666,1172,21.0078813,105.8402613,2,,,,POINT (105.8402613 21.0078813)
8209597677,1173,21.0107798,105.8370687,2,,,,POINT (105.8370687 21.0107798)
8209597678,1174,21.0093594,105.8385009,2,,,,POINT (105.8385009 21.0093594)
8259963774,1175,21.0103347,105.8310496,2,,,,POINT (105.8310496 21.0103347)
8259963782,1176,21.008019,105.8342572,2,,,,POINT (105.8342572 21.008019)
8259963783,1177,21.0097396,105.8360811,2,,,,POINT (105.8360811 21.0097396)
8259963784,1178,21.0105115,105.8366341,2,,,,POINT (105.8366341 21.0105115)
8259963786,1179,21.0087266,105.8348219,2,,,,POINT (105.8348219 21.0087266)
8259963787,1180,21.0065415,105.8355103,2,,,,POINT (105.8355103 21.0065415)
8259963791,1181,21.0071827,105.8332845,2,,,,POINT (105.8332845 21.0071827)
8259963792,1182,21.0042512,105.8295509,3,,,,POINT (105.8295509 21.0042512)
8259963793,1183,21.00408,105.8303178,2,,,,POINT (105.8303178 21.00408)
8266982704,1184,21.0040027,105.8358697,2,,,,POINT (105.8358697 21.0040027)
8266983518,1185,21.0031015,105.8343831,2,,,,POINT (105.8343831 21.0031015)
8266983539,1186,21.0048037,105.8338972,2,,,,POINT (105.8338972 21.0048037)
8266983590,1187,21.003685,105.8343092,2,,,,POINT (105.8343092 21.003685)
8266983620,1188,21.0049735,105.8355961,3,,,,POINT (105.8355961 21.0049735)
8267244602,1189,21.0088262,105.8298336,3,,,,POINT (105.8298336 21.0088262)
8267244603,1190,21.0089779,105.8298015,2,,,,POINT (105.8298015 21.0089779)
8267244604,1191,21.0104072,105.8305782,2,,,,POINT (105.8305782 21.0104072)
8274491021,1192,21.0023528,105.8236097,2,,,,POINT (105.8236097 21.0023528)
8274491023,1193,21.0109025,105.8367085,2,,,,POINT (105.8367085 21.0109025)
8274491024,1194,21.0100308,105.8357203,2,,,,POINT (105.8357203 21.0100308)
8274491025,1195,21.0092341,105.8347393,4,crossing,,,POINT (105.8347393 21.0092341)
8274491026,1196,21.0097199,105.8353376,4,crossing,,,POINT (105.8353376 21.0097199)
8274491027,1197,21.0101806,105.8358932,4,crossing,,,POINT (105.8358932 21.0101806)
8274491028,1198,21.0079881,105.8335635,2,,,,POINT (105.8335635 21.0079881)
8274491029,1199,21.0075533,105.8330412,4,crossing,,,POINT (105.8330412 21.0075533)
8274491030,1200,21.0083252,105.8339367,2,,,,POINT (105.8339367 21.0083252)
8274491031,1201,21.0089167,105.8346629,4,crossing,,,POINT (105.8346629 21.0089167)
8274491032,1202,21.0094258,105.835283,4,crossing,,,POINT (105.835283 21.0094258)
8274491033,1203,21.0099399,105.8359098,4,crossing,,,POINT (105.8359098 21.0099399)
8274491034,1204,21.0064321,105.8311928,2,,,,POINT (105.8311928 21.0064321)
8274491035,1205,21.0064218,105.8311534,2,,,,POINT (105.8311534 21.0064218)
8274491036,1206,21.006421,105.8311058,2,,,,POINT (105.8311058 21.006421)
8274491037,1207,21.0064745,105.8309783,2,,,,POINT (105.8309783 21.0064745)
8274491039,1208,21.0075074,105.8286481,4,crossing,,,POINT (105.8286481 21.0075074)
8274491040,1209,21.007384,105.8289185,4,crossing,,,POINT (105.8289185 21.007384)
8274491043,1210,21.0066338,105.8306314,4,crossing,,,POINT (105.8306314 21.0066338)
8274491044,1211,21.0080465,105.8333019,4,crossing,,,POINT (105.8333019 21.0080465)
8274491045,1212,21.0070868,105.8320342,4,crossing,,,POINT (105.8320342 21.0070868)
8274491047,1213,21.0062929,105.8314973,2,,,,POINT (105.8314973 21.0062929)
8274491048,1214,21.0062118,105.831435,2,,,,POINT (105.831435 21.0062118)
8274491049,1215,21.0061707,105.831434,3,,,,POINT (105.831434 21.0061707)
8274491050,1216,21.0061266,105.8314554,2,,,,POINT (105.8314554 21.0061266)
8274491051,1217,21.0060915,105.8315401,2,,,,POINT (105.8315401 21.0060915)
8274491056,1218,21.0059157,105.8322155,2,,,,POINT (105.8322155 21.0059157)
8274491057,1219,21.0059137,105.8322928,2,,,,POINT (105.8322928 21.0059137)
8274491058,1220,21.0068446,105.8321751,4,crossing,,,POINT (105.8321751 21.0068446)
8274491060,1221,21.0068479,105.8321791,2,,,,POINT (105.8321791 21.0068479)
8274491061,1222,21.0059637,105.8325246,4,crossing,,,POINT (105.8325246 21.0059637)
8274491063,1223,21.007009,105.8323795,4,crossing,,,POINT (105.8323795 21.007009)
8274491064,1224,21.0062629,105.8314618,3,,,,POINT (105.8314618 21.0062629)
8274491065,1225,21.006479,105.8312638,3,,,,POINT (105.8312638 21.006479)
8274491069,1226,21.0064365,105.831061,3,,,,POINT (105.831061 21.0064365)
8274491070,1227,21.0064739,105.8354803,2,,,,POINT (105.8354803 21.0064739)
8274491071,1228,21.006208,105.8351875,2,,,,POINT (105.8351875 21.006208)
8274491073,1229,21.0061654,105.8349175,1,,,,POINT (105.8349175 21.0061654)
8274491074,1230,21.0060898,105.8345578,2,,,,POINT (105.8345578 21.0060898)
8274491075,1231,21.0060476,105.8343803,2,,,,POINT (105.8343803 21.0060476)
8274491076,1232,21.0059886,105.8341495,2,,,,POINT (105.8341495 21.0059886)
8274491077,1233,21.0059267,105.8339,2,,,,POINT (105.8339 21.0059267)
8274491078,1234,21.0059224,105.8335058,2,,,,POINT (105.8335058 21.0059224)
8274491079,1235,21.0059688,105.8330166,2,,,,POINT (105.8330166 21.0059688)
8274491080,1236,21.00597,105.8329359,2,,,,POINT (105.8329359 21.00597)
8274491081,1237,21.0059888,105.8328288,2,,,,POINT (105.8328288 21.0059888)
8274491082,1238,21.0059743,105.8328853,4,crossing,,,POINT (105.8328853 21.0059743)
8274491083,1239,21.0061215,105.8347237,3,crossing,,,POINT (105.8347237 21.0061215)
8274491085,1240,21.0065043,105.8354691,2,,,,POINT (105.8354691 21.0065043)
8274491086,1241,21.0065453,105.8354457,2,,,,POINT (105.8354457 21.0065453)
8274491087,1242,21.0082166,105.8338854,2,,,,POINT (105.8338854 21.0082166)
8274491088,1243,21.00787,105.8342001,4,crossing,,,POINT (105.8342001 21.00787)
8274491089,1244,21.0076633,105.8344013,4,crossing,,,POINT (105.8344013 21.0076633)
8274491090,1245,21.0074754,105.8345862,4,crossing,,,POINT (105.8345862 21.0074754)
8274491091,1246,21.0072003,105.8348351,4,crossing,,,POINT (105.8348351 21.0072003)
8274491092,1247,21.0069909,105.8350403,4,crossing,,,POINT (105.8350403 21.0069909)
8274491093,1248,21.0067762,105.8352355,4,crossing,,,POINT (105.8352355 21.0067762)
8274491094,1249,21.0065275,105.8354602,2,,,,POINT (105.8354602 21.0065275)
8274491095,1250,21.008202,105.8338091,2,,,,POINT (105.8338091 21.008202)
8274491096,1251,21.0082236,105.8338403,2,,,,POINT (105.8338403 21.0082236)
8274491097,1252,21.0082276,105.833865,2,,,,POINT (105.833865 21.0082276)
8274491099,1253,21.0083077,105.8339337,2,,,,POINT (105.8339337 21.0083077)
8274491100,1254,21.0082877,105.8339433,2,,,,POINT (105.8339433 21.0082877)
8274491101,1255,21.0077078,105.8344927,2,,,,POINT (105.8344927 21.0077078)
8274491102,1256,21.0081874,105.8340383,2,,,,POINT (105.8340383 21.0081874)
8274491103,1257,21.0079918,105.8342236,4,crossing,,,POINT (105.8342236 21.0079918)
8274491104,1258,21.0077357,105.8344664,4,crossing,,,POINT (105.8344664 21.0077357)
8274491105,1259,21.0074707,105.8347184,4,crossing,,,POINT (105.8347184 21.0074707)
8277275622,1260,21.0111312,105.8341976,1,,,,POINT (105.8341976 21.0111312)
8277275623,1261,21.0108784,105.8337611,2,,,,POINT (105.8337611 21.0108784)
8277275624,1262,21.010582,105.8333731,3,,,,POINT (105.8333731 21.010582)
8277275625,1263,21.0108764,105.8348138,1,,,,POINT (105.8348138 21.0108764)
8277275631,1264,21.0108175,105.830453,1,,,,POINT (105.830453 21.0108175)
8277275633,1265,21.0099206,105.8302926,4,crossing,,,POINT (105.8302926 21.0099206)
8277275634,1266,21.0100678,105.830023,2,,,,POINT (105.830023 21.0100678)
8277275635,1267,21.0104878,105.8302806,3,,,,POINT (105.8302806 21.0104878)
8277275636,1268,21.0105998,105.8300617,3,,,,POINT (105.8300617 21.0105998)
8277275637,1269,21.0114321,105.8302303,3,,,,POINT (105.8302303 21.0114321)
8277275638,1270,21.0113308,105.8304098,2,,,,POINT (105.8304098 21.0113308)
8277275639,1271,21.010799,105.8301818,3,,,,POINT (105.8301818 21.010799)
8277275641,1272,21.0104763,105.8295066,3,,,,POINT (105.8295066 21.0104763)
8277275642,1273,21.0107701,105.8288622,2,,,,POINT (105.8288622 21.0107701)
8277275643,1274,21.0109722,105.8293632,2,,,,POINT (105.8293632 21.0109722)
8277275644,1275,21.0111987,105.8293725,3,,,,POINT (105.8293725 21.0111987)
8277275645,1276,21.0104221,105.8296438,3,,,,POINT (105.8296438 21.0104221)
8277275646,1277,21.0109182,105.8299231,4,,,,POINT (105.8299231 21.0109182)
8277275647,1278,21.0098291,105.8306222,1,,,,POINT (105.8306222 21.0098291)
8277275648,1279,21.0104447,105.830863,2,,,,POINT (105.830863 21.0104447)
8277275649,1280,21.0105574,105.8309251,3,,,,POINT (105.8309251 21.0105574)
8277275652,1281,21.0121713,105.8353095,3,,,,POINT (105.8353095 21.0121713)
8277275654,1282,21.012134,105.8349895,2,,,,POINT (105.8349895 21.012134)
8277275655,1283,21.0108972,105.8359122,3,,,,POINT (105.8359122 21.0108972)
8277275656,1284,21.0109416,105.8358857,2,,,,POINT (105.8358857 21.0109416)
8277275657,1285,21.011066,105.8357732,2,,,,POINT (105.8357732 21.011066)
8277275658,1286,21.0110502,105.8356547,2,,,,POINT (105.8356547 21.0110502)
8277275659,1287,21.0103356,105.8357396,3,,,,POINT (105.8357396 21.0103356)
8277275660,1288,21.010459,105.8359006,2,,,,POINT (105.8359006 21.010459)
8277275661,1289,21.0107386,105.835679,3,,,,POINT (105.835679 21.0107386)
8277275663,1290,21.0105742,105.8351569,1,,,,POINT (105.8351569 21.0105742)
8277275664,1291,21.0114342,105.83665,3,,,,POINT (105.83665 21.0114342)
8277275665,1292,21.0112401,105.8363879,2,,,,POINT (105.8363879 21.0112401)
8277275667,1293,21.0120333,105.8355828,2,,,,POINT (105.8355828 21.0120333)
8277275668,1294,21.0121548,105.8353813,2,,,,POINT (105.8353813 21.0121548)
8277275669,1295,21.0130381,105.8335621,1,,,,POINT (105.8335621 21.0130381)
8277275670,1296,21.0128544,105.8333073,2,,,,POINT (105.8333073 21.0128544)
8277275671,1297,21.0127616,105.8332599,2,,,,POINT (105.8332599 21.0127616)
8277275672,1298,21.0126516,105.83313,3,,,,POINT (105.83313 21.0126516)
8277275673,1299,21.013035,105.8342637,3,,,,POINT (105.8342637 21.013035)
8277275674,1300,21.0125641,105.833649,2,,,,POINT (105.833649 21.0125641)
8277275675,1301,21.0123644,105.8334021,3,,,,POINT (105.8334021 21.0123644)
8277275676,1302,21.0123725,105.8337794,1,,,,POINT (105.8337794 21.0123725)
8277275677,1303,21.012216,105.8339608,2,,,,POINT (105.8339608 21.012216)
8277275678,1304,21.0122236,105.8344157,1,,,,POINT (105.8344157 21.0122236)
8277275679,1305,21.0120346,105.8341156,3,,,,POINT (105.8341156 21.0120346)
8277275680,1306,21.0117242,105.834311,2,,,,POINT (105.834311 21.0117242)
8277275681,1307,21.0120818,105.8347408,3,,,,POINT (105.8347408 21.0120818)
8277275682,1308,21.0122589,105.8346444,1,,,,POINT (105.8346444 21.0122589)
8277275683,1309,21.0118614,105.8348748,3,,,,POINT (105.8348748 21.0118614)
8277275685,1310,21.0119888,105.8350476,2,,,,POINT (105.8350476 21.0119888)
8277275686,1311,21.0115685,105.8349346,3,,,,POINT (105.8349346 21.0115685)
8277275687,1312,21.0119343,105.8354282,2,,,,POINT (105.8354282 21.0119343)
8277275688,1313,21.011245,105.8360012,2,,,,POINT (105.8360012 21.011245)
8277275689,1314,21.0117573,105.8355757,3,,,,POINT (105.8355757 21.0117573)
8277275690,1315,21.0106924,105.8356202,3,,,,POINT (105.8356202 21.0106924)
8277275691,1316,21.0109166,105.8354026,4,,,,POINT (105.8354026 21.0109166)
8277275692,1317,21.0109495,105.8353801,2,,,,POINT (105.8353801 21.0109495)
8277275693,1318,21.0111509,105.8352201,2,,,,POINT (105.8352201 21.0111509)
8277275694,1319,21.0113998,105.8350681,3,,,,POINT (105.8350681 21.0113998)
8277275695,1320,21.0117593,105.8347837,2,,,,POINT (105.8347837 21.0117593)
8277275696,1321,21.0110601,105.8356132,2,,,,POINT (105.8356132 21.0110601)
8277275697,1322,21.0106374,105.834993,2,,,,POINT (105.834993 21.0106374)
8277275699,1323,21.0105836,105.8346839,2,,,,POINT (105.8346839 21.0105836)
8277275700,1324,21.0062802,105.8365835,1,,,,POINT (105.8365835 21.0062802)
8277275702,1325,21.0062644,105.8368897,3,,,,POINT (105.8368897 21.0062644)
8277275703,1326,21.0065987,105.8365879,3,,,,POINT (105.8365879 21.0065987)
8277275705,1327,21.006856,105.836825,3,,,,POINT (105.836825 21.006856)
8277275708,1328,21.0056852,105.8389367,3,,,,POINT (105.8389367 21.0056852)
8277275709,1329,21.0056668,105.8387076,2,,,,POINT (105.8387076 21.0056668)
8277275710,1330,21.0057065,105.8384254,2,,,,POINT (105.8384254 21.0057065)
8277275711,1331,21.0058452,105.837554,3,,,,POINT (105.837554 21.0058452)
8277275712,1332,21.0049327,105.8383134,3,,,,POINT (105.8383134 21.0049327)
8277275713,1333,21.00484,105.8379056,1,,,,POINT (105.8379056 21.00484)
8277275715,1334,21.0051529,105.8363776,3,,,,POINT (105.8363776 21.0051529)
8277275717,1335,21.0039759,105.8361086,1,,,,POINT (105.8361086 21.0039759)
8277275718,1336,21.0037833,105.8364052,3,,,,POINT (105.8364052 21.0037833)
8277275719,1337,21.0037397,105.8362109,1,,,,POINT (105.8362109 21.0037397)
8277275721,1338,21.0035271,105.8364895,3,,,,POINT (105.8364895 21.0035271)
8277275722,1339,21.0030158,105.8369434,1,,,,POINT (105.8369434 21.0030158)
8277275723,1340,21.0029536,105.8366588,2,,,,POINT (105.8366588 21.0029536)
8277275724,1341,21.0028657,105.8366797,3,,,,POINT (105.8366797 21.0028657)
8277275725,1342,21.0030304,105.8364875,1,,,,POINT (105.8364875 21.0030304)
8277275726,1343,21.0029541,105.8363215,2,,,,POINT (105.8363215 21.0029541)
8277275727,1344,21.0028493,105.8363492,3,,,,POINT (105.8363492 21.0028493)
8277275728,1345,21.0033562,105.8374099,3,,,,POINT (105.8374099 21.0033562)
8277275729,1346,21.0033457,105.8373838,2,,,,POINT (105.8373838 21.0033457)
8277275730,1347,21.0033096,105.8372158,2,,,,POINT (105.8372158 21.0033096)
8277275731,1348,21.0033457,105.8371863,2,,,,POINT (105.8371863 21.0033457)
8277275732,1349,21.0033022,105.8369671,1,,,,POINT (105.8369671 21.0033022)
8277275733,1350,21.0035017,105.8375714,1,,,,POINT (105.8375714 21.0035017)
8277275734,1351,21.0036998,105.8383024,3,,,,POINT (105.8383024 21.0036998)
8277275737,1352,21.0030549,105.8374644,2,,,,POINT (105.8374644 21.0030549)
8277275739,1353,21.0030163,105.8373429,3,,,,POINT (105.8373429 21.0030163)
8277275742,1354,21.0027978,105.8360594,3,,,,POINT (105.8360594 21.0027978)
8277275743,1355,21.0006681,105.8380651,1,,,,POINT (105.8380651 21.0006681)
8277275744,1356,21.0006665,105.8375783,3,,,,POINT (105.8375783 21.0006665)
8277275745,1357,21.0023746,105.8345883,4,,,,POINT (105.8345883 21.0023746)
8277275746,1358,21.0022553,105.8340153,3,,,,POINT (105.8340153 21.0022553)
8277275747,1359,21.0024618,105.8339643,3,,,,POINT (105.8339643 21.0024618)
8277275749,1360,21.0018545,105.8348455,1,,,,POINT (105.8348455 21.0018545)
8277275753,1361,21.0042957,105.8252414,1,,,,POINT (105.8252414 21.0042957)
8277275754,1362,21.0041574,105.825346,1,,,,POINT (105.825346 21.0041574)
8277275755,1363,21.0044725,105.8255108,3,,,,POINT (105.8255108 21.0044725)
8277275756,1364,21.0040271,105.8222224,1,,,,POINT (105.8222224 21.0040271)
8277275757,1365,21.0039283,105.8221357,2,,,,POINT (105.8221357 21.0039283)
8277275758,1366,21.0038309,105.822027,2,,,,POINT (105.822027 21.0038309)
8277275759,1367,21.003497,105.8218004,2,,,,POINT (105.8218004 21.003497)
8277275760,1368,21.003381,105.8216752,2,,,,POINT (105.8216752 21.003381)
8277275761,1369,21.00327,105.8215418,2,,,,POINT (105.8215418 21.00327)
8277275762,1370,21.0032312,105.8214578,2,,,,POINT (105.8214578 21.0032312)
8277275763,1371,21.0029422,105.8212776,3,,,,POINT (105.8212776 21.0029422)
8277275764,1372,21.0028164,105.8231538,1,,,,POINT (105.8231538 21.0028164)
8277275765,1373,21.0030922,105.8233056,2,,,,POINT (105.8233056 21.0030922)
8277275767,1374,21.0035356,105.8237546,3,,,,POINT (105.8237546 21.0035356)
8277275768,1375,21.0026643,105.8233301,2,,,,POINT (105.8233301 21.0026643)
8277275769,1376,21.0024802,105.8233018,3,,,,POINT (105.8233018 21.0024802)
8277275770,1377,21.003083,105.8294106,1,,,,POINT (105.8294106 21.003083)
8277275771,1378,21.0026801,105.8293553,2,,,,POINT (105.8293553 21.0026801)
8277275774,1379,21.0042195,105.8294865,3,,,,POINT (105.8294865 21.0042195)
8277275775,1380,21.003771,105.8291983,2,,,,POINT (105.8291983 21.003771)
8277275776,1381,21.0042587,105.8265314,3,,,,POINT (105.8265314 21.0042587)
8277275778,1382,21.0017116,105.8272545,1,,,,POINT (105.8272545 21.0017116)
8277275780,1383,21.0021626,105.8294936,1,,,,POINT (105.8294936 21.0021626)
8277275781,1384,21.0022772,105.8290986,2,,,,POINT (105.8290986 21.0022772)
8277275782,1385,21.0021373,105.8290346,2,,,,POINT (105.8290346 21.0021373)
8277275783,1386,21.0024484,105.8286736,1,,,,POINT (105.8286736 21.0024484)
8277275784,1387,21.002775,105.8287922,3,,,,POINT (105.8287922 21.002775)
8277275785,1388,21.0026251,105.8278889,1,,,,POINT (105.8278889 21.0026251)
8277275808,1389,21.0049521,105.8258333,1,,,,POINT (105.8258333 21.0049521)
8277275809,1390,21.0051478,105.8254152,3,,,,POINT (105.8254152 21.0051478)
8277275810,1391,21.0047999,105.8255021,2,,,,POINT (105.8255021 21.0047999)
8277275811,1392,21.0043628,105.8250439,1,,,,POINT (105.8250439 21.0043628)
8277275813,1393,21.0044024,105.8256831,3,,,,POINT (105.8256831 21.0044024)
8277275814,1394,21.0045392,105.8253467,3,,,,POINT (105.8253467 21.0045392)
8277275815,1395,21.003799,105.8283975,2,,,,POINT (105.8283975 21.003799)
8277275816,1396,21.0042264,105.8284081,2,,,,POINT (105.8284081 21.0042264)
8277275817,1397,21.0044988,105.828393,3,,,,POINT (105.828393 21.0044988)
8277275818,1398,21.0038493,105.828878,2,,,,POINT (105.828878 21.0038493)
8277275819,1399,21.0044063,105.8289813,3,,,,POINT (105.8289813 21.0044063)
8277275820,1400,21.0034228,105.8291787,1,,,,POINT (105.8291787 21.0034228)
8277275821,1401,21.0034834,105.828631,2,,,,POINT (105.828631 21.0034834)
8277275822,1402,21.0035295,105.828057,3,,,,POINT (105.828057 21.0035295)
8277275823,1403,21.0038,105.8234906,3,,,,POINT (105.8234906 21.0038)
8277275824,1404,21.0039242,105.8231618,4,,,,POINT (105.8231618 21.0039242)
8277275826,1405,21.0047522,105.82369,2,,,,POINT (105.82369 21.0047522)
8277275827,1406,21.0045481,105.823474,2,,,,POINT (105.823474 21.0045481)
8277275828,1407,21.0041202,105.8232557,2,,,,POINT (105.8232557 21.0041202)
8277275829,1408,21.0035825,105.8229939,2,,,,POINT (105.8229939 21.0035825)
8277275830,1409,21.0031408,105.8227421,3,,,,POINT (105.8227421 21.0031408)
8277275835,1410,21.0036906,105.8234437,3,,,,POINT (105.8234437 21.0036906)
8277275836,1411,21.0032326,105.8258981,1,,,,POINT (105.8258981 21.0032326)
8277275837,1412,21.0034007,105.8258355,2,,,,POINT (105.8258355 21.0034007)
8277275838,1413,21.0036321,105.8257364,2,,,,POINT (105.8257364 21.0036321)
8277275839,1414,21.0039239,105.8253808,3,,,,POINT (105.8253808 21.0039239)
8277275840,1415,21.0036517,105.8274962,3,,,,POINT (105.8274962 21.0036517)
8277275841,1416,21.0039591,105.8272599,2,,,,POINT (105.8272599 21.0039591)
8277275843,1417,21.0044094,105.8270343,3,,,,POINT (105.8270343 21.0044094)
8277275844,1418,21.0040359,105.8274379,2,,,,POINT (105.8274379 21.0040359)
8277275845,1419,21.004052,105.8275176,2,,,,POINT (105.8275176 21.004052)
8277275846,1420,21.0038585,105.8275666,2,,,,POINT (105.8275666 21.0038585)
8277275847,1421,21.0037126,105.8280793,2,,,,POINT (105.8280793 21.0037126)
8277275850,1422,21.0034675,105.8268648,1,,,,POINT (105.8268648 21.0034675)
8277275851,1423,21.0026569,105.8249136,1,,,,POINT (105.8249136 21.0026569)
8277275852,1424,21.002805,105.8244503,2,,,,POINT (105.8244503 21.002805)
8277275853,1425,21.002735,105.8243915,2,,,,POINT (105.8243915 21.002735)
8277275854,1426,21.0027079,105.8241885,4,,,,POINT (105.8241885 21.0027079)
8277275855,1427,21.0030125,105.8251997,3,,,,POINT (105.8251997 21.0030125)
8277275857,1428,21.0031462,105.8248227,2,,,,POINT (105.8248227 21.0031462)
8277275859,1429,21.0031699,105.8252256,1,,,,POINT (105.8252256 21.0031699)
8277275861,1430,21.0030869,105.8258672,1,,,,POINT (105.8258672 21.0030869)
8277275862,1431,21.0028118,105.8259919,2,,,,POINT (105.8259919 21.0028118)
8277275864,1432,21.0037176,105.8260656,1,,,,POINT (105.8260656 21.0037176)
8277275865,1433,21.0034359,105.8262078,2,,,,POINT (105.8262078 21.0034359)
8277275866,1434,21.0034912,105.8263684,2,,,,POINT (105.8263684 21.0034912)
8277275867,1435,21.0033247,105.8264391,3,,,,POINT (105.8264391 21.0033247)
8277275868,1436,21.003348,105.8265306,3,,,,POINT (105.8265306 21.003348)
8277275869,1437,21.00308,105.8260876,1,,,,POINT (105.8260876 21.00308)
8277275870,1438,21.0037808,105.8263711,1,,,,POINT (105.8263711 21.0037808)
8277275871,1439,21.0035333,105.8264843,2,,,,POINT (105.8264843 21.0035333)
8277275872,1440,21.0032173,105.8265633,2,,,,POINT (105.8265633 21.0032173)
8277275873,1441,21.0029961,105.8266502,2,,,,POINT (105.8266502 21.0029961)
8277275874,1442,21.0030593,105.8269241,3,,,,POINT (105.8269241 21.0030593)
8277275876,1443,21.0034712,105.8275056,3,,,,POINT (105.8275056 21.0034712)
8277275878,1444,21.0034702,105.8277066,2,,,,POINT (105.8277066 21.0034702)
8277275880,1445,21.0035952,105.8275021,3,,,,POINT (105.8275021 21.0035952)
8277275883,1446,21.0048697,105.8277654,1,,,,POINT (105.8277654 21.0048697)
8277275885,1447,21.0051238,105.8299234,2,,,,POINT (105.8299234 21.0051238)
8277275888,1448,21.0054413,105.8289856,3,,,,POINT (105.8289856 21.0054413)
8277275889,1449,21.0061253,105.8303009,1,,,,POINT (105.8303009 21.0061253)
8277275890,1450,21.0056276,105.8300671,3,,,,POINT (105.8300671 21.0056276)
8277275892,1451,21.0071091,105.8285893,2,,,,POINT (105.8285893 21.0071091)
8277275894,1452,21.0063279,105.8289143,1,,,,POINT (105.8289143 21.0063279)
8277275895,1453,21.0065359,105.8282932,3,,,,POINT (105.8282932 21.0065359)
8277275896,1454,21.0078938,105.8254885,3,,,,POINT (105.8254885 21.0078938)
8277275897,1455,21.0081246,105.8249978,1,,,,POINT (105.8249978 21.0081246)
8277275938,1456,21.0111272,105.8268832,1,,,,POINT (105.8268832 21.0111272)
8277275939,1457,21.0116105,105.8271557,3,,,,POINT (105.8271557 21.0116105)
8277275978,1458,21.0122336,105.8279349,3,,,,POINT (105.8279349 21.0122336)
8277275983,1459,21.012103,105.8278627,3,,,,POINT (105.8278627 21.012103)
8277275985,1460,21.0122667,105.8277501,1,,,,POINT (105.8277501 21.0122667)
8277355710,1461,21.0030193,105.8213082,4,crossing,,,POINT (105.8213082 21.0030193)
8307949933,1462,21.0082409,105.8340339,2,,,,POINT (105.8340339 21.0082409)
8307949946,1463,21.0081287,105.8339009,2,,,,POINT (105.8339009 21.0081287)
8307949970,1464,21.0055175,105.8300072,2,,,,POINT (105.8300072 21.0055175)
8324371571,1465,21.0034828,105.8314033,2,,,,POINT (105.8314033 21.0034828)
8324426287,1466,21.0050579,105.827506,2,,,,POINT (105.827506 21.0050579)
8324426289,1467,21.005518,105.8265641,2,,,,POINT (105.8265641 21.005518)
8324457164,1468,21.0059108,105.8247117,1,,,,POINT (105.8247117 21.0059108)
8324457166,1469,21.0068061,105.8251827,4,,,,POINT (105.8251827 21.0068061)
8324610722,1470,21.0037534,105.8295599,1,,,,POINT (105.8295599 21.0037534)
8324610723,1471,21.0036149,105.8301663,3,,,,POINT (105.8301663 21.0036149)
8329563310,1472,21.010759,105.8327554,3,,,,POINT (105.8327554 21.010759)
8329563311,1473,21.0100457,105.8320188,2,,,,POINT (105.8320188 21.0100457)
8334960309,1474,21.0092679,105.8369514,1,,,,POINT (105.8369514 21.0092679)
8334960310,1475,21.0096486,105.8374424,3,,,,POINT (105.8374424 21.0096486)
8335661602,1476,21.0079673,105.8307624,3,,,,POINT (105.8307624 21.0079673)
8335661603,1477,21.0081734,105.8308448,3,,,,POINT (105.8308448 21.0081734)
8335687695,1478,21.0116061,105.8330331,3,,,,POINT (105.8330331 21.0116061)
8335687696,1479,21.0111711,105.8325356,1,,,,POINT (105.8325356 21.0111711)
8335715894,1480,21.0080628,105.8292428,2,,,,POINT (105.8292428 21.0080628)
8335715897,1481,21.008186,105.8293048,2,,,,POINT (105.8293048 21.008186)
8335715898,1482,21.0082166,105.8293527,2,,,,POINT (105.8293527 21.0082166)
8335715899,1483,21.0084166,105.8294336,2,,,,POINT (105.8294336 21.0084166)
8335715900,1484,21.008493,105.8294755,2,,,,POINT (105.8294755 21.008493)
8335715901,1485,21.0086698,105.8295806,2,,,,POINT (105.8295806 21.0086698)
8335715902,1486,21.0087275,105.8296194,2,,,,POINT (105.8296194 21.0087275)
8335715903,1487,21.0087225,105.8297512,2,,,,POINT (105.8297512 21.0087225)
8335726976,1488,21.0097202,105.8282388,1,,,,POINT (105.8282388 21.0097202)
8335726977,1489,21.0083805,105.8281156,2,,,,POINT (105.8281156 21.0083805)
8335726978,1490,21.00827,105.8282123,2,,,,POINT (105.8282123 21.00827)
8335728297,1491,21.0090101,105.826275,2,,,,POINT (105.826275 21.0090101)
8335728298,1492,21.0092718,105.8257493,2,,,,POINT (105.8257493 21.0092718)
8335728299,1493,21.0094471,105.8254141,2,,,,POINT (105.8254141 21.0094471)
8335728300,1494,21.0095798,105.8251458,2,,,,POINT (105.8251458 21.0095798)
8335728301,1495,21.0097896,105.8247576,3,,,,POINT (105.8247576 21.0097896)
8335739575,1496,21.0076769,105.8249466,2,,,,POINT (105.8249466 21.0076769)
8338964227,1497,21.0092919,105.8335022,3,,,,POINT (105.8335022 21.0092919)
8338964228,1498,21.0087739,105.8328575,3,,,,POINT (105.8328575 21.0087739)
8340752606,1499,21.0008219,105.8400956,3,,,,POINT (105.8400956 21.0008219)
8340752608,1500,20.9999313,105.8400509,2,,,,POINT (105.8400509 20.9999313)
8340752609,1501,20.9999101,105.8400562,3,,,,POINT (105.8400562 20.9999101)
8340752610,1502,20.9998969,105.8400663,2,,,,POINT (105.8400663 20.9998969)
8340784552,1503,21.0027365,105.8404545,2,,,,POINT (105.8404545 21.0027365)
8340784553,1504,21.0027551,105.8392514,3,,,,POINT (105.8392514 21.0027551)
8340784861,1505,21.002429,105.8392455,3,,,,POINT (105.8392455 21.002429)
8340790704,1506,21.0051612,105.8390832,3,,,,POINT (105.8390832 21.0051612)
8340799309,1507,21.0011988,105.8366843,2,,,,POINT (105.8366843 21.0011988)
8340799310,1508,21.0011918,105.8374333,2,,,,POINT (105.8374333 21.0011918)
8340838063,1509,20.9982399,105.841195,2,,,,POINT (105.841195 20.9982399)
8340838066,1510,21.005163,105.8412837,3,,,,POINT (105.8412837 21.005163)
8340855872,1511,21.0008235,105.836685,2,,,,POINT (105.836685 21.0008235)
8340855874,1512,21.0008253,105.8374443,3,,,,POINT (105.8374443 21.0008253)
8340925573,1513,20.9999574,105.8382087,2,,,,POINT (105.8382087 20.9999574)
8340925574,1514,20.9995724,105.8382244,3,,,,POINT (105.8382244 20.9995724)
8368116823,1515,21.000468,105.8300772,3,,,,POINT (105.8300772 21.000468)
8368116824,1516,21.0007427,105.8301961,2,,,,POINT (105.8301961 21.0007427)
8368116825,1517,21.000889,105.8302873,2,,,,POINT (105.8302873 21.000889)
8368116826,1518,21.0010686,105.830406,2,,,,POINT (105.830406 21.0010686)
8368116827,1519,21.0012715,105.8305356,2,,,,POINT (105.8305356 21.0012715)
8368116828,1520,21.0013474,105.8305844,2,,,,POINT (105.8305844 21.0013474)
8368116829,1521,21.0014263,105.8306006,2,,,,POINT (105.8306006 21.0014263)
8368116830,1522,21.0015113,105.8305779,2,,,,POINT (105.8305779 21.0015113)
8368116831,1523,21.0015918,105.8305291,2,,,,POINT (105.8305291 21.0015918)
8474866808,1524,20.9992077,105.8359138,2,,,,POINT (105.8359138 20.9992077)
8474866809,1525,20.9992355,105.835629,2,,,,POINT (105.835629 20.9992355)
8515829692,1526,21.0042254,105.8247158,2,,,,POINT (105.8247158 21.0042254)
8519629180,1527,21.0097445,105.8301403,2,,,,POINT (105.8301403 21.0097445)
8531423594,1528,21.0042764,105.8245718,2,,,,POINT (105.8245718 21.0042764)
8531423595,1529,21.0042677,105.8246295,2,,,,POINT (105.8246295 21.0042677)
8708550420,1530,21.0018778,105.8351075,2,,,,POINT (105.8351075 21.0018778)
8708550421,1531,21.0018883,105.8351679,2,,,,POINT (105.8351679 21.0018883)
8708550422,1532,21.0018488,105.8350617,2,,,,POINT (105.8350617 21.0018488)
8708550423,1533,21.0018971,105.835319,2,,,,POINT (105.835319 21.0018971)
8708632236,1534,21.0038332,105.8294018,2,,,,POINT (105.8294018 21.0038332)
8708632237,1535,21.003852,105.8292201,2,,,,POINT (105.8292201 21.003852)
8708632238,1536,21.0038576,105.8292362,2,,,,POINT (105.8292362 21.0038576)
8708632239,1537,21.0038285,105.8293898,2,,,,POINT (105.8293898 21.0038285)
8708632240,1538,21.003837,105.8292121,2,,,,POINT (105.8292121 21.003837)
8708632241,1539,21.0038429,105.8294099,2,,,,POINT (105.8294099 21.0038429)
8767116169,1540,21.0032091,105.8260551,2,,,,POINT (105.8260551 21.0032091)
8767116170,1541,21.0031878,105.8260518,2,,,,POINT (105.8260518 21.0031878)
8767116171,1542,21.0032223,105.8260685,2,,,,POINT (105.8260685 21.0032223)
8767156474,1543,21.0122667,105.8351972,2,,,,POINT (105.8351972 21.0122667)
8767156476,1544,21.0121619,105.8348777,2,,,,POINT (105.8348777 21.0121619)
8767156477,1545,21.0121581,105.8349038,2,,,,POINT (105.8349038 21.0121581)
8767156478,1546,21.0121218,105.8349339,2,,,,POINT (105.8349339 21.0121218)
8767156479,1547,21.0121194,105.8349572,2,,,,POINT (105.8349572 21.0121194)
8767931826,1548,21.0082205,105.8288874,2,,,,POINT (105.8288874 21.0082205)
8767931832,1549,21.0050189,105.8279695,3,,,,POINT (105.8279695 21.0050189)
8767931833,1550,21.0054742,105.8282247,1,,,,POINT (105.8282247 21.0054742)
8767931834,1551,21.0050783,105.8280027,2,,,,POINT (105.8280027 21.0050783)
8823730973,1552,21.0014782,105.8287199,1,,,,POINT (105.8287199 21.0014782)
8823730974,1553,21.0009981,105.8285077,3,,,,POINT (105.8285077 21.0009981)
8823736498,1554,21.0012403,105.828618,2,,,,POINT (105.828618 21.0012403)
8823747117,1555,21.009787,105.8301945,2,,,,POINT (105.8301945 21.009787)
8823747118,1556,21.0098141,105.8302566,2,,,,POINT (105.8302566 21.0098141)
8830853630,1557,21.000293,105.8359354,2,,,,POINT (105.8359354 21.000293)
8830853631,1558,21.0001754,105.8360716,2,,,,POINT (105.8360716 21.0001754)
8830853632,1559,21.0002014,105.8359904,2,,,,POINT (105.8359904 21.0002014)
8830853635,1560,21.0004494,105.8359311,2,,,,POINT (105.8359311 21.0004494)
8830853636,1561,21.0005166,105.8360259,2,,,,POINT (105.8360259 21.0005166)
8855590338,1562,21.0022215,105.8356065,3,,,,POINT (105.8356065 21.0022215)
8870119281,1563,21.0085184,105.8285333,2,,,,POINT (105.8285333 21.0085184)
8870119288,1564,21.0075699,105.8286831,2,,,,POINT (105.8286831 21.0075699)
8870119309,1565,21.0074573,105.8289572,2,,,,POINT (105.8289572 21.0074573)
8870121634,1566,21.0113898,105.8365742,4,crossing,,,POINT (105.8365742 21.0113898)
8991912107,1567,21.0034353,105.8209593,3,,,,POINT (105.8209593 21.0034353)
8991912108,1568,21.0032265,105.8207028,3,,,,POINT (105.8207028 21.0032265)
8991912110,1569,21.0033117,105.8208077,2,,,,POINT (105.8208077 21.0033117)
8991912111,1570,21.0031891,105.8210222,3,,,,POINT (105.8210222 21.0031891)
8991912112,1571,21.0031461,105.8207926,3,,,,POINT (105.8207926 21.0031461)
8991912113,1572,21.0034366,105.821002,3,,,,POINT (105.821002 21.0034366)
8996675671,1573,21.0031643,105.8208807,2,,,,POINT (105.8208807 21.0031643)
8999179577,1574,21.0030425,105.8211325,3,,,,POINT (105.8211325 21.0030425)
8999179578,1575,21.0030711,105.8210223,2,,,,POINT (105.8210223 21.0030711)
8999179579,1576,21.0030887,105.8208585,3,,,,POINT (105.8208585 21.0030887)
9120223576,1577,21.0076072,105.8406806,2,,,,POINT (105.8406806 21.0076072)
9339541983,1578,21.0054296,105.8390193,3,,,,POINT (105.8390193 21.0054296)
9339541986,1579,21.005243,105.8382225,2,,,,POINT (105.8382225 21.005243)
9375001636,1580,21.0047283,105.8326219,3,,,,POINT (105.8326219 21.0047283)
9375001637,1581,21.0046952,105.8327743,2,,,,POINT (105.8327743 21.0046952)
9375001638,1582,21.0046651,105.8328245,3,,,,POINT (105.8328245 21.0046651)
9375001639,1583,21.0045811,105.8328312,2,,,,POINT (105.8328312 21.0045811)
9375001641,1584,21.0044664,105.832805,2,,,,POINT (105.832805 21.0044664)
9375001644,1585,21.0043408,105.8327556,3,,,,POINT (105.8327556 21.0043408)
9375001645,1586,21.0041933,105.8327028,2,,,,POINT (105.8327028 21.0041933)
9375001647,1587,21.0040843,105.8326674,2,,,,POINT (105.8326674 21.0040843)
9375001649,1588,21.0040138,105.8326513,2,,,,POINT (105.8326513 21.0040138)
9375001650,1589,21.0038818,105.8326675,2,,,,POINT (105.8326675 21.0038818)
9375001652,1590,21.0038048,105.8327369,2,,,,POINT (105.8327369 21.0038048)
9375001654,1591,21.0043415,105.8328682,2,,,,POINT (105.8328682 21.0043415)
9375001655,1592,21.0043666,105.8329745,2,,,,POINT (105.8329745 21.0043666)
9375001657,1593,21.0043328,105.8330703,2,,,,POINT (105.8330703 21.0043328)
9375001658,1594,21.0041568,105.8334051,3,,,,POINT (105.8334051 21.0041568)
9375001661,1595,21.004271,105.8332276,2,,,,POINT (105.8332276 21.004271)
9375001662,1596,21.0042109,105.833333,2,,,,POINT (105.833333 21.0042109)
9419760377,1597,21.0064858,105.8356954,3,,,,POINT (105.8356954 21.0064858)
9419760378,1598,21.0063448,105.83589,3,,,,POINT (105.83589 21.0063448)
9419760379,1599,21.0061424,105.8358189,2,,,,POINT (105.8358189 21.0061424)
9419760380,1600,21.0059915,105.8358055,2,,,,POINT (105.8358055 21.0059915)
9419760381,1601,21.0063108,105.8359745,1,,,,POINT (105.8359745 21.0063108)
9419760400,1602,21.0066453,105.8365948,2,,,,POINT (105.8365948 21.0066453)
9419760411,1603,21.0128161,105.8278904,2,,,,POINT (105.8278904 21.0128161)
9419760413,1604,21.0114654,105.8270717,2,,,,POINT (105.8270717 21.0114654)
9419765723,1605,21.011434,105.8270565,2,,,,POINT (105.8270565 21.011434)
9438545122,1606,20.9995841,105.8391955,2,,,,POINT (105.8391955 20.9995841)
9439529100,1607,21.005863,105.830179,3,,,,POINT (105.830179 21.005863)
9439529101,1608,21.0061683,105.8295455,1,,,,POINT (105.8295455 21.0061683)
9439560234,1609,21.0079135,105.835288,2,,,,POINT (105.835288 21.0079135)
9439560235,1610,21.0074384,105.8346797,3,,,,POINT (105.8346797 21.0074384)
9439560249,1611,21.0084771,105.8350355,3,,,,POINT (105.8350355 21.0084771)
9439560250,1612,21.0089963,105.8356779,4,,,,POINT (105.8356779 21.0089963)
9439560251,1613,21.0094913,105.8362935,3,,,,POINT (105.8362935 21.0094913)
9439560290,1614,21.0069627,105.8380392,2,,,,POINT (105.8380392 21.0069627)
9439560291,1615,21.0066102,105.8379922,4,,,,POINT (105.8379922 21.0066102)
9439560294,1616,21.0061783,105.837937,4,,,,POINT (105.837937 21.0061783)
9439560295,1617,21.0059495,105.8378958,3,,,,POINT (105.8378958 21.0059495)
9439560306,1618,21.0068952,105.8386933,2,,,,POINT (105.8386933 21.0068952)
9439560307,1619,21.0067156,105.838679,3,,,,POINT (105.838679 21.0067156)
9439560319,1620,21.0067038,105.8387773,3,,,,POINT (105.8387773 21.0067038)
9439560320,1621,21.0067862,105.8380157,3,,,,POINT (105.8380157 21.0067862)
9439560322,1622,21.0066276,105.8394874,1,,,,POINT (105.8394874 21.0066276)
9439560331,1623,21.0064253,105.8409925,2,,,,POINT (105.8409925 21.0064253)
9439560336,1624,21.005342,105.8403679,2,,,,POINT (105.8403679 21.005342)
9439560337,1625,21.0053417,105.8405532,2,,,,POINT (105.8405532 21.0053417)
9439560338,1626,21.0053094,105.8407724,2,,,,POINT (105.8407724 21.0053094)
9439560339,1627,21.0049533,105.8407661,2,,,,POINT (105.8407661 21.0049533)
9439560340,1628,21.004667,105.8407493,2,,,,POINT (105.8407493 21.004667)
9439560341,1629,21.0046352,105.8401301,3,,,,POINT (105.8401301 21.0046352)
9439560342,1630,21.0048743,105.8401394,3,,,,POINT (105.8401394 21.0048743)
9439560344,1631,21.0046496,105.8403834,2,,,,POINT (105.8403834 21.0046496)
9439560345,1632,21.0048665,105.8407627,3,,,,POINT (105.8407627 21.0048665)
9439560347,1633,21.0051404,105.8401542,3,,,,POINT (105.8401542 21.0051404)
9439560348,1634,21.0051497,105.8407673,4,,,,POINT (105.8407673 21.0051497)
9439560349,1635,21.0046587,105.8407068,2,,,,POINT (105.8407068 21.0046587)
9439560350,1636,21.0048342,105.8391562,3,,,,POINT (105.8391562 21.0048342)
9439560352,1637,21.0048418,105.8399532,1,,,,POINT (105.8399532 21.0048418)
9439560353,1638,21.0046066,105.8392073,3,,,,POINT (105.8392073 21.0046066)
9439560354,1639,21.0046392,105.8393681,2,,,,POINT (105.8393681 21.0046392)
9439560355,1640,21.0046435,105.8399463,1,,,,POINT (105.8399463 21.0046435)
9439560356,1641,21.0044924,105.8394973,1,,,,POINT (105.8394973 21.0044924)
9439560357,1642,21.0044973,105.8401174,3,,,,POINT (105.8401174 21.0044973)
9439560358,1643,21.004642,105.8397481,3,,,,POINT (105.8397481 21.004642)
9439560359,1644,21.0044893,105.8397523,3,,,,POINT (105.8397523 21.0044893)
9439560360,1645,21.0046113,105.838397,3,,,,POINT (105.838397 21.0046113)
9439560361,1646,21.0047811,105.839169,3,,,,POINT (105.839169 21.0047811)
9439560362,1647,21.0055956,105.8376511,3,,,,POINT (105.8376511 21.0055956)
9439560363,1648,21.0056983,105.8380579,2,,,,POINT (105.8380579 21.0056983)
9439560364,1649,21.0054599,105.8381302,3,,,,POINT (105.8381302 21.0054599)
9567295536,1650,21.0040917,105.8259714,3,,,,POINT (105.8259714 21.0040917)
9567295537,1651,21.003757,105.826169,1,,,,POINT (105.826169 21.003757)
9567498918,1652,21.0036332,105.8300936,4,crossing,,,POINT (105.8300936 21.0036332)
9576902791,1653,21.0120272,105.8326188,3,,,,POINT (105.8326188 21.0120272)
9579874403,1654,21.0015298,105.8279056,1,,,,POINT (105.8279056 21.0015298)
9579874404,1655,21.0013587,105.8278771,2,,,,POINT (105.8278771 21.0013587)
9579874405,1656,21.0012272,105.8278544,3,,,,POINT (105.8278544 21.0012272)
9579877847,1657,21.005812,105.8253359,2,,,,POINT (105.8253359 21.005812)
9579877848,1658,21.0060604,105.8247966,3,,,,POINT (105.8247966 21.0060604)
9579877849,1659,21.0057066,105.82559,1,,,,POINT (105.82559 21.0057066)
9579878792,1660,21.0058067,105.8275839,2,,,,POINT (105.8275839 21.0058067)
9579878793,1661,21.0057858,105.8275034,2,,,,POINT (105.8275034 21.0057858)
9579878796,1662,21.0058114,105.8274062,1,,,,POINT (105.8274062 21.0058114)
9579908707,1663,21.0041254,105.8224562,1,,,,POINT (105.8224562 21.0041254)
9579908710,1664,21.0041638,105.8224263,2,,,,POINT (105.8224263 21.0041638)
9579909179,1665,21.0006905,105.8308499,3,,,,POINT (105.8308499 21.0006905)
9579909180,1666,21.0007557,105.830585,1,,,,POINT (105.830585 21.0007557)
9579945953,1667,21.0040958,105.8228493,3,,,,POINT (105.8228493 21.0040958)
9579969427,1668,21.002102,105.8308371,1,,,,POINT (105.8308371 21.002102)
9580225852,1669,21.0119678,105.8291366,1,,,,POINT (105.8291366 21.0119678)
9580225853,1670,21.011829,105.829043,3,,,,POINT (105.829043 21.011829)
9580225855,1671,21.0114754,105.8288151,3,,,,POINT (105.8288151 21.0114754)
9580258005,1672,21.0003102,105.8340039,1,,,,POINT (105.8340039 21.0003102)
9580258006,1673,20.9995224,105.8337708,3,,,,POINT (105.8337708 20.9995224)
9580276172,1674,21.0114415,105.82806,1,,,,POINT (105.82806 21.0114415)
9580276173,1675,21.0115654,105.8283055,2,,,,POINT (105.8283055 21.0115654)
9580276174,1676,21.0114878,105.8281419,2,,,,POINT (105.8281419 21.0114878)
9580276175,1677,21.0114561,105.8278879,2,,,,POINT (105.8278879 21.0114561)
9580276177,1678,21.0116418,105.8284221,2,,,,POINT (105.8284221 21.0116418)
9580276178,1679,21.0121897,105.8287519,1,,,,POINT (105.8287519 21.0121897)
9580279695,1680,21.0043953,105.8336015,1,,,,POINT (105.8336015 21.0043953)
9580286345,1681,20.9995685,105.8404485,2,,,,POINT (105.8404485 20.9995685)
9580286346,1682,20.9991385,105.8404586,3,,,,POINT (105.8404586 20.9991385)
9580286347,1683,20.9995829,105.8401903,2,,,,POINT (105.8401903 20.9995829)
9580286348,1684,20.99959,105.8400572,2,,,,POINT (105.8400572 20.99959)
9580286349,1685,20.9995284,105.8404732,2,,,,POINT (105.8404732 20.9995284)
9580309734,1686,21.0026204,105.834521,4,,,,POINT (105.834521 21.0026204)
9580309735,1687,21.0025574,105.8343418,1,,,,POINT (105.8343418 21.0025574)
9580329502,1688,20.9990791,105.8390246,1,,,,POINT (105.8390246 20.9990791)
9580329503,1689,20.9990724,105.8385583,2,,,,POINT (105.8385583 20.9990724)
9580329504,1690,20.9988673,105.8385495,2,,,,POINT (105.8385495 20.9988673)
9580329505,1691,20.998679,105.8385315,3,,,,POINT (105.8385315 20.998679)
9580341891,1692,21.0021896,105.8360538,3,,,,POINT (105.8360538 21.0021896)
9580341892,1693,21.0021793,105.8366941,1,,,,POINT (105.8366941 21.0021793)
9580342047,1694,21.0014127,105.8396998,1,,,,POINT (105.8396998 21.0014127)
9580342048,1695,21.0016993,105.8397078,3,,,,POINT (105.8397078 21.0016993)
9580353364,1696,21.0040213,105.8330602,1,,,,POINT (105.8330602 21.0040213)
9580353365,1697,21.003919,105.8326588,3,,,,POINT (105.8326588 21.003919)
9581992871,1698,21.0071262,105.8380744,1,,,,POINT (105.8380744 21.0071262)
9582123770,1699,21.0096442,105.8316061,3,,,,POINT (105.8316061 21.0096442)
9582123772,1700,21.0089003,105.8319296,3,,,,POINT (105.8319296 21.0089003)
9582189351,1701,21.0067491,105.8411402,3,,,,POINT (105.8411402 21.0067491)
9582193367,1702,21.0104512,105.8340413,2,,,,POINT (105.8340413 21.0104512)
9582203383,1703,21.0066289,105.8321464,2,,,,POINT (105.8321464 21.0066289)
9582203385,1704,21.0067504,105.8320311,2,,,,POINT (105.8320311 21.0067504)
9582203386,1705,21.0067649,105.8319964,3,,,,POINT (105.8319964 21.0067649)
9582206599,1706,21.0106816,105.8322081,1,,,,POINT (105.8322081 21.0106816)
9582206603,1707,21.0109715,105.8325571,3,,,,POINT (105.8325571 21.0109715)
9582218743,1708,21.0112273,105.8357647,1,,,,POINT (105.8357647 21.0112273)
9582218744,1709,21.0113343,105.8359242,3,,,,POINT (105.8359242 21.0113343)
9582222622,1710,21.0103497,105.8344343,1,,,,POINT (105.8344343 21.0103497)
9582222623,1711,21.0103022,105.8343512,2,,,,POINT (105.8343512 21.0103022)
9582222624,1712,21.0102408,105.8342747,2,,,,POINT (105.8342747 21.0102408)
9582222625,1713,21.0101945,105.8342077,2,,,,POINT (105.8342077 21.0101945)
9582222626,1714,21.0101895,105.8341634,2,,,,POINT (105.8341634 21.0101895)
9582222627,1715,21.0101657,105.8341433,2,,,,POINT (105.8341433 21.0101657)
9582222628,1716,21.0101144,105.8341125,2,,,,POINT (105.8341125 21.0101144)
9582222629,1717,21.0100555,105.8340481,2,,,,POINT (105.8340481 21.0100555)
9582227633,1718,21.0077875,105.8332639,2,,,,POINT (105.8332639 21.0077875)
9602775112,1719,21.0071586,105.8267696,3,,,,POINT (105.8267696 21.0071586)
9612444608,1720,20.9995507,105.8404713,2,,,,POINT (105.8404713 20.9995507)
9612444609,1721,20.9995833,105.8400871,2,,,,POINT (105.8400871 20.9995833)
9612444610,1722,20.9996064,105.8400442,2,,,,POINT (105.8400442 20.9996064)
9612448519,1723,20.9990812,105.8385864,2,,,,POINT (105.8385864 20.9990812)
9612448520,1724,20.9990486,105.8385482,2,,,,POINT (105.8385482 20.9990486)
9624461964,1725,21.0032419,105.8206948,2,,,,POINT (105.8206948 21.0032419)
9673901067,1726,21.0036195,105.8340535,3,,,,POINT (105.8340535 21.0036195)
9673901068,1727,21.0037484,105.8338889,3,,,,POINT (105.8338889 21.0037484)
9673901069,1728,21.0036487,105.833703,2,,,,POINT (105.833703 21.0036487)
9673901070,1729,21.0037323,105.8336067,2,,,,POINT (105.8336067 21.0037323)
9673901071,1730,21.0038319,105.8334793,2,,,,POINT (105.8334793 21.0038319)
9673901072,1731,21.004035,105.8332685,3,,,,POINT (105.8332685 21.004035)
9673901074,1732,21.0038991,105.8340329,2,,,,POINT (105.8340329 21.0038991)
9673901075,1733,21.0038252,105.834142,1,,,,POINT (105.834142 21.0038252)
9673901077,1734,21.00368,105.8328906,2,,,,POINT (105.8328906 21.00368)
9907061135,1735,21.0041616,105.8412974,2,,,,POINT (105.8412974 21.0041616)
9932911249,1736,20.9991362,105.8402232,3,,,,POINT (105.8402232 20.9991362)
9932911250,1737,20.9992639,105.8402304,2,,,,POINT (105.8402304 20.9992639)
9932911251,1738,20.9992684,105.8402888,2,,,,POINT (105.8402888 20.9992684)
9932911252,1739,20.9994339,105.8402984,1,,,,POINT (105.8402984 20.9994339)
9967079516,1740,20.9992129,105.8404591,2,,,,POINT (105.8404591 20.9992129)
9976440314,1741,21.0101622,105.8321487,2,,,,POINT (105.8321487 21.0101622)
9976440315,1742,21.0104564,105.8324638,2,,,,POINT (105.8324638 21.0104564)
9976440316,1743,21.0105214,105.83249,2,,,,POINT (105.83249 21.0105214)
9976457536,1744,21.0025028,105.8333928,2,,,,POINT (105.8333928 21.0025028)
9976457537,1745,21.0029334,105.8349839,2,,,,POINT (105.8349839 21.0029334)
9985449273,1746,21.0009231,105.8380733,3,,,,POINT (105.8380733 21.0009231)
9985449274,1747,21.0011794,105.8380961,2,,,,POINT (105.8380961 21.0011794)
9985449275,1748,21.0013277,105.8381236,1,,,,POINT (105.8381236 21.0013277)
9985449276,1749,21.0008063,105.8380697,1,,,,POINT (105.8380697 21.0008063)
10055462746,1750,21.010418,105.8335321,3,,,,POINT (105.8335321 21.010418)
10055462747,1751,21.0106622,105.8338338,1,,,,POINT (105.8338338 21.0106622)
10060474793,1752,21.0075062,105.8267195,2,,,,POINT (105.8267195 21.0075062)
10060474794,1753,21.0072376,105.8265905,3,,,,POINT (105.8265905 21.0072376)
10060474795,1754,21.0072531,105.8265507,2,,,,POINT (105.8265507 21.0072531)
10060474796,1755,21.0071152,105.8264859,1,,,,POINT (105.8264859 21.0071152)
10060474797,1756,21.0071137,105.8261182,3,,,,POINT (105.8261182 21.0071137)
10060600235,1757,21.0087416,105.825574,3,,,,POINT (105.825574 21.0087416)
10060600236,1758,21.0087068,105.8255563,4,,,,POINT (105.8255563 21.0087068)
10060600237,1759,21.0085338,105.8254657,2,,,,POINT (105.8254657 21.0085338)
10060600238,1760,21.0075095,105.8252947,3,,,,POINT (105.8252947 21.0075095)
10060600239,1761,21.0082006,105.8256587,2,,,,POINT (105.8256587 21.0082006)
10060600242,1762,21.007649,105.8253656,3,,,,POINT (105.8253656 21.007649)
10060600243,1763,21.0078099,105.8250139,3,,,,POINT (105.8250139 21.0078099)
10060600244,1764,21.0078758,105.825046,2,,,,POINT (105.825046 21.0078758)
10060600245,1765,21.0079839,105.8248137,1,,,,POINT (105.8248137 21.0079839)
10060600246,1766,21.008278,105.8260661,1,,,,POINT (105.8260661 21.008278)
10060600247,1767,21.0079801,105.8259072,2,,,,POINT (105.8259072 21.0079801)
10060600248,1768,21.0080588,105.8251371,3,,,,POINT (105.8251371 21.0080588)
10060600249,1769,21.0083584,105.8252879,1,,,,POINT (105.8252879 21.0083584)
10090093642,1770,21.0106969,105.8306615,4,crossing,,,POINT (105.8306615 21.0106969)
10090093643,1771,21.0113408,105.8311111,4,crossing,,,POINT (105.8311111 21.0113408)
10090093645,1772,21.0124267,105.8324604,2,,,,POINT (105.8324604 21.0124267)
10114776479,1773,21.0098649,105.8303255,4,crossing,,,POINT (105.8303255 21.0098649)
10116028532,1774,21.0088948,105.8245019,4,crossing,,,POINT (105.8245019 21.0088948)
10116028536,1775,21.0070851,105.8233972,2,,,,POINT (105.8233972 21.0070851)
10116028537,1776,21.0071939,105.8234555,2,,,,POINT (105.8234555 21.0071939)
10116028539,1777,21.0093127,105.8246639,2,,,,POINT (105.8246639 21.0093127)
10116028540,1778,21.0093699,105.8248687,3,,,,POINT (105.8248687 21.0093699)
10116028545,1779,21.0094274,105.8248446,2,,,,POINT (105.8248446 21.0094274)
10116028546,1780,21.0095433,105.8248044,2,,,,POINT (105.8248044 21.0095433)
10116028548,1781,21.009702,105.8247633,2,,,,POINT (105.8247633 21.009702)
10116028549,1782,21.0097699,105.8247933,3,crossing,,,POINT (105.8247933 21.0097699)
10118163081,1783,21.0035822,105.821734,2,,,,POINT (105.821734 21.0035822)
10123194064,1784,21.0124581,105.8355564,3,,,,POINT (105.8355564 21.0124581)
10123194066,1785,21.0125153,105.8356217,4,crossing,,,POINT (105.8356217 21.0125153)
10126309007,1786,21.0072478,105.8410766,2,,,,POINT (105.8410766 21.0072478)
10126309008,1787,21.0071763,105.8411515,2,,,,POINT (105.8411515 21.0071763)
10126309009,1788,21.0071318,105.8411967,2,,crossing,,POINT (105.8411967 21.0071318)
10126309010,1789,21.0070819,105.8412254,2,,,,POINT (105.8412254 21.0070819)
10126309011,1790,21.0070322,105.8412345,2,,,,POINT (105.8412345 21.0070322)
10126309012,1791,21.0068562,105.84123,2,,,,POINT (105.84123 21.0068562)
10126309013,1792,21.0063778,105.8412155,2,,,,POINT (105.8412155 21.0063778)
10126309014,1793,21.0059601,105.8412119,2,,,,POINT (105.8412119 21.0059601)
10126309015,1794,21.0053487,105.8411919,3,,,,POINT (105.8411919 21.0053487)
10126309016,1795,21.0047472,105.8411766,2,,,,POINT (105.8411766 21.0047472)
10126309017,1796,21.0040433,105.8411702,2,,,,POINT (105.8411702 21.0040433)
10126309018,1797,21.0035656,105.84116,2,,,,POINT (105.84116 21.0035656)
10126309019,1798,21.0028879,105.8411472,2,,,,POINT (105.8411472 21.0028879)
10126309020,1799,21.0020684,105.8411306,2,,,,POINT (105.8411306 21.0020684)
10126309021,1800,21.0015931,105.8411383,2,,,,POINT (105.8411383 21.0015931)
10126309022,1801,21.0014396,105.8411329,2,,,,POINT (105.8411329 21.0014396)
10126309023,1802,21.0013632,105.8411237,2,,,,POINT (105.8411237 21.0013632)
10126309024,1803,21.0013191,105.8411224,2,,,,POINT (105.8411224 21.0013191)
10126309025,1804,21.0010737,105.8411364,2,,,,POINT (105.8411364 21.0010737)
10126309026,1805,21.0009927,105.8411441,2,,,,POINT (105.8411441 21.0009927)
10126309027,1806,21.0008355,105.8411556,2,,,,POINT (105.8411556 21.0008355)
10126309028,1807,21.0007021,105.8411569,2,,,,POINT (105.8411569 21.0007021)
10126309029,1808,21.0004794,105.8411594,2,,,,POINT (105.8411594 21.0004794)
10126309030,1809,21.0002149,105.8411505,2,,,,POINT (105.8411505 21.0002149)
10126309031,1810,20.9999171,105.841139,2,,,,POINT (105.841139 20.9999171)
10126309032,1811,20.9997111,105.8411275,2,,,,POINT (105.8411275 20.9997111)
10126309033,1812,20.999449,105.8411122,2,,,,POINT (105.8411122 20.999449)
10126309034,1813,20.999237,105.8411033,2,,,,POINT (105.8411033 20.999237)
10126309035,1814,20.9989976,105.8410956,2,,,,POINT (105.8410956 20.9989976)
10126309036,1815,20.9986336,105.8410905,2,,,,POINT (105.8410905 20.9986336)
10126309037,1816,20.9991451,105.8411003,4,crossing,,,POINT (105.8411003 20.9991451)
10126309038,1817,21.0000611,105.8411446,4,crossing,,,POINT (105.8411446 21.0000611)
10126309039,1818,21.001924,105.841133,4,crossing,,,POINT (105.841133 21.001924)
10126309041,1819,21.0003815,105.8411561,4,crossing,,,POINT (105.8411561 21.0003815)
10126309042,1820,21.0041914,105.8411726,4,traffic_signals,,,POINT (105.8411726 21.0041914)
10126309043,1821,21.0044353,105.8411812,3,,,,POINT (105.8411812 21.0044353)
10126309044,1822,21.0051708,105.8411848,4,crossing,,,POINT (105.8411848 21.0051708)
10126309046,1823,21.0063239,105.8412184,4,crossing,,,POINT (105.8412184 21.0063239)
10126309047,1824,21.001763,105.8411356,3,,,,POINT (105.8411356 21.001763)
10126309106,1825,20.9986086,105.8410886,3,,,,POINT (105.8410886 20.9986086)
10126309107,1826,20.9985815,105.84108,2,,,,POINT (105.84108 20.9985815)
10126309108,1827,20.9985465,105.8410467,2,,,,POINT (105.8410467 20.9985465)
10126309109,1828,20.9984586,105.8408681,3,,,,POINT (105.8408681 20.9984586)
10126309110,1829,20.9983534,105.8407005,2,,,,POINT (105.8407005 20.9983534)
10126309111,1830,20.9982588,105.8405596,2,,,,POINT (105.8405596 20.9982588)
10126309112,1831,20.9982437,105.8405183,2,,,,POINT (105.8405183 20.9982437)
10126309113,1832,20.9982425,105.8404605,2,,,,POINT (105.8404605 20.9982425)
10126309114,1833,20.9983171,105.8401273,2,,,,POINT (105.8401273 20.9983171)
10126309115,1834,20.99856,105.8410596,2,,crossing,,POINT (105.8410596 20.99856)
10127776546,1835,20.9983327,105.8409244,2,,,,POINT (105.8409244 20.9983327)
10127776554,1836,20.9981063,105.8409213,2,,,,POINT (105.8409213 20.9981063)
10130376626,1837,21.0059892,105.8313613,3,,,,POINT (105.8313613 21.0059892)
10130376627,1838,21.005895,105.8317111,2,,,,POINT (105.8317111 21.005895)
10130376628,1839,21.0057448,105.8322497,2,,,,POINT (105.8322497 21.0057448)
10130376629,1840,21.0057448,105.8323066,2,,,,POINT (105.8323066 21.0057448)
10130376630,1841,21.0057698,105.832416,2,,,,POINT (105.832416 21.0057698)
10130376631,1842,21.0058046,105.8325383,2,,,,POINT (105.8325383 21.0058046)
10130376632,1843,21.0057658,105.8321743,4,crossing,,,POINT (105.8321743 21.0057658)
10130376633,1844,21.0057545,105.8323492,4,crossing,,,POINT (105.8323492 21.0057545)
10130376634,1845,21.006734,105.8320465,4,crossing,,,POINT (105.8320465 21.006734)
10130376635,1846,21.0065849,105.8321769,2,,,,POINT (105.8321769 21.0065849)
10130376636,1847,21.0060721,105.8323625,2,,,,POINT (105.8323625 21.0060721)
10130376637,1848,21.00601,105.8323754,2,,,,POINT (105.8323754 21.00601)
10130376638,1849,21.0058434,105.8323519,3,,,,POINT (105.8323519 21.0058434)
10130376639,1850,21.0059219,105.8323619,4,crossing,,,POINT (105.8323619 21.0059219)
10130376640,1851,21.0058465,105.8328076,4,,,,POINT (105.8328076 21.0058465)
10130376641,1852,21.0058506,105.8328772,2,,,,POINT (105.8328772 21.0058506)
10130376642,1853,21.0058456,105.8329501,2,,,,POINT (105.8329501 21.0058456)
10130376648,1854,21.0058897,105.8342666,1,,,,POINT (105.8342666 21.0058897)
10130376649,1855,21.0060359,105.8348845,2,,,,POINT (105.8348845 21.0060359)
10130376650,1856,21.0060785,105.8350741,3,,,,POINT (105.8350741 21.0060785)
10130376651,1857,21.0058302,105.8330928,3,crossing,,,POINT (105.8330928 21.0058302)
10130376654,1858,21.0062266,105.8352431,2,,,,POINT (105.8352431 21.0062266)
10130376655,1859,21.0062607,105.8353124,2,,,,POINT (105.8353124 21.0062607)
10130376656,1860,21.0063181,105.835388,2,,,,POINT (105.835388 21.0063181)
10130376657,1861,21.0063807,105.8354607,2,,,,POINT (105.8354607 21.0063807)
10130376658,1862,21.0064086,105.8354887,2,,,,POINT (105.8354887 21.0064086)
10130376659,1863,21.0064412,105.8354899,2,,,,POINT (105.8354899 21.0064412)
10130376660,1864,21.0069777,105.8351685,2,,,,POINT (105.8351685 21.0069777)
10130376661,1865,21.0065212,105.8355943,2,,,,POINT (105.8355943 21.0065212)
10130376662,1866,21.0064421,105.8356665,2,,,,POINT (105.8356665 21.0064421)
10130376663,1867,21.0064202,105.8356719,2,,,,POINT (105.8356719 21.0064202)
10130376664,1868,21.0063882,105.8356656,2,,,,POINT (105.8356656 21.0063882)
10130376665,1869,21.0063503,105.8356421,2,,,,POINT (105.8356421 21.0063503)
10130376666,1870,21.006138,105.8353615,2,,,,POINT (105.8353615 21.006138)
10130376667,1871,21.0062976,105.835572,4,crossing,,,POINT (105.835572 21.0062976)
10130376668,1872,21.006454,105.8356556,4,crossing,,,POINT (105.8356556 21.006454)
10130376669,1873,21.0061566,105.8353862,3,,,,POINT (105.8353862 21.0061566)
10130376670,1874,21.0062539,105.8352987,3,,,,POINT (105.8352987 21.0062539)
10130376671,1875,21.0061912,105.8350519,3,,,,POINT (105.8350519 21.0061912)
10130376672,1876,21.0060778,105.8351054,2,,,,POINT (105.8351054 21.0060778)
10130376673,1877,21.0060672,105.8351464,2,,,,POINT (105.8351464 21.0060672)
10130376674,1878,21.0060367,105.8351858,2,,,,POINT (105.8351858 21.0060367)
10130376675,1879,21.0060066,105.8352144,3,,,,POINT (105.8352144 21.0060066)
10130376676,1880,21.0059578,105.8352324,2,,,,POINT (105.8352324 21.0059578)
10130376677,1881,21.0055119,105.8353611,2,,,,POINT (105.8353611 21.0055119)
10130376678,1882,21.0047008,105.8356092,2,,,,POINT (105.8356092 21.0047008)
10130376679,1883,21.0039005,105.8358474,2,,,,POINT (105.8358474 21.0039005)
10130376680,1884,21.0035026,105.8359801,2,,,,POINT (105.8359801 21.0035026)
10130376681,1885,21.0052036,105.8354556,4,crossing,,,POINT (105.8354556 21.0052036)
10130376682,1886,21.0047963,105.83558,4,crossing,,,POINT (105.83558 21.0047963)
10130376683,1887,21.0044475,105.8356846,4,crossing,,,POINT (105.8356846 21.0044475)
10130376684,1888,21.0040662,105.8357981,4,crossing,,,POINT (105.8357981 21.0040662)
10130376685,1889,21.0037369,105.835902,4,crossing,,,POINT (105.835902 21.0037369)
10130376686,1890,21.0061123,105.8353347,2,,,,POINT (105.8353347 21.0061123)
10130376687,1891,21.0060752,105.8353272,2,,,,POINT (105.8353272 21.0060752)
10130376688,1892,21.0060442,105.8353283,2,,,,POINT (105.8353283 21.0060442)
10130376689,1893,21.0056635,105.8354526,2,,,,POINT (105.8354526 21.0056635)
10130376690,1894,21.0052089,105.8355847,2,,,,POINT (105.8355847 21.0052089)
10130376691,1895,21.0045077,105.8357832,2,,,,POINT (105.8357832 21.0045077)
10130376692,1896,21.004024,105.8359141,2,,,,POINT (105.8359141 21.004024)
10130376693,1897,21.0035091,105.8360685,3,,,,POINT (105.8360685 21.0035091)
10130376695,1898,21.0061409,105.8351476,2,,,,POINT (105.8351476 21.0061409)
10130376696,1899,21.0057861,105.8354201,4,crossing,,,POINT (105.8354201 21.0057861)
10130376697,1900,21.0053272,105.8355485,4,crossing,,,POINT (105.8355485 21.0053272)
10130376698,1901,21.00499,105.8356488,4,crossing,,,POINT (105.8356488 21.00499)
10130376699,1902,21.004663,105.8357392,4,crossing,,,POINT (105.8357392 21.004663)
10130376700,1903,21.0042995,105.8358395,4,crossing,,,POINT (105.8358395 21.0042995)
10130376701,1904,21.006037,105.8353305,3,,,,POINT (105.8353305 21.006037)
10130376702,1905,21.0059819,105.8352253,2,,,,POINT (105.8352253 21.0059819)
10130376703,1906,21.0053297,105.8354168,3,,,,POINT (105.8354168 21.0053297)
10130376704,1907,21.0053578,105.8355392,3,,,,POINT (105.8355392 21.0053578)
10130376705,1908,21.0034788,105.835976,2,,,,POINT (105.835976 21.0034788)
10130376706,1909,21.0034518,105.8359534,2,,,,POINT (105.8359534 21.0034518)
10130376707,1910,21.0034392,105.8359119,2,,,,POINT (105.8359119 21.0034392)
10130376708,1911,21.0033196,105.8354725,2,,,,POINT (105.8354725 21.0033196)
10130376709,1912,21.0032194,105.8351117,2,,,,POINT (105.8351117 21.0032194)
10130376710,1913,21.0030339,105.8344007,4,,,,POINT (105.8344007 21.0030339)
10130376711,1914,21.0032361,105.835172,4,crossing,,,POINT (105.835172 21.0032361)
10130376712,1915,21.0034845,105.8359769,3,,,,POINT (105.8359769 21.0034845)
10130376713,1916,21.0034969,105.8360231,4,crossing,,,POINT (105.8360231 21.0034969)
10130376714,1917,21.0034913,105.8360842,2,,,,POINT (105.8360842 21.0034913)
10130376715,1918,21.0034853,105.8361103,2,,,,POINT (105.8361103 21.0034853)
10130376716,1919,21.0034835,105.836141,2,,,,POINT (105.836141 21.0034835)
10130399518,1920,21.0036759,105.8368644,2,,,,POINT (105.8368644 21.0036759)
10130399519,1921,21.0037414,105.8371374,2,,,,POINT (105.8371374 21.0037414)
10130399520,1922,21.0038914,105.8377168,2,,,,POINT (105.8377168 21.0038914)
10130399521,1923,21.0039985,105.8381438,2,,,,POINT (105.8381438 21.0039985)
10130399522,1924,21.0041187,105.8386083,2,,,,POINT (105.8386083 21.0041187)
10130399523,1925,21.0042449,105.8392306,2,,,,POINT (105.8392306 21.0042449)
10130399524,1926,21.004258,105.8393583,2,,,,POINT (105.8393583 21.004258)
10130399525,1927,21.004266,105.8400074,2,,,,POINT (105.8400074 21.004266)
10130399526,1928,21.004258,105.8403389,2,,,,POINT (105.8403389 21.004258)
10130399527,1929,21.0042509,105.8408689,2,,,,POINT (105.8408689 21.0042509)
10130399528,1930,21.0042479,105.8411275,2,,,,POINT (105.8411275 21.0042479)
10130399529,1931,21.0042554,105.8411557,2,,,,POINT (105.8411557 21.0042554)
10130399530,1932,21.0042701,105.8411729,3,,,,POINT (105.8411729 21.0042701)
10130399531,1933,21.0035767,105.8364768,4,crossing,,,POINT (105.8364768 21.0035767)
10130399532,1934,21.0036772,105.8368564,4,crossing,,,POINT (105.8368564 21.0036772)
10130399533,1935,21.0037197,105.8370328,4,crossing,,,POINT (105.8370328 21.0037197)
10130399534,1936,21.0038337,105.8374939,4,crossing,,,POINT (105.8374939 21.0038337)
10130399535,1937,21.0039119,105.8377985,4,crossing,,,POINT (105.8377985 21.0039119)
10130399536,1938,21.0040958,105.8385198,4,crossing,,,POINT (105.8385198 21.0040958)
10130399537,1939,21.0042505,105.8392854,4,crossing,,,POINT (105.8392854 21.0042505)
10130399538,1940,21.0042634,105.8401135,4,crossing,,,POINT (105.8401135 21.0042634)
10130399539,1941,21.0042481,105.8410694,4,crossing,,,POINT (105.8410694 21.0042481)
10130399540,1942,21.0042534,105.8411484,2,,crossing,,POINT (105.8411484 21.0042534)
10130399541,1943,21.0041508,105.8407848,2,,,,POINT (105.8407848 21.0041508)
10130399542,1944,21.0041452,105.841111,2,,,,POINT (105.841111 21.0041452)
10130399543,1945,21.0041402,105.8411315,2,,,,POINT (105.8411315 21.0041402)
10130399544,1946,21.0041282,105.8411565,2,,,,POINT (105.8411565 21.0041282)
10130399545,1947,21.0041133,105.8411713,3,,,,POINT (105.8411713 21.0041133)
10130399546,1948,21.0041551,105.8404115,2,,,,POINT (105.8404115 21.0041551)
10130399547,1949,21.0041593,105.8401134,2,,,,POINT (105.8401134 21.0041593)
10130399548,1950,21.0041491,105.8408847,4,crossing,,,POINT (105.8408847 21.0041491)
10130399549,1951,21.0041328,105.8411469,2,,crossing,,POINT (105.8411469 21.0041328)
10130399550,1952,21.0042615,105.840191,3,,,,POINT (105.840191 21.0042615)
10130399551,1953,21.0041583,105.8401891,3,,,,POINT (105.8401891 21.0041583)
10130399552,1954,21.0041419,105.8393439,2,,,,POINT (105.8393439 21.0041419)
10130399553,1955,21.004154,105.8396443,2,,,,POINT (105.8396443 21.004154)
10130399554,1956,21.0041049,105.8392955,3,,,,POINT (105.8392955 21.0041049)
10130399555,1957,21.0041155,105.8395662,4,,,,POINT (105.8395662 21.0041155)
10130399556,1958,21.0041192,105.8399456,2,,,,POINT (105.8399456 21.0041192)
10130399557,1959,21.0041402,105.8400186,2,,,,POINT (105.8400186 21.0041402)
10130399558,1960,21.0041585,105.8400424,4,crossing,,,POINT (105.8400424 21.0041585)
10130399559,1961,21.0040921,105.8390267,2,,,,POINT (105.8390267 21.0040921)
10130399560,1962,21.0040305,105.8386989,2,,,,POINT (105.8386989 21.0040305)
10130399561,1963,21.0039611,105.8383553,2,,,,POINT (105.8383553 21.0039611)
10130399562,1964,21.0038435,105.837913,2,,,,POINT (105.837913 21.0038435)
10130399563,1965,21.0037869,105.8376983,2,,,,POINT (105.8376983 21.0037869)
10130399564,1966,21.0036186,105.8370447,2,,,,POINT (105.8370447 21.0036186)
10130399565,1967,21.0035202,105.8366832,2,,,,POINT (105.8366832 21.0035202)
10130399566,1968,21.0033924,105.8361673,2,,,,POINT (105.8361673 21.0033924)
10130399567,1969,21.0036829,105.8372793,4,crossing,,,POINT (105.8372793 21.0036829)
10130399568,1970,21.0039514,105.8383188,4,crossing,,,POINT (105.8383188 21.0039514)
10130399569,1971,21.0041344,105.8392957,4,crossing,,,POINT (105.8392957 21.0041344)
10130399570,1972,21.0041508,105.8395664,4,crossing,,,POINT (105.8395664 21.0041508)
10130399571,1973,21.0033786,105.8361268,3,,,,POINT (105.8361268 21.0033786)
10130399572,1974,21.0033545,105.8360987,2,,,,POINT (105.8360987 21.0033545)
10130399573,1975,21.0033333,105.8360881,1,,,,POINT (105.8360881 21.0033333)
10130399574,1976,21.0034894,105.8360927,3,,,,POINT (105.8360927 21.0034894)
10130399575,1977,21.0034298,105.836111,4,crossing,,,POINT (105.836111 21.0034298)
10130399576,1978,21.0040122,105.8386084,3,,,,POINT (105.8386084 21.0040122)
10130399577,1979,21.0041118,105.8385814,3,,,,POINT (105.8385814 21.0041118)
10130399578,1980,21.0042038,105.839028,3,,,,POINT (105.839028 21.0042038)
10130399579,1981,21.0040959,105.8390508,3,,,,POINT (105.8390508 21.0040959)
10130399588,1982,21.0117997,105.8317775,4,crossing,,,POINT (105.8317775 21.0117997)
10130399589,1983,21.012035,105.8320838,2,,,,POINT (105.8320838 21.012035)
10130399590,1984,21.012334,105.8324673,2,,,,POINT (105.8324673 21.012334)
10130399591,1985,21.0125091,105.8326919,2,,,,POINT (105.8326919 21.0125091)
10130399592,1986,21.0127708,105.8330171,3,,,,POINT (105.8330171 21.0127708)
10130399593,1987,21.0119486,105.831962,4,crossing,,,POINT (105.831962 21.0119486)
10130399594,1988,21.0112816,105.831161,3,,,,POINT (105.831161 21.0112816)
10130399595,1989,21.0110824,105.830924,2,,,,POINT (105.830924 21.0110824)
10130399606,1990,21.011049,105.8308866,2,,,,POINT (105.8308866 21.011049)
10130399607,1991,21.0110036,105.8308523,2,,,,POINT (105.8308523 21.0110036)
10130399608,1992,21.0109564,105.8308288,2,,,,POINT (105.8308288 21.0109564)
10130399609,1993,21.0108975,105.8308361,2,,,,POINT (105.8308361 21.0108975)
10130399610,1994,21.010824,105.8308576,2,,,,POINT (105.8308576 21.010824)
10130399611,1995,21.0100715,105.8311692,2,,,,POINT (105.8311692 21.0100715)
10130399612,1996,21.0096975,105.831327,2,,,,POINT (105.831327 21.0096975)
10130399613,1997,21.0092846,105.8315007,2,,,,POINT (105.8315007 21.0092846)
10130399614,1998,21.0088859,105.8316692,2,,,,POINT (105.8316692 21.0088859)
10130399615,1999,21.0088211,105.8316978,2,,,,POINT (105.8316978 21.0088211)
10130399616,2000,21.0087138,105.8317456,2,,,,POINT (105.8317456 21.0087138)
10130399617,2001,21.0084076,105.8319941,2,,,,POINT (105.8319941 21.0084076)
10130399618,2002,21.0077689,105.8325706,2,,,,POINT (105.8325706 21.0077689)
10130399619,2003,21.0086947,105.8317019,2,,,,POINT (105.8317019 21.0086947)
10130399620,2004,21.008229,105.8321495,2,,,,POINT (105.8321495 21.008229)
10130399621,2005,21.0076064,105.832729,2,,,,POINT (105.832729 21.0076064)
10130399622,2006,21.0076003,105.8327436,3,,,,POINT (105.8327436 21.0076003)
10130399623,2007,21.007603,105.8327714,2,,,,POINT (105.8327714 21.007603)
10130399624,2008,21.0086283,105.8317991,2,,,,POINT (105.8317991 21.0086283)
10130399629,2009,21.0109727,105.8307524,3,,,,POINT (105.8307524 21.0109727)
10130399631,2010,21.0097261,105.8303301,2,,,,POINT (105.8303301 21.0097261)
10130399632,2011,21.0096507,105.8303298,2,,,,POINT (105.8303298 21.0096507)
10130399633,2012,21.0101792,105.8304811,2,,,,POINT (105.8304811 21.0101792)
10130399634,2013,21.0102987,105.8305355,2,,,,POINT (105.8305355 21.0102987)
10130399635,2014,21.010338,105.8310589,4,crossing,,,POINT (105.8310589 21.010338)
10130399636,2015,21.0101143,105.8311515,4,crossing,,,POINT (105.8311515 21.0101143)
10130399637,2016,21.0098338,105.8312695,4,crossing,,,POINT (105.8312695 21.0098338)
10130399638,2017,21.0095607,105.8313846,4,crossing,,,POINT (105.8313846 21.0095607)
10130399639,2018,21.0088046,105.8317051,4,crossing,,,POINT (105.8317051 21.0088046)
10130399640,2019,21.0083832,105.8320154,4,crossing,,,POINT (105.8320154 21.0083832)
10130399641,2020,21.0077549,105.8325842,4,crossing,,,POINT (105.8325842 21.0077549)
10130399642,2021,21.0076721,105.8325419,2,,,,POINT (105.8325419 21.0076721)
10130399643,2022,21.0075517,105.8326595,2,,,,POINT (105.8326595 21.0075517)
10130399644,2023,21.0075142,105.8326635,2,,,,POINT (105.8326635 21.0075142)
10130399645,2024,21.0079629,105.8322791,2,,,,POINT (105.8322791 21.0079629)
10130399646,2025,21.0082393,105.8320313,2,,,,POINT (105.8320313 21.0082393)
10130399647,2026,21.0084276,105.8318564,2,,,,POINT (105.8318564 21.0084276)
10130399648,2027,21.0086139,105.8316901,2,,,,POINT (105.8316901 21.0086139)
10130399649,2028,21.008672,105.8316558,2,,,,POINT (105.8316558 21.008672)
10130399650,2029,21.0087742,105.8316096,2,,,,POINT (105.8316096 21.0087742)
10130399651,2030,21.0085513,105.83174,2,,,,POINT (105.83174 21.0085513)
10130399652,2031,21.009214,105.8314327,2,,,,POINT (105.8314327 21.009214)
10130399653,2032,21.0098155,105.8311852,2,,,,POINT (105.8311852 21.0098155)
10130399654,2033,21.0104039,105.8309466,2,,,,POINT (105.8309466 21.0104039)
10130399655,2034,21.0106778,105.8308343,3,,,,POINT (105.8308343 21.0106778)
10130399656,2035,21.0107281,105.8308226,2,,,,POINT (105.8308226 21.0107281)
10130399657,2036,21.0107437,105.8307998,2,,,,POINT (105.8307998 21.0107437)
10130399658,2037,21.0107422,105.830761,2,,,,POINT (105.830761 21.0107422)
10130399659,2038,21.01073,105.8307351,2,,,,POINT (105.8307351 21.01073)
10130399660,2039,21.010691,105.8307144,3,,,,POINT (105.8307144 21.010691)
10130399661,2040,21.0105989,105.830694,2,,,,POINT (105.830694 21.0105989)
10130399662,2041,21.0104651,105.8306636,2,,,,POINT (105.8306636 21.0104651)
10130399663,2042,21.0103666,105.8306371,2,,,,POINT (105.8306371 21.0103666)
10130399664,2043,21.0102469,105.8305877,2,,,,POINT (105.8305877 21.0102469)
10130399665,2044,21.009941,105.8304353,2,,,,POINT (105.8304353 21.009941)
10130399666,2045,21.0097994,105.8303609,1,,,,POINT (105.8303609 21.0097994)
10130399667,2046,21.0105134,105.8309013,4,crossing,,,POINT (105.8309013 21.0105134)
10130399668,2047,21.0099897,105.8311146,4,crossing,,,POINT (105.8311146 21.0099897)
10130399669,2048,21.0090677,105.8314915,4,crossing,,,POINT (105.8314915 21.0090677)
10130399670,2049,21.0089007,105.8315587,4,crossing,,,POINT (105.8315587 21.0089007)
10130399671,2050,21.0085793,105.8317177,4,crossing,,,POINT (105.8317177 21.0085793)
10130399672,2051,21.0082958,105.8319789,4,crossing,,,POINT (105.8319789 21.0082958)
10130399673,2052,21.0080574,105.8321944,4,crossing,,,POINT (105.8321944 21.0080574)
10130399674,2053,21.0075404,105.8326719,2,,,,POINT (105.8326719 21.0075404)
10130399675,2054,21.0075221,105.8326706,2,,,,POINT (105.8326706 21.0075221)
10130399676,2055,21.007533,105.8326757,2,,,,POINT (105.8326757 21.007533)
10130399677,2056,21.0075987,105.8327575,2,,,,POINT (105.8327575 21.0075987)
10130399678,2057,21.0075434,105.8326686,3,,,,POINT (105.8326686 21.0075434)
10130399679,2058,21.009874,105.8302669,1,,,,POINT (105.8302669 21.009874)
10130399680,2059,21.0101225,105.8304035,2,,,,POINT (105.8304035 21.0101225)
10130399681,2060,21.0102139,105.8304429,2,,,,POINT (105.8304429 21.0102139)
10130399682,2061,21.0103761,105.8305104,2,,,,POINT (105.8305104 21.0103761)
10130399683,2062,21.0104434,105.8305317,2,,,,POINT (105.8305317 21.0104434)
10130399684,2063,21.0105638,105.8305689,2,,,,POINT (105.8305689 21.0105638)
10130399685,2064,21.010641,105.8305909,2,,,,POINT (105.8305909 21.010641)
10130399686,2065,21.010699,105.8305962,2,,,,POINT (105.8305962 21.010699)
10130399687,2066,21.0108336,105.8306007,2,,,,POINT (105.8306007 21.0108336)
10130399688,2067,21.010988,105.8306106,2,,,,POINT (105.8306106 21.010988)
10130399689,2068,21.0111247,105.830622,2,,,,POINT (105.830622 21.0111247)
10130399690,2069,21.0114356,105.8306546,2,,,,POINT (105.8306546 21.0114356)
10130399691,2070,21.0114568,105.8306508,2,,,,POINT (105.8306508 21.0114568)
10130399692,2071,21.0114894,105.8306371,2,,,,POINT (105.8306371 21.0114894)
10130399698,2072,21.0115088,105.8306187,3,,,,POINT (105.8306187 21.0115088)
10130399700,2073,21.0107042,105.8305963,3,,,,POINT (105.8305963 21.0107042)
10130399701,2074,21.0098893,105.8302754,3,,,,POINT (105.8302754 21.0098893)
10130399702,2075,21.0098378,105.8303811,3,,,,POINT (105.8303811 21.0098378)
10130399703,2076,21.0128212,105.8325533,2,,,,POINT (105.8325533 21.0128212)
10130399704,2077,21.0127868,105.8325301,2,,,,POINT (105.8325301 21.0127868)
10130399706,2078,21.0125327,105.8325197,3,,,,POINT (105.8325197 21.0125327)
10130399707,2079,21.012446,105.8326109,3,,,,POINT (105.8326109 21.012446)
10130399708,2080,21.0125,105.8325558,4,crossing,,,POINT (105.8325558 21.0125)
10130399709,2081,21.0126039,105.8325861,4,crossing,,,POINT (105.8325861 21.0126039)
10130533935,2082,21.006939,105.8296986,3,,,,POINT (105.8296986 21.006939)
10130533937,2083,21.006366,105.8309184,2,,,,POINT (105.8309184 21.006366)
10130533939,2084,21.0063136,105.8310285,2,,,,POINT (105.8310285 21.0063136)
10130533940,2085,21.0062977,105.8310848,2,,,,POINT (105.8310848 21.0062977)
10130533941,2086,21.0062837,105.8311434,2,,,,POINT (105.8311434 21.0062837)
10130533942,2087,21.0062845,105.8312201,2,,,,POINT (105.8312201 21.0062845)
10130533943,2088,21.0063094,105.8312932,2,,,,POINT (105.8312932 21.0063094)
10130533944,2089,21.0063426,105.831343,2,,,,POINT (105.831343 21.0063426)
10130533946,2090,21.0069113,105.8320502,2,,,,POINT (105.8320502 21.0069113)
10130533947,2091,21.0072645,105.8325164,2,,,,POINT (105.8325164 21.0072645)
10130533948,2092,21.0078188,105.8331924,3,,,,POINT (105.8331924 21.0078188)
10130533955,2093,21.0009003,105.8287886,3,,,,POINT (105.8287886 21.0009003)
10130533956,2094,21.0008172,105.8292411,2,,,,POINT (105.8292411 21.0008172)
10130533957,2095,21.0008973,105.8292035,2,,,,POINT (105.8292035 21.0008973)
10130533958,2096,21.0009965,105.8291778,2,,,,POINT (105.8291778 21.0009965)
10130533960,2097,21.0009439,105.8291896,2,,,,POINT (105.8291896 21.0009439)
10130533961,2098,21.0008572,105.8292196,2,,,,POINT (105.8292196 21.0008572)
10130533963,2099,21.006131,105.8309299,2,,,,POINT (105.8309299 21.006131)
10130533964,2100,21.0060934,105.8309459,2,,,,POINT (105.8309459 21.0060934)
10130533965,2101,21.0060462,105.8309441,2,,,,POINT (105.8309441 21.0060462)
10130533966,2102,21.0060134,105.8309324,2,,,,POINT (105.8309324 21.0060134)
10130533967,2103,21.0054769,105.8307258,2,,,,POINT (105.8307258 21.0054769)
10130533968,2104,21.0053,105.8306726,2,,,,POINT (105.8306726 21.0053)
10130533969,2105,21.0051189,105.8306085,2,,,,POINT (105.8306085 21.0051189)
10130533970,2106,21.0048747,105.8305255,2,,,,POINT (105.8305255 21.0048747)
10130533971,2107,21.0044864,105.8303893,2,,,,POINT (105.8303893 21.0044864)
10130533972,2108,21.0040038,105.8302143,2,,,,POINT (105.8302143 21.0040038)
10130533973,2109,21.0035717,105.8300735,2,,,,POINT (105.8300735 21.0035717)
10130533974,2110,21.0032508,105.8299824,2,,,,POINT (105.8299824 21.0032508)
10130533975,2111,21.0031531,105.8299526,2,,,,POINT (105.8299526 21.0031531)
10130533976,2112,21.0029401,105.8298678,2,,,,POINT (105.8298678 21.0029401)
10130533977,2113,21.0026318,105.829737,2,,,,POINT (105.829737 21.0026318)
10130533978,2114,21.0025636,105.8297126,2,,,,POINT (105.8297126 21.0025636)
10130533979,2115,21.0024962,105.8296937,2,,,,POINT (105.8296937 21.0024962)
10130533980,2116,21.0020995,105.8295376,2,,,,POINT (105.8295376 21.0020995)
10130533981,2117,21.0017601,105.8293888,2,,,,POINT (105.8293888 21.0017601)
10130533982,2118,21.0015495,105.8292949,2,,,,POINT (105.8292949 21.0015495)
10130533983,2119,21.0011258,105.8291154,2,,,,POINT (105.8291154 21.0011258)
10130533984,2120,21.0010778,105.8290865,2,,,,POINT (105.8290865 21.0010778)
10130533985,2121,21.0010475,105.8290468,2,,,,POINT (105.8290468 21.0010475)
10130533986,2122,21.0009717,105.8288502,2,,,,POINT (105.8288502 21.0009717)
10130533987,2123,21.0009683,105.8288159,2,,,,POINT (105.8288159 21.0009683)
10130533988,2124,21.0009936,105.8287435,3,,,,POINT (105.8287435 21.0009936)
10130533989,2125,21.0007672,105.8294327,3,,,,POINT (105.8294327 21.0007672)
10130533990,2126,21.0007887,105.8293689,2,,,,POINT (105.8293689 21.0007887)
10130533991,2127,21.000828,105.8293204,2,,,,POINT (105.8293204 21.000828)
10130533992,2128,21.0008995,105.829272,3,,,,POINT (105.829272 21.0008995)
10130533993,2129,21.0009662,105.8292528,2,,,,POINT (105.8292528 21.0009662)
10130533994,2130,21.0010269,105.8292503,2,,,,POINT (105.8292503 21.0010269)
10130533995,2131,21.0010865,105.8292656,2,,,,POINT (105.8292656 21.0010865)
10130533997,2132,21.0021335,105.829716,2,,,,POINT (105.829716 21.0021335)
10130533998,2133,21.0023419,105.8297951,2,,,,POINT (105.8297951 21.0023419)
10130533999,2134,21.0027957,105.8299635,2,,,,POINT (105.8299635 21.0027957)
10130534000,2135,21.0032352,105.830123,2,,,,POINT (105.830123 21.0032352)
10130534001,2136,21.00367,105.8302608,2,,,,POINT (105.8302608 21.00367)
10130534002,2137,21.0038463,105.8303182,2,,,,POINT (105.8303182 21.0038463)
10130534003,2138,21.0042298,105.8304445,2,,,,POINT (105.8304445 21.0042298)
10130534004,2139,21.0048027,105.8306639,2,,,,POINT (105.8306639 21.0048027)
10130534005,2140,21.0053335,105.8308407,2,,,,POINT (105.8308407 21.0053335)
10130534006,2141,21.0054936,105.8309288,2,,,,POINT (105.8309288 21.0054936)
10130534007,2142,21.0058518,105.8310635,2,,,,POINT (105.8310635 21.0058518)
10130534008,2143,21.0058883,105.8310807,2,,,,POINT (105.8310807 21.0058883)
10130534009,2144,21.00593,105.8311292,2,,,,POINT (105.8311292 21.00593)
10130534010,2145,21.0059651,105.8311917,2,,,,POINT (105.8311917 21.0059651)
10130534011,2146,21.0059848,105.8312446,2,,,,POINT (105.8312446 21.0059848)
10130534012,2147,21.0059949,105.8312938,2,,,,POINT (105.8312938 21.0059949)
10130534013,2148,21.0059961,105.8313301,2,,,,POINT (105.8313301 21.0059961)
10130534014,2149,21.0019048,105.8296162,4,crossing,,,POINT (105.8296162 21.0019048)
10130534015,2150,21.0029135,105.8300029,4,crossing,,,POINT (105.8300029 21.0029135)
10130534016,2151,21.003718,105.8302766,4,crossing,,,POINT (105.8302766 21.003718)
10130548017,2152,21.0041072,105.8304041,4,traffic_signals,,,POINT (105.8304041 21.0041072)
10130548018,2153,21.0044066,105.8305122,4,crossing,,,POINT (105.8305122 21.0044066)
10130548019,2154,21.0046671,105.830612,4,crossing,,,POINT (105.830612 21.0046671)
10130548020,2155,21.0054067,105.8308872,4,crossing,,,POINT (105.8308872 21.0054067)
10130548021,2156,21.0061085,105.8314902,2,,,,POINT (105.8314902 21.0061085)
10130548022,2157,21.0060331,105.8309394,3,,,,POINT (105.8309394 21.0060331)
10130548023,2158,21.0059415,105.8311498,3,,,,POINT (105.8311498 21.0059415)
10130548024,2159,21.0049634,105.8305557,3,,,,POINT (105.8305557 21.0049634)
10130548025,2160,21.0049174,105.830704,3,,,,POINT (105.830704 21.0049174)
10130548026,2161,21.0040655,105.8303131,4,traffic_signals,,,POINT (105.8303131 21.0040655)
10130548027,2162,21.0040855,105.8302439,3,,,,POINT (105.8302439 21.0040855)
10130548028,2163,21.0040451,105.8303836,3,,,,POINT (105.8303836 21.0040451)
10130548029,2164,21.0041804,105.8303531,4,traffic_signals,,,POINT (105.8303531 21.0041804)
10130548030,2165,21.0041978,105.8302842,3,,,,POINT (105.8302842 21.0041978)
10130548031,2166,21.0041629,105.8304225,3,,,,POINT (105.8304225 21.0041629)
10130548032,2167,21.0036934,105.8301132,3,,,,POINT (105.8301132 21.0036934)
10130548033,2168,21.0036574,105.8302568,3,,,,POINT (105.8302568 21.0036574)
10130548035,2169,21.0031313,105.8299439,4,,,,POINT (105.8299439 21.0031313)
10130548036,2170,21.0030956,105.8300723,3,,,,POINT (105.8300723 21.0030956)
10130548037,2171,21.0020871,105.8295322,3,,,,POINT (105.8295322 21.0020871)
10130548038,2172,21.0020401,105.8296739,3,,,,POINT (105.8296739 21.0020401)
10130548039,2173,21.0009998,105.8289231,3,,,,POINT (105.8289231 21.0009998)
10130548040,2174,21.0009167,105.8289678,2,,,,POINT (105.8289678 21.0009167)
10130548041,2175,21.0009588,105.8289451,4,crossing,,,POINT (105.8289451 21.0009588)
10130548042,2176,21.0008523,105.8291643,2,,,,POINT (105.8291643 21.0008523)
10130548043,2177,21.0008736,105.829213,4,crossing,,,POINT (105.829213 21.0008736)
10130548063,2178,21.0019139,105.8259484,2,,,,POINT (105.8259484 21.0019139)
10130548064,2179,21.0017626,105.8260558,2,,,,POINT (105.8260558 21.0017626)
10130548065,2180,21.0013243,105.8278266,2,,,,POINT (105.8278266 21.0013243)
10130548066,2181,21.0014035,105.8275794,2,,,,POINT (105.8275794 21.0014035)
10130548067,2182,21.0014692,105.8273557,2,,,,POINT (105.8273557 21.0014692)
10130548068,2183,21.0015568,105.8270291,2,,,,POINT (105.8270291 21.0015568)
10130548069,2184,21.0016662,105.8266033,2,,,,POINT (105.8266033 21.0016662)
10130548070,2185,21.0017286,105.8263651,2,,,,POINT (105.8263651 21.0017286)
10130548071,2186,21.001796,105.8261668,2,,,,POINT (105.8261668 21.001796)
10130548072,2187,21.0018424,105.8260086,2,,,,POINT (105.8260086 21.0018424)
10130548073,2188,21.0018924,105.8257942,2,,,,POINT (105.8257942 21.0018924)
10130548074,2189,21.002083,105.8250249,2,,,,POINT (105.8250249 21.002083)
10130548075,2190,21.0023629,105.8239047,2,,,,POINT (105.8239047 21.0023629)
10130548076,2191,21.0025976,105.8230192,2,,,,POINT (105.8230192 21.0025976)
10130548080,2192,21.0012864,105.8274575,2,,,,POINT (105.8274575 21.0012864)
10130548083,2193,21.0026698,105.8227112,4,crossing,,,POINT (105.8227112 21.0026698)
10130548084,2194,21.0025214,105.8233232,4,crossing,,,POINT (105.8233232 21.0025214)
10130548085,2195,21.0023542,105.8240016,4,crossing,,,POINT (105.8240016 21.0023542)
10130548086,2196,21.0020453,105.8251769,4,crossing,,,POINT (105.8251769 21.0020453)
10130548087,2197,21.0018808,105.8258442,4,crossing,,,POINT (105.8258442 21.0018808)
10130548088,2198,21.0018697,105.8258914,2,crossing,,,POINT (105.8258914 21.0018697)
10130548089,2199,21.0016887,105.8265176,2,crossing,,,POINT (105.8265176 21.0016887)
10130548090,2200,21.0013092,105.8278686,4,crossing,,,POINT (105.8278686 21.0013092)
10130548091,2201,21.0010673,105.8285392,4,crossing,,,POINT (105.8285392 21.0010673)
10130548092,2202,21.0005906,105.8299171,2,,,,POINT (105.8299171 21.0005906)
10130548093,2203,21.0005356,105.8301006,4,,,,POINT (105.8301006 21.0005356)
10130548094,2204,21.0003798,105.8306533,2,,,,POINT (105.8306533 21.0003798)
10130548095,2205,21.0001058,105.831748,2,,,,POINT (105.831748 21.0001058)
10130548096,2206,20.999758,105.8330839,2,,,,POINT (105.8330839 20.999758)
10130548097,2207,20.9996556,105.8334756,2,,,,POINT (105.8334756 20.9996556)
10130548098,2208,20.9996067,105.8336682,2,,,,POINT (105.8336682 20.9996067)
10130548099,2209,20.9995603,105.8338583,2,,,,POINT (105.8338583 20.9995603)
10130548100,2210,20.9995233,105.8340669,2,,,,POINT (105.8340669 20.9995233)
10130548101,2211,20.9994943,105.8342363,2,,,,POINT (105.8342363 20.9994943)
10130548102,2212,20.999403,105.8349198,2,,,,POINT (105.8349198 20.999403)
10130548103,2213,20.9993435,105.8353588,2,,,,POINT (105.8353588 20.9993435)
10130548104,2214,20.9993347,105.8355118,4,crossing,,,POINT (105.8355118 20.9993347)
10130548105,2215,21.000354,105.8307565,4,crossing,,,POINT (105.8307565 21.000354)
10130548106,2216,21.0000766,105.8318605,4,crossing,,,POINT (105.8318605 21.0000766)
10130548108,2217,20.9995779,105.8337862,4,crossing,,,POINT (105.8337862 20.9995779)
10130548109,2218,20.9994655,105.8344213,4,crossing,,,POINT (105.8344213 20.9994655)
10130548110,2219,20.9992687,105.8359619,4,crossing,,,POINT (105.8359619 20.9992687)
10130548111,2220,20.9992184,105.8364318,2,,,,POINT (105.8364318 20.9992184)
10130548112,2221,20.9991839,105.8366219,2,,,,POINT (105.8366219 20.9991839)
10130548113,2222,20.9991112,105.8369727,2,,,,POINT (105.8369727 20.9991112)
10130548114,2223,20.9989969,105.8373976,2,,,,POINT (105.8373976 20.9989969)
10130548115,2224,20.9989242,105.8376936,2,,,,POINT (105.8376936 20.9989242)
10130548116,2225,20.9988311,105.8380572,2,,,,POINT (105.8380572 20.9988311)
10130548117,2226,20.9988819,105.8378684,2,,,,POINT (105.8378684 20.9988819)
10130548118,2227,20.9989017,105.8377865,4,crossing,,,POINT (105.8377865 20.9989017)
10130548119,2228,20.9985723,105.8390967,2,,,,POINT (105.8390967 20.9985723)
10130548121,2229,20.9987625,105.8383218,4,crossing,,,POINT (105.8383218 20.9987625)
10130548122,2230,20.9987122,105.8385413,4,crossing,,,POINT (105.8385413 20.9987122)
10130548123,2231,20.9984466,105.8395569,2,,,,POINT (105.8395569 20.9984466)
10130548124,2232,20.9984022,105.8397598,2,,,,POINT (105.8397598 20.9984022)
10130548125,2233,20.9985424,105.8391884,4,crossing,,,POINT (105.8391884 20.9985424)
10130569871,2234,21.0124752,105.8323737,3,,,,POINT (105.8323737 21.0124752)
10130569885,2235,21.0125905,105.832664,3,,,,POINT (105.832664 21.0125905)
10130569886,2236,21.0126861,105.8325853,2,,,,POINT (105.8325853 21.0126861)
10130569887,2237,21.0127251,105.8325938,2,,,,POINT (105.8325938 21.0127251)
10130569888,2238,21.0128002,105.8326593,2,,,,POINT (105.8326593 21.0128002)
10130569889,2239,21.0129723,105.8328167,2,,,,POINT (105.8328167 21.0129723)
10130569890,2240,21.0130146,105.8328567,2,,,,POINT (105.8328567 21.0130146)
10130569891,2241,21.0131237,105.8329618,2,,,,POINT (105.8329618 21.0131237)
10130569892,2242,21.0133421,105.8332105,2,,,,POINT (105.8332105 21.0133421)
10130569893,2243,21.0135042,105.8333931,2,,,,POINT (105.8333931 21.0135042)
10130569894,2244,21.0136867,105.8335956,2,,,,POINT (105.8335956 21.0136867)
10130569895,2245,21.0138408,105.8337632,2,,,,POINT (105.8337632 21.0138408)
10130569896,2246,21.013953,105.8338738,2,,,,POINT (105.8338738 21.013953)
10130569897,2247,21.0139879,105.8339103,2,,,,POINT (105.8339103 21.0139879)
10130569898,2248,21.0139838,105.8341021,2,,,,POINT (105.8341021 21.0139838)
10130569900,2249,21.0139542,105.8341588,2,,,,POINT (105.8341588 21.0139542)
10130569901,2250,21.012706,105.8325861,2,,,,POINT (105.8325861 21.012706)
10130569903,2251,21.0126416,105.8326227,3,,,,POINT (105.8326227 21.0126416)
10130569905,2252,21.0140008,105.8339567,2,,,,POINT (105.8339567 21.0140008)
10130569908,2253,21.0084476,105.8363397,4,crossing,,,POINT (105.8363397 21.0084476)
10130569909,2254,21.0089646,105.8369704,4,crossing,,,POINT (105.8369704 21.0089646)
10131967120,2255,20.9995164,105.8341072,3,,,,POINT (105.8341072 20.9995164)
10131967123,2256,20.9994554,105.8340964,4,crossing,,,POINT (105.8340964 20.9994554)
10131967154,2257,20.9994905,105.8335975,2,,,,POINT (105.8335975 20.9994905)
10131967160,2258,21.0107648,105.8252306,2,,,,POINT (105.8252306 21.0107648)
10131967161,2259,21.0102688,105.8250014,2,,,,POINT (105.8250014 21.0102688)
10131967164,2260,21.009028,105.8243765,2,,,,POINT (105.8243765 21.009028)
10131967165,2261,21.0090109,105.8246396,2,,,,POINT (105.8246396 21.0090109)
10131967166,2262,21.0089861,105.824726,2,,,,POINT (105.824726 21.0089861)
10131967167,2263,21.0089657,105.8249499,2,,,,POINT (105.8249499 21.0089657)
10131967168,2264,21.008939,105.8251248,2,,,,POINT (105.8251248 21.008939)
10131967169,2265,21.0088936,105.8252396,2,,,,POINT (105.8252396 21.0088936)
10131967175,2266,21.0087749,105.8257944,2,,,,POINT (105.8257944 21.0087749)
10131967176,2267,21.0084053,105.82663,2,,,,POINT (105.82663 21.0084053)
10131967177,2268,21.0077918,105.827929,2,,,,POINT (105.827929 21.0077918)
10131967178,2269,21.0077819,105.8279598,2,,,,POINT (105.8279598 21.0077819)
10131967179,2270,21.0077813,105.8279968,2,,,,POINT (105.8279968 21.0077813)
10131967180,2271,21.0081256,105.8272151,3,,,,POINT (105.8272151 21.0081256)
10131967181,2272,21.0079793,105.8271506,3,,,,POINT (105.8271506 21.0079793)
10131967184,2273,21.0105635,105.8363181,3,,,,POINT (105.8363181 21.0105635)
10131967185,2274,21.0103912,105.8364738,3,,,,POINT (105.8364738 21.0103912)
10131967186,2275,21.0095825,105.8375938,2,,,,POINT (105.8375938 21.0095825)
10131967187,2276,21.0105302,105.836703,2,,,,POINT (105.836703 21.0105302)
10131967188,2277,21.0105519,105.8366944,2,,,,POINT (105.8366944 21.0105519)
10131967189,2278,21.0105715,105.8366946,2,,,,POINT (105.8366946 21.0105715)
10131967191,2279,21.0095822,105.8376109,2,,,,POINT (105.8376109 21.0095822)
10131967192,2280,21.0095845,105.8376273,3,,,,POINT (105.8376273 21.0095845)
10131967193,2281,21.009753,105.837834,3,,,,POINT (105.837834 21.009753)
10131967194,2282,21.0097691,105.8378442,2,,,,POINT (105.8378442 21.0097691)
10131967195,2283,21.0097907,105.8378447,2,,,,POINT (105.8378447 21.0097907)
10131967196,2284,21.0101009,105.8370929,2,,,,POINT (105.8370929 21.0101009)
10131967197,2285,21.0090024,105.8369541,2,,,,POINT (105.8369541 21.0090024)
10131967198,2286,21.0093179,105.8373372,2,,,,POINT (105.8373372 21.0093179)
10131967199,2287,21.0094411,105.8374863,3,,,,POINT (105.8374863 21.0094411)
10131967200,2288,21.0094631,105.8375035,2,,,,POINT (105.8375035 21.0094631)
10131967201,2289,21.0094861,105.837497,2,,,,POINT (105.837497 21.0094861)
10131967202,2290,21.0095472,105.8374434,2,,,,POINT (105.8374434 21.0095472)
10131967203,2291,21.0100089,105.8370078,2,,,,POINT (105.8370078 21.0100089)
10131967204,2292,21.0103174,105.8367047,3,,,,POINT (105.8367047 21.0103174)
10131967205,2293,21.0103836,105.8366262,2,,,,POINT (105.8366262 21.0103836)
10131967206,2294,21.0103887,105.8365942,2,,,,POINT (105.8365942 21.0103887)
10131967207,2295,21.0103933,105.8364904,2,,,,POINT (105.8364904 21.0103933)
10131967210,2296,21.0101814,105.8368377,4,crossing,,,POINT (105.8368377 21.0101814)
10131967211,2297,21.0098845,105.8371252,4,crossing,,,POINT (105.8371252 21.0098845)
10131967212,2298,21.0096053,105.8373886,4,crossing,,,POINT (105.8373886 21.0096053)
10131967213,2299,21.0104106,105.8368109,3,,,,POINT (105.8368109 21.0104106)
10131967215,2300,21.0095901,105.8375766,3,,,,POINT (105.8375766 21.0095901)
10131967216,2301,21.0095019,105.8374831,3,,,,POINT (105.8374831 21.0095019)
10131967217,2302,21.0088063,105.8367138,2,,,,POINT (105.8367138 21.0088063)
10131967218,2303,21.0084741,105.8363042,2,,,,POINT (105.8363042 21.0084741)
10131967219,2304,21.0080315,105.8357534,2,,,,POINT (105.8357534 21.0080315)
10131967220,2305,21.0077914,105.8354765,2,,,,POINT (105.8354765 21.0077914)
10131967221,2306,21.0074961,105.8351199,2,,,,POINT (105.8351199 21.0074961)
10131967222,2307,21.0073296,105.8349197,2,,,,POINT (105.8349197 21.0073296)
10131967223,2308,21.0073211,105.8348931,2,,,,POINT (105.8348931 21.0073211)
10131967224,2309,21.0073208,105.8348597,3,,,,POINT (105.8348597 21.0073208)
10131967225,2310,21.0077747,105.8354563,4,crossing,,,POINT (105.8354563 21.0077747)
10131967226,2311,21.0078184,105.8355079,4,crossing,,,POINT (105.8355079 21.0078184)
10131967227,2312,21.0084066,105.8362201,4,crossing,,,POINT (105.8362201 21.0084066)
10131967228,2313,21.0089724,105.8369174,4,crossing,,,POINT (105.8369174 21.0089724)
10131967229,2314,21.0072279,105.8349451,3,,,,POINT (105.8349451 21.0072279)
10131967230,2315,21.0072468,105.8349457,2,,,,POINT (105.8349457 21.0072468)
10131967231,2316,21.0072595,105.8349511,2,,,,POINT (105.8349511 21.0072595)
10131967232,2317,21.0072717,105.8349647,2,,,,POINT (105.8349647 21.0072717)
10131967233,2318,21.0078057,105.8356024,2,,,,POINT (105.8356024 21.0078057)
10131967234,2319,21.0080205,105.8358722,2,,,,POINT (105.8358722 21.0080205)
10131967235,2320,21.0084121,105.8363575,2,,,,POINT (105.8363575 21.0084121)
10131967236,2321,21.0088501,105.8368916,2,,,,POINT (105.8368916 21.0088501)
10131967237,2322,21.0090017,105.8370757,2,,,,POINT (105.8370757 21.0090017)
10131967238,2323,21.0093765,105.8375304,2,,,,POINT (105.8375304 21.0093765)
10131967239,2324,21.0078223,105.8356232,4,crossing,,,POINT (105.8356232 21.0078223)
10131967240,2325,21.0073254,105.8348463,2,,,,POINT (105.8348463 21.0073254)
10131967241,2326,21.0072131,105.8349487,2,,,,POINT (105.8349487 21.0072131)
10131967242,2327,21.0084786,105.8363097,3,,,,POINT (105.8363097 21.0084786)
10131967243,2328,21.0084196,105.8363667,3,,,,POINT (105.8363667 21.0084196)
10131967244,2329,21.0089927,105.8369423,3,,,,POINT (105.8369423 21.0089927)
10131967245,2330,21.0089374,105.8369976,3,,,,POINT (105.8369976 21.0089374)
10131967246,2331,21.0093885,105.8375454,2,,,,POINT (105.8375454 21.0093885)
10131967247,2332,21.0093905,105.837562,2,,,,POINT (105.837562 21.0093905)
10131967248,2333,21.009385,105.8375776,2,,,,POINT (105.8375776 21.009385)
10131967249,2334,21.0093778,105.8375996,3,,,,POINT (105.8375996 21.0093778)
10131967250,2335,21.0091098,105.8378633,2,,,,POINT (105.8378633 21.0091098)
10131967251,2336,21.008768,105.8381827,2,,,,POINT (105.8381827 21.008768)
10131967252,2337,21.0085805,105.838374,2,,,,POINT (105.838374 21.0085805)
10131967253,2338,21.0082791,105.8386136,4,crossing,,,POINT (105.8386136 21.0082791)
10131967254,2339,21.0080534,105.8388436,2,,,,POINT (105.8388436 21.0080534)
10131967258,2340,21.0079504,105.8390048,2,,,,POINT (105.8390048 21.0079504)
10131967260,2341,21.0078831,105.8394989,2,,,,POINT (105.8394989 21.0078831)
10131967261,2342,21.0078526,105.8395554,2,,,,POINT (105.8395554 21.0078526)
10131967262,2343,21.0078302,105.8396795,2,,,,POINT (105.8396795 21.0078302)
10131967263,2344,21.0077878,105.8400075,2,,,,POINT (105.8400075 21.0077878)
10131967265,2345,21.0077763,105.8400969,3,,,,POINT (105.8400969 21.0077763)
10131967266,2346,21.0078958,105.8396712,2,,,,POINT (105.8396712 21.0078958)
10131967267,2347,21.0079616,105.8389402,4,crossing,,,POINT (105.8389402 21.0079616)
10131967268,2348,21.0086152,105.8383037,4,crossing,,,POINT (105.8383037 21.0086152)
10131967269,2349,21.009383,105.8375386,3,,,,POINT (105.8375386 21.009383)
10131967270,2350,21.0094168,105.8375082,4,crossing,,,POINT (105.8375082 21.0094168)
10131967271,2351,21.0096751,105.8379342,2,,,,POINT (105.8379342 21.0096751)
10131967272,2352,21.0096858,105.837915,2,,,,POINT (105.837915 21.0096858)
10131967273,2353,21.0096822,105.8378774,2,,,,POINT (105.8378774 21.0096822)
10131967274,2354,21.0095024,105.8376777,2,,,,POINT (105.8376777 21.0095024)
10131967275,2355,21.0094875,105.8376668,2,,,,POINT (105.8376668 21.0094875)
10131967276,2356,21.009469,105.8376694,2,,,,POINT (105.8376694 21.009469)
10131967277,2357,21.0094172,105.8377147,2,,,,POINT (105.8377147 21.0094172)
10131967278,2358,21.0096877,105.8378946,3,,,,POINT (105.8378946 21.0096877)
10131967279,2359,21.0097216,105.8378631,4,crossing,,,POINT (105.8378631 21.0097216)
10131967280,2360,21.0095131,105.8376896,3,,,,POINT (105.8376896 21.0095131)
10131967281,2361,21.0094482,105.8376876,3,,,,POINT (105.8376876 21.0094482)
10131967282,2362,21.0091113,105.8380046,2,,,,POINT (105.8380046 21.0091113)
10131967283,2363,21.0087519,105.8383254,2,,,,POINT (105.8383254 21.0087519)
10131967284,2364,21.0089595,105.8385782,2,,,,POINT (105.8385782 21.0089595)
10131967285,2365,21.0089401,105.8385758,2,,,,POINT (105.8385758 21.0089401)
10131967286,2366,21.0089235,105.8385605,3,,,,POINT (105.8385605 21.0089235)
10131967287,2367,21.0087502,105.8383608,3,,,,POINT (105.8383608 21.0087502)
10131967288,2368,21.0087472,105.8383462,2,,,,POINT (105.8383462 21.0087472)
10131967289,2369,21.0088565,105.8386847,2,,,,POINT (105.8386847 21.0088565)
10131967290,2370,21.0088797,105.8386573,2,,,,POINT (105.8386573 21.0088797)
10131967291,2371,21.008879,105.8386361,2,,,,POINT (105.8386361 21.008879)
10131967292,2372,21.0088733,105.8386178,2,,,,POINT (105.8386178 21.0088733)
10131967293,2373,21.0086934,105.8384145,3,,,,POINT (105.8384145 21.0086934)
10131967294,2374,21.0086768,105.8384054,2,,,,POINT (105.8384054 21.0086768)
10131967295,2375,21.008663,105.8384047,2,,,,POINT (105.8384047 21.008663)
10131967296,2376,21.0083875,105.8386679,2,,,,POINT (105.8386679 21.0083875)
10131967297,2377,21.0081184,105.8389554,2,,,,POINT (105.8389554 21.0081184)
10131967300,2378,21.0080508,105.8391353,2,,,,POINT (105.8391353 21.0080508)
10131967301,2379,21.0080379,105.839156,2,,,,POINT (105.839156 21.0080379)
10131967302,2380,21.0080258,105.8391977,3,,,,POINT (105.8391977 21.0080258)
10131967303,2381,21.0080131,105.8392501,2,,,,POINT (105.8392501 21.0080131)
10131967304,2382,21.007943,105.8397712,2,,,,POINT (105.8397712 21.007943)
10131967306,2383,21.0088661,105.8386096,3,,,,POINT (105.8386096 21.0088661)
10131967307,2384,21.0087105,105.8383959,4,crossing,,,POINT (105.8383959 21.0087105)
10134947983,2385,21.0081174,105.8389903,2,,,,POINT (105.8389903 21.0081174)
10134947984,2386,21.0081258,105.8390174,2,,,,POINT (105.8390174 21.0081258)
10134947985,2387,21.0083322,105.8391653,3,,,,POINT (105.8391653 21.0083322)
10134947986,2388,21.0083524,105.8391708,2,,,,POINT (105.8391708 21.0083524)
10134947987,2389,21.008372,105.8391665,2,,,,POINT (105.8391665 21.008372)
10134947988,2390,21.0083296,105.8392319,2,,,,POINT (105.8392319 21.0083296)
10134947989,2391,21.0083199,105.8392148,2,,,,POINT (105.8392148 21.0083199)
10134947990,2392,21.0081426,105.8390988,3,,,,POINT (105.8390988 21.0081426)
10134947991,2393,21.0081203,105.8390961,2,,,,POINT (105.8390961 21.0081203)
10134947992,2394,21.0080816,105.8391088,2,,,,POINT (105.8391088 21.0080816)
10134947993,2395,21.0080643,105.8391169,2,,,,POINT (105.8391169 21.0080643)
10134947994,2396,21.0081001,105.8391011,2,,,,POINT (105.8391011 21.0081001)
10142619331,2397,21.0105448,105.8342137,1,,,,POINT (105.8342137 21.0105448)
10148897564,2398,21.0090895,105.8298063,2,,,,POINT (105.8298063 21.0090895)
10148897567,2399,21.0110827,105.8368415,3,,,,POINT (105.8368415 21.0110827)
10148897568,2400,21.0108628,105.8369818,2,,,,POINT (105.8369818 21.0108628)
10156114591,2401,21.0045843,105.8259782,2,,,,POINT (105.8259782 21.0045843)
10156114592,2402,21.0045135,105.8261308,3,,,,POINT (105.8261308 21.0045135)
10156114593,2403,21.0042017,105.8259671,2,,,,POINT (105.8259671 21.0042017)
10156114594,2404,21.0041855,105.8260078,2,,,,POINT (105.8260078 21.0041855)
10156114595,2405,21.0041805,105.8260438,2,,,,POINT (105.8260438 21.0041805)
10156114596,2406,21.0041861,105.8260691,1,,,,POINT (105.8260691 21.0041861)
10156272117,2407,21.010618,105.8252264,2,,,,POINT (105.8252264 21.010618)
10156272119,2408,21.0106313,105.8252256,2,,,,POINT (105.8252256 21.0106313)
10156272120,2409,21.0106479,105.825231,2,,,,POINT (105.825231 21.0106479)
10156272121,2410,21.0107874,105.8253044,2,,,,POINT (105.8253044 21.0107874)
10156272123,2411,21.0110493,105.8254663,2,,,,POINT (105.8254663 21.0110493)
10156272124,2412,21.0112908,105.8256264,2,,,,POINT (105.8256264 21.0112908)
10156272125,2413,21.0116314,105.8258525,2,,,,POINT (105.8258525 21.0116314)
10156272126,2414,21.0117469,105.8259276,2,,,,POINT (105.8259276 21.0117469)
10156272127,2415,21.0119983,105.8260869,2,,,,POINT (105.8260869 21.0119983)
10156272128,2416,21.0122348,105.826234,2,,,,POINT (105.826234 21.0122348)
10156272129,2417,21.0124232,105.8263478,2,,,,POINT (105.8263478 21.0124232)
10156272130,2418,21.0126208,105.8264707,2,,,,POINT (105.8264707 21.0126208)
10156272131,2419,21.0128772,105.8266217,2,,,,POINT (105.8266217 21.0128772)
10156272132,2420,21.0131923,105.8268137,2,,,,POINT (105.8268137 21.0131923)
10156272133,2421,21.0133616,105.826913,2,,,,POINT (105.826913 21.0133616)
10156272134,2422,21.0133757,105.8269282,2,,,,POINT (105.8269282 21.0133757)
10156272135,2423,21.0133779,105.8269487,2,,,,POINT (105.8269487 21.0133779)
10156272136,2424,21.0133729,105.8269752,1,,,,POINT (105.8269752 21.0133729)
10156272137,2425,21.0133471,105.8269045,3,,,,POINT (105.8269045 21.0133471)
10156272139,2426,21.0108606,105.8253496,4,crossing,,,POINT (105.8253496 21.0108606)
10156272140,2427,21.0110096,105.8254418,4,crossing,,,POINT (105.8254418 21.0110096)
10156272141,2428,21.0113235,105.8256481,4,crossing,,,POINT (105.8256481 21.0113235)
10156272142,2429,21.0124777,105.8263824,4,crossing,,,POINT (105.8263824 21.0124777)
10156272143,2430,21.0126876,105.8265101,4,crossing,,,POINT (105.8265101 21.0126876)
10156272144,2431,21.0128179,105.8265868,4,crossing,,,POINT (105.8265868 21.0128179)
10156272145,2432,21.0130488,105.8267263,4,crossing,,,POINT (105.8267263 21.0130488)
10161188256,2433,21.0107026,105.8309079,3,,,,POINT (105.8309079 21.0107026)
10161188257,2434,21.0106903,105.8308714,4,crossing,,,POINT (105.8308714 21.0106903)
10161188258,2435,21.0082432,105.8321372,3,,,,POINT (105.8321372 21.0082432)
10161188259,2436,21.0081941,105.8320718,3,,,,POINT (105.8320718 21.0081941)
10161188260,2437,21.0089878,105.8308969,1,,,,POINT (105.8308969 21.0089878)
10161188261,2438,21.0088724,105.8309427,2,,,,POINT (105.8309427 21.0088724)
10161188262,2439,21.0088479,105.8309653,2,,,,POINT (105.8309653 21.0088479)
10161188263,2440,21.0088083,105.8310124,3,,,,POINT (105.8310124 21.0088083)
10170632766,2441,20.9984455,105.8410873,2,,,,POINT (105.8410873 20.9984455)
10170632767,2442,20.9981542,105.8410873,2,,,,POINT (105.8410873 20.9981542)
10170632768,2443,20.9985001,105.8410878,4,crossing,,,POINT (105.8410878 20.9985001)
10170912422,2444,21.0020498,105.8275105,2,,,,POINT (105.8275105 21.0020498)
10170912425,2445,21.002105,105.8275303,2,,,,POINT (105.8275303 21.002105)
10170912428,2446,21.0021988,105.8275398,2,,,,POINT (105.8275398 21.0021988)
10170912429,2447,21.0024135,105.8275769,1,,,,POINT (105.8275769 21.0024135)
10260860318,2448,21.0059056,105.8336478,2,,,,POINT (105.8336478 21.0059056)
10260860319,2449,21.005907,105.8337903,2,,,,POINT (105.8337903 21.005907)
10275167312,2450,21.0015136,105.8271902,3,,,,POINT (105.8271902 21.0015136)
10302024032,2451,21.010101,105.8349681,3,,,,POINT (105.8349681 21.010101)
10302024033,2452,21.0102902,105.8351989,2,,,,POINT (105.8351989 21.0102902)
10302024034,2453,21.0099249,105.8351341,3,,,,POINT (105.8351341 21.0099249)
10302024035,2454,21.0103966,105.8356802,3,,,,POINT (105.8356802 21.0103966)
10311234769,2455,21.0089849,105.824469,2,,,,POINT (105.824469 21.0089849)
10584178767,2456,21.0054749,105.8227505,2,,,,POINT (105.8227505 21.0054749)
10595407029,2457,21.0104496,105.8313746,2,,,,POINT (105.8313746 21.0104496)
10595829141,2458,21.0080686,105.831758,2,,,,POINT (105.831758 21.0080686)
10595829142,2459,21.0080936,105.8317254,3,,,,POINT (105.8317254 21.0080936)
10595829143,2460,21.0082158,105.8315998,1,,,,POINT (105.8315998 21.0082158)
10595871524,2461,21.0067224,105.8366571,2,,,,POINT (105.8366571 21.0067224)
10595871525,2462,21.0066904,105.8366149,2,,,,POINT (105.8366149 21.0066904)
10603493944,2463,21.0008221,105.8375687,3,,,,POINT (105.8375687 21.0008221)
10612035876,2464,21.0001463,105.8315863,3,,,,POINT (105.8315863 21.0001463)
10612035878,2465,21.0000884,105.8315687,4,crossing,,,POINT (105.8315687 21.0000884)
10612035879,2466,20.9993491,105.8346866,2,,,,POINT (105.8346866 20.9993491)
10612035880,2467,20.999329,105.834818,2,,,,POINT (105.834818 20.999329)
10613850587,2468,20.9998365,105.8325183,2,,,,POINT (105.8325183 20.9998365)
10653447485,2469,21.0031408,105.8210323,2,,,,POINT (105.8210323 21.0031408)
10685723750,2470,21.007879,105.8333343,3,,,,POINT (105.8333343 21.007879)
10687490646,2471,21.0056692,105.8228262,2,,,,POINT (105.8228262 21.0056692)
10720493008,2472,21.004223,105.8334868,2,,,,POINT (105.8334868 21.004223)
10720493009,2473,21.0042719,105.8335389,1,,,,POINT (105.8335389 21.0042719)
10744578953,2474,20.9978418,105.8411346,2,,,,POINT (105.8411346 20.9978418)
10845020964,2475,21.0052689,105.836354,2,,,,POINT (105.836354 21.0052689)
10845020965,2476,21.0053584,105.8364547,2,,,,POINT (105.8364547 21.0053584)
10845715981,2477,21.0094081,105.8299118,2,,,,POINT (105.8299118 21.0094081)
10845715982,2478,21.0089065,105.8297661,2,,,,POINT (105.8297661 21.0089065)
10883105380,2479,21.0039688,105.8227822,3,,,,POINT (105.8227822 21.0039688)
10883105381,2480,21.0040543,105.8226089,1,,,,POINT (105.8226089 21.0040543)
10889239013,2481,21.0033855,105.8221266,2,,,,POINT (105.8221266 21.0033855)
10889239015,2482,21.0040149,105.8229927,2,,,,POINT (105.8229927 21.0040149)
10907724753,2483,21.0029391,105.8221761,2,,,,POINT (105.8221761 21.0029391)
10907724754,2484,21.0030102,105.8222099,3,,,,POINT (105.8222099 21.0030102)
10907724755,2485,21.0030815,105.8220118,1,,,,POINT (105.8220118 21.0030815)
10907724756,2486,21.0036434,105.8222912,1,,,,POINT (105.8222912 21.0036434)
10907724757,2487,21.0033464,105.8222201,2,,,,POINT (105.8222201 21.0033464)
10910524083,2488,21.0027527,105.8220838,4,,,,POINT (105.8220838 21.0027527)
10910524084,2489,21.0027129,105.8220683,4,,,,POINT (105.8220683 21.0027129)
10918088323,2490,21.0016971,105.8382994,2,,,,POINT (105.8382994 21.0016971)
10918088324,2491,21.0020635,105.8381048,2,,,,POINT (105.8381048 21.0020635)
10918088325,2492,21.002029,105.8380661,2,,,,POINT (105.8380661 21.002029)
10918088326,2493,21.0020092,105.837664,2,,,,POINT (105.837664 21.0020092)
10918088327,2494,21.0020952,105.8374893,2,,,,POINT (105.8374893 21.0020952)
10918088328,2495,21.0023233,105.8371267,1,,,,POINT (105.8371267 21.0023233)
10921165684,2496,21.0035108,105.8258087,2,,,,POINT (105.8258087 21.0035108)
10936162711,2497,21.0091565,105.8243959,2,,,,POINT (105.8243959 21.0091565)
10939070427,2498,21.0050873,105.836401,1,,,,POINT (105.836401 21.0050873)
10939079284,2499,21.0084971,105.8284741,2,,,,POINT (105.8284741 21.0084971)
10939079285,2500,21.0085265,105.8284074,2,,,,POINT (105.8284074 21.0085265)
10941195745,2501,21.0084995,105.828394,3,,,,POINT (105.828394 21.0084995)
10941195746,2502,21.0082579,105.8289069,3,,,,POINT (105.8289069 21.0082579)
10941195747,2503,21.0082516,105.8290275,2,,,,POINT (105.8290275 21.0082516)
10941195748,2504,21.0081798,105.8292268,1,,,,POINT (105.8292268 21.0081798)
10941195749,2505,21.0082319,105.8290888,2,,,,POINT (105.8290888 21.0082319)
10941195751,2506,21.0084704,105.8284618,4,,,,POINT (105.8284618 21.0084704)
10941195752,2507,21.0082941,105.8289272,2,,,,POINT (105.8289272 21.0082941)
10973278407,2508,21.0019102,105.8262015,3,,,,POINT (105.8262015 21.0019102)
10973278408,2509,21.0017167,105.8261838,3,,,,POINT (105.8261838 21.0017167)
10973278409,2510,21.001788,105.8261903,4,crossing,,,POINT (105.8261903 21.001788)
10973298139,2511,21.0019207,105.8258514,3,,,,POINT (105.8258514 21.0019207)
10976066920,2512,21.0021236,105.8381349,2,,,,POINT (105.8381349 21.0021236)
10976066921,2513,21.002136,105.8382009,3,,,,POINT (105.8382009 21.002136)
10979735803,2514,21.0126495,105.832467,2,,,,POINT (105.832467 21.0126495)
10997015881,2515,21.0047797,105.8284907,2,,,,POINT (105.8284907 21.0047797)
10997015882,2516,21.0047069,105.8286036,2,,,,POINT (105.8286036 21.0047069)
10997015883,2517,21.0046912,105.8286143,2,,,,POINT (105.8286143 21.0046912)
10997015884,2518,21.0046789,105.8286501,2,,,,POINT (105.8286501 21.0046789)
10997015885,2519,21.0046694,105.8286773,2,,,,POINT (105.8286773 21.0046694)
10997015886,2520,21.0046644,105.8286921,2,,,,POINT (105.8286921 21.0046644)
10997015887,2521,21.0046513,105.8286983,2,,,,POINT (105.8286983 21.0046513)
10997015888,2522,21.0046367,105.8286929,2,,,,POINT (105.8286929 21.0046367)
10997015889,2523,21.0045113,105.8286385,3,,,,POINT (105.8286385 21.0045113)
10997015890,2524,21.0046581,105.8286967,2,,,,POINT (105.8286967 21.0046581)
10997015891,2525,21.0046991,105.8286067,2,,,,POINT (105.8286067 21.0046991)
10997015892,2526,21.0047227,105.8286005,2,,,,POINT (105.8286005 21.0047227)
10997015893,2527,21.0052368,105.8287399,2,,,,POINT (105.8287399 21.0052368)
10997015894,2528,21.0052875,105.8287671,1,,,,POINT (105.8287671 21.0052875)
11014094276,2529,21.0078656,105.8331555,2,,,,POINT (105.8331555 21.0078656)
11014094277,2530,21.0069215,105.8318575,2,,,,POINT (105.8318575 21.0069215)
11014094278,2531,21.0069906,105.8319376,2,,,,POINT (105.8319376 21.0069906)
11014094279,2532,21.0070168,105.8319581,2,,,,POINT (105.8319581 21.0070168)
11014094280,2533,21.007046,105.8319852,2,,,,POINT (105.8319852 21.007046)
11014094281,2534,21.0064491,105.8312208,2,,,,POINT (105.8312208 21.0064491)
11014094282,2535,21.0063919,105.8305939,2,,,,POINT (105.8305939 21.0063919)
11014094283,2536,21.0063275,105.830825,2,,,,POINT (105.830825 21.0063275)
11014094285,2537,21.0069909,105.8297287,2,,,,POINT (105.8297287 21.0069909)
11014094286,2538,21.00634,105.8309707,2,,,,POINT (105.8309707 21.00634)
11014094287,2539,21.0063522,105.8307843,3,,,,POINT (105.8307843 21.0063522)
11014094288,2540,21.0064788,105.8308437,3,,,,POINT (105.8308437 21.0064788)
11016142970,2541,21.0063899,105.831516,2,,,,POINT (105.831516 21.0063899)
11016142971,2542,21.0064356,105.8315728,2,,,,POINT (105.8315728 21.0064356)
11017849772,2543,21.0064526,105.8308977,2,,,,POINT (105.8308977 21.0064526)
11017849773,2544,21.0064165,105.830667,2,,,,POINT (105.830667 21.0064165)
11018964477,2545,21.0062842,105.8311872,2,,,,POINT (105.8311872 21.0062842)
11025311223,2546,21.0042169,105.827375,1,,,,POINT (105.827375 21.0042169)
11025311224,2547,21.0041523,105.8275962,1,,,,POINT (105.8275962 21.0041523)
11025311225,2548,21.0036389,105.8273757,2,,,,POINT (105.8273757 21.0036389)
11025311226,2549,21.0037314,105.8273524,1,,,,POINT (105.8273524 21.0037314)
11025311227,2550,21.0038413,105.8274541,3,,,,POINT (105.8274541 21.0038413)
11025311228,2551,21.003817,105.8273251,2,,,,POINT (105.8273251 21.003817)
11025311229,2552,21.0039643,105.8272917,2,,,,POINT (105.8272917 21.0039643)
11025311230,2553,21.0040002,105.8275308,3,,,,POINT (105.8275308 21.0040002)
11025311231,2554,21.0040208,105.8276201,1,,,,POINT (105.8276201 21.0040208)
11025311232,2555,21.0034551,105.8278496,1,,,,POINT (105.8278496 21.0034551)
11027601840,2556,21.003587,105.8273638,2,,,,POINT (105.8273638 21.003587)
11027601841,2557,21.0035629,105.827249,2,,,,POINT (105.827249 21.0035629)
11027601842,2558,21.0035529,105.8271353,2,,,,POINT (105.8271353 21.0035529)
11027601843,2559,21.0035489,105.8270012,2,,,,POINT (105.8270012 21.0035489)
11027601844,2560,21.0037692,105.8269615,2,,,,POINT (105.8269615 21.0037692)
11027601845,2561,21.0038373,105.8269347,2,,,,POINT (105.8269347 21.0038373)
11027601846,2562,21.0038744,105.8271149,1,,,,POINT (105.8271149 21.0038744)
11038644861,2563,21.0020461,105.834724,1,,,,POINT (105.834724 21.0020461)
11072885804,2564,21.0002929,105.8408843,3,,,,POINT (105.8408843 21.0002929)
11072898505,2565,21.0003051,105.840664,1,,,,POINT (105.840664 21.0003051)
11072898506,2566,21.0004453,105.8406774,1,,,,POINT (105.8406774 21.0004453)
11072898507,2567,21.000435,105.840968,3,,,,POINT (105.840968 21.000435)
11072898598,2568,20.9999818,105.8412693,2,,,,POINT (105.8412693 20.9999818)
11072898682,2569,21.0027171,105.8404853,2,,,,POINT (105.8404853 21.0027171)
11072898683,2570,21.002687,105.8405095,2,,,,POINT (105.8405095 21.002687)
11072898684,2571,21.0024541,105.8405068,2,,,,POINT (105.8405068 21.0024541)
11072898685,2572,21.0023965,105.8405175,2,,,,POINT (105.8405175 21.0023965)
11072898686,2573,21.002354,105.8405497,2,,,,POINT (105.8405497 21.002354)
11072898687,2574,21.0023064,105.8405685,2,,,,POINT (105.8405685 21.0023064)
11072898688,2575,21.002076,105.8405739,2,,,,POINT (105.8405739 21.002076)
11072898689,2576,21.002054,105.8392388,3,,,,POINT (105.8392388 21.002054)
11072915207,2577,21.0024325,105.8391228,3,,,,POINT (105.8391228 21.0024325)
11072915208,2578,21.0021361,105.8391228,2,,,,POINT (105.8391228 21.0021361)
11072915209,2579,21.0020936,105.8391416,2,,,,POINT (105.8391416 21.0020936)
11072915210,2580,21.002066,105.8391711,2,,,,POINT (105.8391711 21.002066)
11072915211,2581,21.0009567,105.8383551,3,,,,POINT (105.8383551 21.0009567)
11072915212,2582,21.000973,105.8388559,2,,,,POINT (105.8388559 21.000973)
11072915213,2583,21.0009905,105.8390302,3,,,,POINT (105.8390302 21.0009905)
11072915214,2584,21.0009561,105.8384201,3,,,,POINT (105.8384201 21.0009561)
11072915215,2585,21.0007739,105.8384173,3,,,,POINT (105.8384173 21.0007739)
11072915216,2586,21.0008316,105.8384182,3,,,,POINT (105.8384182 21.0008316)
11072915217,2587,21.000814,105.838986,2,,,,POINT (105.838986 21.000814)
11072915218,2588,21.0008215,105.8390101,2,,,,POINT (105.8390101 21.0008215)
11072915219,2589,21.0008516,105.8390235,2,,,,POINT (105.8390235 21.0008516)
11072915220,2590,21.0008215,105.8387429,4,,,,POINT (105.8387429 21.0008215)
11072915221,2591,21.0009683,105.83883,3,,,,POINT (105.83883 21.0009683)
11072915222,2592,21.0013646,105.8388331,3,,,,POINT (105.8388331 21.0013646)
11072915223,2593,21.0009943,105.8391308,2,,,,POINT (105.8391308 21.0009943)
11072915224,2594,21.0010143,105.839163,2,,,,POINT (105.839163 21.0010143)
11072915225,2595,21.0010444,105.8391791,2,,,,POINT (105.8391791 21.0010444)
11072915226,2596,21.001107,105.8391979,3,,,,POINT (105.8391979 21.001107)
11072915227,2597,21.001127,105.8392408,2,,,,POINT (105.8392408 21.001127)
11072915228,2598,21.0011345,105.8395895,1,,,,POINT (105.8395895 21.0011345)
11072915229,2599,21.0011621,105.8388315,3,,,,POINT (105.8388315 21.0011621)
11072915230,2600,21.001152,105.8391147,2,,,,POINT (105.8391147 21.001152)
11072915231,2601,21.0012797,105.8388324,3,,,,POINT (105.8388324 21.0012797)
11072915232,2602,21.0012774,105.8395692,2,,,,POINT (105.8395692 21.0012774)
11072915242,2603,21.0009275,105.8400994,2,,,,POINT (105.8400994 21.0009275)
11072915243,2604,21.0010226,105.8401051,2,,,,POINT (105.8401051 21.0010226)
11072915244,2605,21.0011388,105.8400655,2,,,,POINT (105.8400655 21.0011388)
11072915245,2606,21.001284,105.8400146,2,,,,POINT (105.8400146 21.001284)
11072915246,2607,21.0013104,105.8399863,2,,,,POINT (105.8399863 21.0013104)
11072915247,2608,21.0013315,105.8399495,2,,,,POINT (105.8399495 21.0013315)
11072915248,2609,21.0013289,105.8396384,2,,,,POINT (105.8396384 21.0013289)
11072915249,2610,21.0013091,105.839592,2,,,,POINT (105.839592 21.0013091)
11072915250,2611,21.000814,105.8404134,2,,,,POINT (105.8404134 21.000814)
11072915251,2612,21.0006978,105.8404105,2,,,,POINT (105.8404105 21.0006978)
11072915252,2613,21.0006529,105.8404332,2,,,,POINT (105.8404332 21.0006529)
11079945979,2614,20.9996456,105.8335151,4,,,,POINT (105.8335151 20.9996456)
11083505897,2615,21.0060986,105.8397447,2,,,,POINT (105.8397447 21.0060986)
11124198252,2616,21.0025939,105.8344734,2,,,,POINT (105.8344734 21.0025939)
11124198254,2617,21.0025836,105.8350287,1,,,,POINT (105.8350287 21.0025836)
11124198256,2618,21.0023218,105.8346453,2,,,,POINT (105.8346453 21.0023218)
11124198257,2619,21.0022656,105.8341434,2,,,,POINT (105.8341434 21.0022656)
11124198258,2620,21.002251,105.8340814,3,,,,POINT (105.8340814 21.002251)
11124198259,2621,21.0022915,105.8342534,3,,,,POINT (105.8342534 21.0022915)
11124198260,2622,21.0023581,105.8346133,2,,,,POINT (105.8346133 21.0023581)
11124198261,2623,21.002341,105.8346325,2,,,,POINT (105.8346325 21.002341)
11124198262,2624,21.0022028,105.8347015,3,,,,POINT (105.8347015 21.0022028)
11124198263,2625,21.0022623,105.8352039,1,,,,POINT (105.8352039 21.0022623)
11124198264,2626,21.0022481,105.8350692,3,,,,POINT (105.8350692 21.0022481)
11124198265,2627,21.0023555,105.834861,1,,,,POINT (105.834861 21.0023555)
11124198266,2628,21.0022466,105.8345876,2,,,,POINT (105.8345876 21.0022466)
11124198267,2629,21.0022077,105.8345768,2,,,,POINT (105.8345768 21.0022077)
11124198268,2630,21.0021823,105.8345579,2,,,,POINT (105.8345579 21.0021823)
11124198269,2631,21.0018044,105.8346399,1,,,,POINT (105.8346399 21.0018044)
11124198270,2632,21.0023069,105.8343154,2,,,,POINT (105.8343154 21.0023069)
11124198272,2633,21.0022502,105.8340442,2,,,,POINT (105.8340442 21.0022502)
11124198273,2634,21.0022079,105.8342748,1,,,,POINT (105.8342748 21.0022079)
11124198274,2635,21.0021961,105.8340906,2,,,,POINT (105.8340906 21.0021961)
11124198275,2636,21.0021615,105.8341014,2,,,,POINT (105.8341014 21.0021615)
11124198276,2637,21.0021112,105.8341188,1,,,,POINT (105.8341188 21.0021112)
11124198280,2638,21.0021576,105.8339937,1,,,,POINT (105.8339937 21.0021576)
11124198281,2639,21.0022655,105.8338148,1,,,,POINT (105.8338148 21.0022655)
11124198282,2640,21.0023221,105.8340012,3,,,,POINT (105.8340012 21.0023221)
11124198283,2641,21.0024863,105.8339829,2,,,,POINT (105.8339829 21.0024863)
11124198284,2642,21.002516,105.8339891,2,,,,POINT (105.8339891 21.002516)
11124198285,2643,21.0025721,105.8339747,2,,,,POINT (105.8339747 21.0025721)
11124198286,2644,21.0026444,105.8339546,3,,,,POINT (105.8339546 21.0026444)
11124198287,2645,21.0023042,105.833629,1,,,,POINT (105.833629 21.0023042)
11124198288,2646,21.0023874,105.8336617,3,,,,POINT (105.8336617 21.0023874)
11124198291,2647,21.0023412,105.8333185,3,,,,POINT (105.8333185 21.0023412)
11141059759,2648,21.0005043,105.8375937,3,,,,POINT (105.8375937 21.0005043)
11141059763,2649,21.0004167,105.8382431,1,,,,POINT (105.8382431 21.0004167)
11143706136,2650,21.0102927,105.8298856,3,,,,POINT (105.8298856 21.0102927)
11149407857,2651,21.0063998,105.8306978,3,,,,POINT (105.8306978 21.0063998)
11149407858,2652,21.0061385,105.830573,1,,,,POINT (105.830573 21.0061385)
11149407859,2653,21.0063425,105.8306677,4,crossing,,,POINT (105.8306677 21.0063425)
11149802385,2654,21.0037779,105.8302201,3,,,,POINT (105.8302201 21.0037779)
11149802386,2655,21.0039285,105.8295295,1,,,,POINT (105.8295295 21.0039285)
11149802387,2656,21.0037941,105.830146,4,crossing,,,POINT (105.830146 21.0037941)
11149832514,2657,21.003907,105.8302618,3,,,,POINT (105.8302618 21.003907)
11149832515,2658,21.0040665,105.829565,1,,,,POINT (105.829565 21.0040665)
11149832516,2659,21.0039238,105.8301883,4,crossing,,,POINT (105.8301883 21.0039238)
11149866760,2660,21.0043876,105.8264883,2,,,,POINT (105.8264883 21.0043876)
11149866761,2661,21.0045292,105.82656,2,,,,POINT (105.82656 21.0045292)
11149866762,2662,21.0046283,105.8263476,2,,,,POINT (105.8263476 21.0046283)
11149866763,2663,21.0046579,105.8262677,2,,,,POINT (105.8262677 21.0046579)
11149866764,2664,21.0046862,105.8261215,2,,,,POINT (105.8261215 21.0046862)
11149866765,2665,21.0045593,105.8260322,3,,,,POINT (105.8260322 21.0045593)
11149866766,2666,21.0044302,105.8265099,3,,,,POINT (105.8265099 21.0044302)
11149866767,2667,21.0043811,105.8266055,2,,,,POINT (105.8266055 21.0043811)
11149866768,2668,21.0043024,105.8266772,3,,,,POINT (105.8266772 21.0043024)
11155221429,2669,21.0105952,105.8346174,2,,,,POINT (105.8346174 21.0105952)
11155221430,2670,21.0105864,105.8345222,2,,,,POINT (105.8345222 21.0105864)
11155221431,2671,21.0107179,105.8344568,2,,,,POINT (105.8344568 21.0107179)
11173433344,2672,21.0085398,105.8260207,2,,,,POINT (105.8260207 21.0085398)
11173433345,2673,21.0075802,105.8255276,1,,,,POINT (105.8255276 21.0075802)
11173433346,2674,21.0080574,105.8257768,2,,,,POINT (105.8257768 21.0080574)
11173433347,2675,21.0083589,105.8259371,3,,,,POINT (105.8259371 21.0083589)
11173433348,2676,21.0085341,105.8260333,3,,,,POINT (105.8260333 21.0085341)
11173433349,2677,21.0084974,105.8260132,4,,,,POINT (105.8260132 21.0084974)
11173433352,2678,21.0082836,105.8264811,4,crossing,,,POINT (105.8264811 21.0082836)
11173737428,2679,21.0028139,105.8392533,2,,,,POINT (105.8392533 21.0028139)
11187188352,2680,21.0077973,105.8402977,3,,,,POINT (105.8402977 21.0077973)
11187188353,2681,21.0070338,105.8408261,1,,,,POINT (105.8408261 21.0070338)
11200046204,2682,21.0122625,105.8321817,2,,,,POINT (105.8321817 21.0122625)
11200046217,2683,21.0089739,105.8385727,2,,,,POINT (105.8385727 21.0089739)
11201733953,2684,21.0066585,105.8232412,2,,,,POINT (105.8232412 21.0066585)
11201733955,2685,21.0068014,105.8232815,2,,,,POINT (105.8232815 21.0068014)
11201733956,2686,21.0089072,105.8249749,2,,,,POINT (105.8249749 21.0089072)
11201733957,2687,21.007629,105.8242244,4,,,,POINT (105.8242244 21.007629)
11201733958,2688,21.0081796,105.8244995,1,,,,POINT (105.8244995 21.0081796)
11201733959,2689,21.0063872,105.8235877,1,,,,POINT (105.8235877 21.0063872)
11201733960,2690,21.0076572,105.8241692,2,,,,POINT (105.8241692 21.0076572)
11201733961,2691,21.0075644,105.8243712,3,,,,POINT (105.8243712 21.0075644)
11201733962,2692,21.0071048,105.82444,2,,,,POINT (105.82444 21.0071048)
11201733963,2693,21.0077689,105.8247791,2,,,,POINT (105.8247791 21.0077689)
11201733964,2694,21.0079519,105.8243857,3,,,,POINT (105.8243857 21.0079519)
11201733965,2695,21.0072826,105.8240513,3,,,,POINT (105.8240513 21.0072826)
11201733966,2696,21.00748,105.8244061,3,,,,POINT (105.8244061 21.00748)
11201733967,2697,21.0071894,105.8242551,3,,,,POINT (105.8242551 21.0071894)
11201733968,2698,21.0078523,105.8245999,3,,,,POINT (105.8245999 21.0078523)
11201734003,2699,21.0075983,105.8244627,2,,,,POINT (105.8244627 21.0075983)
11201734023,2700,21.0074355,105.8246091,3,,,,POINT (105.8246091 21.0074355)
11201734024,2701,21.0074213,105.824639,2,,,,POINT (105.824639 21.0074213)
11201734025,2702,21.0073548,105.8247869,2,,,,POINT (105.8247869 21.0073548)
11212149479,2703,21.0117004,105.8322017,2,,,,POINT (105.8322017 21.0117004)
11212149480,2704,21.0116988,105.832227,2,,,,POINT (105.832227 21.0116988)
11222152566,2705,21.0076478,105.8410974,2,,,,POINT (105.8410974 21.0076478)
11222152567,2706,21.0075664,105.8410936,2,,,,POINT (105.8410936 21.0075664)
11237930379,2707,21.0115611,105.8365327,3,,,,POINT (105.8365327 21.0115611)
11237930380,2708,21.0114916,105.8363357,2,,,,POINT (105.8363357 21.0114916)
11237930381,2709,21.01144,105.8363944,2,,,,POINT (105.8363944 21.01144)
11237930382,2710,21.0111604,105.8363305,2,,,,POINT (105.8363305 21.0111604)
11237930383,2711,21.0113096,105.8364498,2,,,,POINT (105.8364498 21.0113096)
11237946004,2712,21.0106373,105.8355503,2,,,,POINT (105.8355503 21.0106373)
11242724460,2713,21.011548,105.8360666,1,,,,POINT (105.8360666 21.011548)
11242724461,2714,21.0116017,105.8361452,2,,,,POINT (105.8361452 21.0116017)
11242724462,2715,21.01165,105.8362036,2,,,,POINT (105.8362036 21.01165)
11242724463,2716,21.0117753,105.8363376,3,,,,POINT (105.8363376 21.0117753)
11263823825,2717,21.0089807,105.8321369,2,,,,POINT (105.8321369 21.0089807)
11263823826,2718,21.0089971,105.8322464,2,,,,POINT (105.8322464 21.0089971)
11268395654,2719,21.0088666,105.8357972,3,,,,POINT (105.8357972 21.0088666)
11268395655,2720,21.0093602,105.8364046,3,,,,POINT (105.8364046 21.0093602)
11270821393,2721,21.0044452,105.8410062,2,,,,POINT (105.8410062 21.0044452)
11270821394,2722,21.0043695,105.8410674,2,,,,POINT (105.8410674 21.0043695)
11271416831,2723,21.005523,105.8229195,3,,,,POINT (105.8229195 21.005523)
11271416832,2724,21.0058614,105.8231039,2,,,,POINT (105.8231039 21.0058614)
11271416833,2725,21.0059169,105.8233402,2,,,,POINT (105.8233402 21.0059169)
11271416859,2726,21.0044116,105.8220448,2,,,,POINT (105.8220448 21.0044116)
11275569640,2727,21.0091559,105.8329448,2,,,,POINT (105.8329448 21.0091559)
11278791049,2728,21.0140632,105.8340569,3,,,,POINT (105.8340569 21.0140632)
11278791050,2729,21.0139747,105.8341304,2,,,,POINT (105.8341304 21.0139747)
11278791051,2730,21.0139967,105.8339284,2,,,,POINT (105.8339284 21.0139967)
11278791052,2731,21.0140474,105.8338904,3,,,,POINT (105.8338904 21.0140474)
11278791054,2732,21.0139899,105.8340503,3,,,,POINT (105.8340503 21.0139899)
11278791055,2733,21.0140255,105.8340535,4,crossing,,,POINT (105.8340535 21.0140255)
11291069039,2734,21.0083077,105.8392068,3,,,,POINT (105.8392068 21.0083077)
11291069040,2735,21.0081713,105.83905,3,,,,POINT (105.83905 21.0081713)
11291069041,2736,21.0083204,105.8391853,4,crossing,,,POINT (105.8391853 21.0083204)
11291069042,2737,21.0081551,105.8390776,4,crossing,,,POINT (105.8390776 21.0081551)
11291069043,2738,21.0081427,105.8393559,3,,,,POINT (105.8393559 21.0081427)
11291069044,2739,21.0081637,105.8393584,2,,,,POINT (105.8393584 21.0081637)
11291069045,2740,21.0081843,105.8393532,2,,,,POINT (105.8393532 21.0081843)
11291069046,2741,21.0082021,105.839341,2,,,,POINT (105.839341 21.0082021)
11291069047,2742,21.0081811,105.8392293,3,,,,POINT (105.8392293 21.0081811)
11291069048,2743,21.0081616,105.8392254,2,,,,POINT (105.8392254 21.0081616)
11291069049,2744,21.008142,105.8392282,2,,,,POINT (105.8392282 21.008142)
11291069050,2745,21.0081242,105.8392376,2,,,,POINT (105.8392376 21.0081242)
11291069051,2746,21.008215,105.839323,2,,,,POINT (105.839323 21.008215)
11291069052,2747,21.0082216,105.8393014,2,,,,POINT (105.8393014 21.0082216)
11291069053,2748,21.008221,105.8392788,2,,,,POINT (105.8392788 21.008221)
11291069054,2749,21.0082133,105.8392576,2,,,,POINT (105.8392576 21.0082133)
11291069055,2750,21.0081995,105.8392405,2,,,,POINT (105.8392405 21.0081995)
11291069056,2751,21.00811,105.8392524,2,,,,POINT (105.8392524 21.00811)
11291069057,2752,21.0081009,105.8392713,2,,,,POINT (105.8392713 21.0081009)
11291069058,2753,21.0080979,105.8392923,2,,,,POINT (105.8392923 21.0080979)
11291069059,2754,21.0081012,105.8393133,2,,,,POINT (105.8393133 21.0081012)
11291069060,2755,21.0081105,105.8393321,2,,,,POINT (105.8393321 21.0081105)
11291069061,2756,21.0081248,105.8393468,2,,,,POINT (105.8393468 21.0081248)
11291069062,2757,21.0082279,105.8391546,3,,,,POINT (105.8391546 21.0082279)
11291069063,2758,21.008209,105.8393314,3,,,,POINT (105.8393314 21.008209)
11291069064,2759,21.0082571,105.8393614,3,,,,POINT (105.8393614 21.0082571)
11291069065,2760,21.0080165,105.83975,3,,,,POINT (105.83975 21.0080165)
11291069066,2761,21.008107,105.8392588,3,,,,POINT (105.8392588 21.008107)
11291069067,2762,21.0089986,105.8383332,3,,,,POINT (105.8383332 21.0089986)
11291069068,2763,21.0090188,105.8383504,2,,,,POINT (105.8383504 21.0090188)
11291138569,2764,21.0090431,105.8383595,2,,,,POINT (105.8383595 21.0090431)
11291138570,2765,21.0090689,105.8383595,2,,,,POINT (105.8383595 21.0090689)
11291138571,2766,21.0090933,105.8383504,2,,,,POINT (105.8383504 21.0090933)
11291138572,2767,21.0091196,105.8382306,2,,,,POINT (105.8382306 21.0091196)
11291138573,2768,21.0091021,105.8382112,2,,,,POINT (105.8382112 21.0091021)
11291138574,2769,21.0090797,105.8381989,2,,,,POINT (105.8381989 21.0090797)
11291138575,2770,21.0090548,105.838195,2,,,,POINT (105.838195 21.0090548)
11291138576,2771,21.0090301,105.8381998,2,,,,POINT (105.8381998 21.0090301)
11291138577,2772,21.0091135,105.8383333,2,,,,POINT (105.8383333 21.0091135)
11291138578,2773,21.0091273,105.83831,2,,,,POINT (105.83831 21.0091273)
11291138579,2774,21.0091332,105.8382831,2,,,,POINT (105.8382831 21.0091332)
11291138580,2775,21.0091306,105.8382556,2,,,,POINT (105.8382556 21.0091306)
11291138581,2776,21.0090081,105.8382128,2,,,,POINT (105.8382128 21.0090081)
11291138582,2777,21.0089911,105.8382328,2,,,,POINT (105.8382328 21.0089911)
11291138583,2778,21.0089811,105.8382575,2,,,,POINT (105.8382575 21.0089811)
11291138584,2779,21.008979,105.8382843,2,,,,POINT (105.8382843 21.008979)
11291138585,2780,21.008985,105.8383105,2,,,,POINT (105.8383105 21.008985)
11291138586,2781,21.0088499,105.8384757,3,,,,POINT (105.8384757 21.0088499)
11291138587,2782,21.0091114,105.8382215,3,,,,POINT (105.8382215 21.0091114)
11291138588,2783,21.0092521,105.8380861,1,,,,POINT (105.8380861 21.0092521)
11291138589,2784,21.0091069,105.8383389,3,,,,POINT (105.8383389 21.0091069)
11291138590,2785,21.0091529,105.8383984,3,,,,POINT (105.8383984 21.0091529)
11291138591,2786,21.0089995,105.8382229,3,,,,POINT (105.8382229 21.0089995)
11291138592,2787,21.008944,105.8381539,3,,,,POINT (105.8381539 21.008944)
11303832907,2788,21.0138004,105.8336246,3,,,,POINT (105.8336246 21.0138004)
11335544619,2789,21.0077032,105.8404297,2,,,,POINT (105.8404297 21.0077032)
11335544620,2790,21.0076764,105.8405241,2,,,,POINT (105.8405241 21.0076764)
11335544621,2791,21.0076907,105.8404788,2,,,,POINT (105.8404788 21.0076907)
11347832063,2792,21.0108053,105.8346353,1,,,,POINT (105.8346353 21.0108053)
11377346459,2793,21.0032554,105.8293314,1,,,,POINT (105.8293314 21.0032554)
11377384452,2794,21.0033859,105.8300208,2,,,,POINT (105.8300208 21.0033859)
11377384453,2795,21.003504,105.8294627,1,,,,POINT (105.8294627 21.003504)
11389683709,2796,20.9987546,105.8385492,2,,,,POINT (105.8385492 20.9987546)
11397638660,2797,21.0118017,105.8281014,2,,,,POINT (105.8281014 21.0118017)
11403532573,2798,21.0070065,105.829791,2,,,,POINT (105.829791 21.0070065)
11403532574,2799,21.0066432,105.831492,2,,,,POINT (105.831492 21.0066432)
11403532575,2800,21.0067349,105.8302978,2,,,,POINT (105.8302978 21.0067349)
11403532577,2801,21.0067417,105.8308296,1,,,,POINT (105.8308296 21.0067417)
11403532578,2802,21.0068806,105.8309039,2,,,,POINT (105.8309039 21.0068806)
11403532579,2803,21.0067927,105.8311065,2,,,,POINT (105.8311065 21.0067927)
11403532580,2804,21.0066678,105.8310413,2,,,,POINT (105.8310413 21.0066678)
11403532581,2805,21.0065036,105.8309556,2,,,,POINT (105.8309556 21.0065036)
11403532582,2806,21.0064405,105.8309227,3,,,,POINT (105.8309227 21.0064405)
11403532583,2807,21.0067133,105.831065,3,,,,POINT (105.831065 21.0067133)
11403532584,2808,21.0066391,105.831237,2,,,,POINT (105.831237 21.0066391)
11403532585,2809,21.0064689,105.8313711,3,,,,POINT (105.8313711 21.0064689)
11403532586,2810,21.0065428,105.8313128,2,,,,POINT (105.8313128 21.0065428)
11403532587,2811,21.0064885,105.8309478,4,crossing,,,POINT (105.8309478 21.0064885)
11403532598,2812,21.0065246,105.8313272,4,crossing,,,POINT (105.8313272 21.0065246)
11405072479,2813,21.0019251,105.8297967,2,,,,POINT (105.8297967 21.0019251)
11405072480,2814,21.0019697,105.8295496,3,,,,POINT (105.8295496 21.0019697)
11405072484,2815,21.0026671,105.8313503,2,,,,POINT (105.8313503 21.0026671)
11405072485,2816,21.0026821,105.8313878,2,,,,POINT (105.8313878 21.0026821)
11405072486,2817,21.0027272,105.8314093,2,,,,POINT (105.8314093 21.0027272)
11405072487,2818,21.0029701,105.8314468,1,,,,POINT (105.8314468 21.0029701)
11405072488,2819,21.0027085,105.8310984,3,,,,POINT (105.8310984 21.0027085)
11405072489,2820,21.003253,105.8311867,1,,,,POINT (105.8311867 21.003253)
11405072490,2821,21.0026833,105.8312517,3,,,,POINT (105.8312517 21.0026833)
11405072491,2822,21.0031103,105.8313154,1,,,,POINT (105.8313154 21.0031103)
11425060773,2823,21.0006026,105.8301305,2,,,,POINT (105.8301305 21.0006026)
11425060810,2824,21.0015504,105.8307921,2,,,,POINT (105.8307921 21.0015504)
11425060841,2825,21.0003868,105.8307658,2,,,,POINT (105.8307658 21.0003868)
11425060863,2826,21.0004908,105.8326362,1,,,,POINT (105.8326362 21.0004908)
11425060873,2827,20.9996975,105.83353,2,,,,POINT (105.83353 20.9996975)
11425060874,2828,21.0004121,105.8309625,2,,,,POINT (105.8309625 21.0004121)
11425060875,2829,21.0002561,105.8315825,2,,,,POINT (105.8315825 21.0002561)
11425060876,2830,21.0003894,105.8310529,3,,,,POINT (105.8310529 21.0003894)
11425060877,2831,21.0004288,105.8313809,2,,,,POINT (105.8313809 21.0004288)
11425060878,2832,21.0003669,105.8316183,3,,,,POINT (105.8316183 21.0003669)
11425060879,2833,21.0002851,105.8319222,3,,,,POINT (105.8319222 21.0002851)
11425060880,2834,21.0002528,105.8309178,3,,,,POINT (105.8309178 21.0002528)
11425060881,2835,21.0003694,105.8309505,2,,,,POINT (105.8309505 21.0003694)
11425060882,2836,21.0003096,105.8309337,4,crossing,,,POINT (105.8309337 21.0003096)
11425060883,2837,21.0002958,105.8318825,2,,,,POINT (105.8318825 21.0002958)
11451532705,2838,21.0031637,105.8203673,2,,,,POINT (105.8203673 21.0031637)
11451532709,2839,21.0032545,105.8205392,2,,,,POINT (105.8205392 21.0032545)
11451532710,2840,21.0032054,105.8206422,2,,,,POINT (105.8206422 21.0032054)
11451532711,2841,21.003329,105.8207106,2,,,,POINT (105.8207106 21.003329)
11461785754,2842,21.0031716,105.8209225,2,,,,POINT (105.8209225 21.0031716)
11461785756,2843,21.0029502,105.8212484,3,,,,POINT (105.8212484 21.0029502)
11461785757,2844,21.0035553,105.8210059,3,,,,POINT (105.8210059 21.0035553)
11461785767,2845,21.0054084,105.8227257,2,,,,POINT (105.8227257 21.0054084)
11486224310,2846,21.011569,105.8286494,3,,,,POINT (105.8286494 21.011569)
11508021926,2847,21.0062064,105.8290067,1,,,,POINT (105.8290067 21.0062064)
11508021927,2848,21.0070551,105.8293063,3,,,,POINT (105.8293063 21.0070551)
11521201047,2849,21.0052728,105.8256288,2,,,,POINT (105.8256288 21.0052728)
11527157779,2850,21.0090368,105.8251194,2,,,,POINT (105.8251194 21.0090368)
11527157780,2851,21.0089556,105.8254224,2,,,,POINT (105.8254224 21.0089556)
11561535040,2852,21.0014507,105.8317117,1,,,,POINT (105.8317117 21.0014507)
11562451633,2853,21.0058303,105.8359588,2,,,,POINT (105.8359588 21.0058303)
11603105663,2854,21.0029924,105.8343036,3,,,,POINT (105.8343036 21.0029924)
11603105664,2855,21.0029605,105.8342351,2,,,,POINT (105.8342351 21.0029605)
11603105665,2856,21.0028355,105.8339938,1,,,,POINT (105.8339938 21.0028355)
11603105666,2857,21.0031116,105.8342211,2,,,,POINT (105.8342211 21.0031116)
11603105667,2858,21.0030665,105.8340452,2,,,,POINT (105.8340452 21.0030665)
11603105668,2859,21.0029823,105.8339035,2,,,,POINT (105.8339035 21.0029823)
11603141069,2860,21.0028805,105.8338304,1,,,,POINT (105.8338304 21.0028805)
11640038773,2861,21.0025447,105.8327832,3,,,,POINT (105.8327832 21.0025447)
11640038774,2862,21.0025675,105.8328171,2,,,,POINT (105.8328171 21.0025675)
11640038775,2863,21.0026451,105.8329388,2,,,,POINT (105.8329388 21.0026451)
11640038777,2864,21.0019139,105.8324505,2,,,,POINT (105.8324505 21.0019139)
11640038778,2865,21.0018603,105.8331422,2,,,,POINT (105.8331422 21.0018603)
11655475678,2866,21.0019529,105.8324167,2,,,,POINT (105.8324167 21.0019529)
11655475679,2867,21.0020165,105.8324302,3,,,,POINT (105.8324302 21.0020165)
11655475681,2868,21.0017486,105.8334671,2,,,,POINT (105.8334671 21.0017486)
11655475682,2869,21.0016128,105.8337509,2,,,,POINT (105.8337509 21.0016128)
11655475683,2870,21.0013798,105.8340914,2,,,,POINT (105.8340914 21.0013798)
11655475684,2871,21.0008464,105.8341324,1,,,,POINT (105.8341324 21.0008464)
11726587203,2872,21.0051374,105.8299846,2,,,,POINT (105.8299846 21.0051374)
11726587204,2873,21.0055416,105.8293531,1,,,,POINT (105.8293531 21.0055416)
11726587205,2874,21.0059659,105.8295757,2,,,,POINT (105.8295757 21.0059659)
11726587206,2875,21.0060182,105.8294605,1,,,,POINT (105.8294605 21.0060182)
11726587207,2876,21.0051669,105.8298864,1,,,,POINT (105.8298864 21.0051669)
11733255298,2877,21.0056168,105.8244775,2,,,,POINT (105.8244775 21.0056168)
11834823138,2878,21.0065918,105.8331412,2,,,,POINT (105.8331412 21.0065918)
11834823139,2879,21.0064625,105.834456,2,,,,POINT (105.834456 21.0064625)
11834823140,2880,21.0063511,105.8336048,2,,,,POINT (105.8336048 21.0063511)
11834823141,2881,21.0063299,105.8337184,2,,,,POINT (105.8337184 21.0063299)
11834823142,2882,21.0067737,105.8347919,2,,,,POINT (105.8347919 21.0067737)
11834823143,2883,21.0066524,105.8331479,2,,,,POINT (105.8331479 21.0066524)
11834823144,2884,21.0066662,105.8342032,3,,,,POINT (105.8342032 21.0066662)
11834823146,2885,21.0063346,105.8329944,2,,,,POINT (105.8329944 21.0063346)
11834823147,2886,21.0064692,105.8343956,2,,,,POINT (105.8343956 21.0064692)
11834823150,2887,21.0066868,105.8331603,2,,,,POINT (105.8331603 21.0066868)
11834823151,2888,21.0062682,105.8330926,2,,,,POINT (105.8330926 21.0062682)
11834823152,2889,21.0063929,105.8327292,1,,,,POINT (105.8327292 21.0063929)
11834823154,2890,21.0064614,105.8330406,2,,,,POINT (105.8330406 21.0064614)
11849697337,2891,21.0084432,105.8281463,2,,,,POINT (105.8281463 21.0084432)
11849697338,2892,21.008658,105.8282632,2,,,,POINT (105.8282632 21.008658)
11849697339,2893,21.0087222,105.8282166,2,,,,POINT (105.8282166 21.0087222)
11849697340,2894,21.0087823,105.8280859,2,,,,POINT (105.8280859 21.0087823)
11849697341,2895,21.0110523,105.8277727,3,,,,POINT (105.8277727 21.0110523)
11849697342,2896,21.0110921,105.8278645,2,,,,POINT (105.8278645 21.0110921)
11849697343,2897,21.0110491,105.827978,2,,,,POINT (105.827978 21.0110491)
11849697344,2898,21.0110033,105.8280973,2,,,,POINT (105.8280973 21.0110033)
11849697345,2899,21.0109312,105.8282369,2,,,,POINT (105.8282369 21.0109312)
11849697346,2900,21.0108453,105.8283965,2,,,,POINT (105.8283965 21.0108453)
11849697347,2901,21.0107288,105.8285578,2,,,,POINT (105.8285578 21.0107288)
11849697348,2902,21.010641,105.8287246,1,,,,POINT (105.8287246 21.010641)
11849697349,2903,21.0089269,105.8278164,2,,,,POINT (105.8278164 21.0089269)
11849697350,2904,21.0100123,105.8278109,2,,,,POINT (105.8278109 21.0100123)
11849697351,2905,21.0088089,105.8280363,2,,,,POINT (105.8280363 21.0088089)
11849697352,2906,21.0083098,105.8281484,2,,,,POINT (105.8281484 21.0083098)
11849697353,2907,21.0089993,105.8274709,2,,,,POINT (105.8274709 21.0089993)
11849697354,2908,21.0089231,105.8273798,2,,,,POINT (105.8273798 21.0089231)
11849697355,2909,21.0116114,105.8285744,3,,,,POINT (105.8285744 21.0116114)
11849697356,2910,21.0114389,105.8285737,2,,,,POINT (105.8285737 21.0114389)
11849697357,2911,21.0113597,105.8284942,2,,,,POINT (105.8284942 21.0113597)
11849697358,2912,21.0112344,105.8282023,1,,,,POINT (105.8282023 21.0112344)
11849697359,2913,21.0113994,105.8289661,3,,,,POINT (105.8289661 21.0113994)
11849697360,2914,21.0112362,105.828966,2,,,,POINT (105.828966 21.0112362)
11849697361,2915,21.0111165,105.8288416,2,,,,POINT (105.8288416 21.0111165)
11849697362,2916,21.011028,105.8286363,2,,,,POINT (105.8286363 21.011028)
11849697363,2917,21.0110046,105.8285742,1,,,,POINT (105.8285742 21.0110046)
11849697364,2918,21.0109901,105.8302793,2,,,,POINT (105.8302793 21.0109901)
11849697365,2919,21.0004014,105.8379176,2,,,,POINT (105.8379176 21.0004014)
11849697366,2920,21.0005009,105.8378683,2,,,,POINT (105.8378683 21.0005009)
11849697367,2921,21.0017866,105.8371214,2,,,,POINT (105.8371214 21.0017866)
11849697368,2922,21.0018267,105.8366655,2,,,,POINT (105.8366655 21.0018267)
11849709769,2923,21.001783,105.8372426,2,,,,POINT (105.8372426 21.001783)
11849709770,2924,21.0019639,105.8372684,2,,,,POINT (105.8372684 21.0019639)
11849709771,2925,21.0014556,105.8375453,2,,,,POINT (105.8375453 21.0014556)
11849709772,2926,21.0023888,105.8350499,2,,,,POINT (105.8350499 21.0023888)
11849709773,2927,21.0025248,105.8347035,2,,,,POINT (105.8347035 21.0025248)
11849709774,2928,21.0026577,105.8346685,2,,,,POINT (105.8346685 21.0026577)
11852535237,2929,21.0008397,105.8360168,3,,,,POINT (105.8360168 21.0008397)
11852535239,2930,21.0007349,105.8359836,2,,,,POINT (105.8359836 21.0007349)
11852535240,2931,21.0007314,105.8358683,2,,,,POINT (105.8358683 21.0007314)
11852535241,2932,21.000531,105.8358445,2,,,,POINT (105.8358445 21.000531)
11852535242,2933,21.0002724,105.8358635,2,,,,POINT (105.8358635 21.0002724)
11852535243,2934,21.0001428,105.8359045,3,,,,POINT (105.8359045 21.0001428)
11852535244,2935,21.0000683,105.8357745,1,,,,POINT (105.8357745 21.0000683)
11852535245,2936,21.0010817,105.8362555,3,,,,POINT (105.8362555 21.0010817)
11852535246,2937,21.0010887,105.8365205,1,,,,POINT (105.8365205 21.0010887)
11852535251,2938,21.0006936,105.8358406,3,,,,POINT (105.8358406 21.0006936)
11852535252,2939,21.0006859,105.8356492,1,,,,POINT (105.8356492 21.0006859)
11852535253,2940,20.999599,105.8363542,2,,,,POINT (105.8363542 20.999599)
11852535254,2941,21.0001037,105.8360267,2,,,,POINT (105.8360267 21.0001037)
11852535255,2942,21.0005127,105.8359739,2,,,,POINT (105.8359739 21.0005127)
11852535256,2943,21.0001396,105.8359681,2,,,,POINT (105.8359681 21.0001396)
11852535257,2944,21.0018813,105.8341031,3,,,,POINT (105.8341031 21.0018813)
11852535258,2945,21.0019235,105.8341477,2,,,,POINT (105.8341477 21.0019235)
11852535259,2946,21.0019683,105.8343293,2,,,,POINT (105.8343293 21.0019683)
11852535260,2947,21.0020676,105.8344204,1,,,,POINT (105.8344204 21.0020676)
11861139159,2948,21.0010809,105.8356448,2,,,,POINT (105.8356448 21.0010809)
11861139160,2949,21.0010526,105.835589,2,,,,POINT (105.835589 21.0010526)
11861139161,2950,21.0009254,105.8355943,1,,,,POINT (105.8355943 21.0009254)
11861139162,2951,21.0012232,105.8356345,3,,,,POINT (105.8356345 21.0012232)
11861139163,2952,21.0011855,105.8353641,1,,,,POINT (105.8353641 21.0011855)
11861139164,2953,21.0008828,105.8362513,2,,,,POINT (105.8362513 21.0008828)
11861139165,2954,20.999686,105.8358922,1,,,,POINT (105.8358922 20.999686)
11876052152,2955,21.0036989,105.8218816,3,,,,POINT (105.8218816 21.0036989)
11876052153,2956,21.0033272,105.8216174,2,,,,POINT (105.8216174 21.0033272)
11876087583,2957,21.0033565,105.8300836,3,,,,POINT (105.8300836 21.0033565)
11876087584,2958,21.0033724,105.830017,4,,,,POINT (105.830017 21.0033724)
11893159820,2959,21.0040427,105.8284043,3,,,,POINT (105.8284043 21.0040427)
11893159821,2960,21.0040158,105.8286785,1,,,,POINT (105.8286785 21.0040158)
11893159822,2961,21.0038139,105.8281698,3,,,,POINT (105.8281698 21.0038139)
11893159823,2962,21.0041615,105.8281622,1,,,,POINT (105.8281622 21.0041615)
11893159824,2963,21.0037383,105.8281266,2,,,,POINT (105.8281266 21.0037383)
11893159825,2964,21.0037659,105.8281577,2,,,,POINT (105.8281577 21.0037659)
11917153982,2965,21.0091527,105.8249539,2,,,,POINT (105.8249539 21.0091527)
11917153984,2966,21.0094771,105.8249681,1,,,,POINT (105.8249681 21.0094771)
11917153985,2967,21.0095638,105.8247976,4,,,,POINT (105.8247976 21.0095638)
11917153986,2968,21.0095996,105.8247219,3,,,,POINT (105.8247219 21.0095996)
11917153987,2969,21.0093491,105.8247896,4,crossing,,,POINT (105.8247896 21.0093491)
11919533749,2970,21.0016201,105.8356983,2,,,,POINT (105.8356983 21.0016201)
11927895138,2971,21.0025013,105.8240937,2,,,,POINT (105.8240937 21.0025013)
11927895139,2972,21.0043378,105.8267953,2,,,,POINT (105.8267953 21.0043378)
11950483411,2973,21.008954,105.8250361,2,,,,POINT (105.8250361 21.008954)
11950483412,2974,21.0089408,105.8243268,3,,,,POINT (105.8243268 21.0089408)
11950483413,2975,21.0089724,105.8243063,2,,,,POINT (105.8243063 21.0089724)
11951245603,2976,21.0101329,105.8262413,3,,,,POINT (105.8262413 21.0101329)
11951245611,2977,21.0092885,105.826455,2,,,,POINT (105.826455 21.0092885)
11951245612,2978,21.0092514,105.8264009,2,,,,POINT (105.8264009 21.0092514)
11951245613,2979,21.009265,105.8264327,2,,,,POINT (105.8264327 21.009265)
11951245618,2980,21.0098565,105.8258769,2,,,,POINT (105.8258769 21.0098565)
11951245619,2981,21.0098296,105.8259403,2,,,,POINT (105.8259403 21.0098296)
11951245637,2982,21.0087386,105.8283188,2,,,,POINT (105.8283188 21.0087386)
11951245651,2983,21.0093336,105.8280222,2,,,,POINT (105.8280222 21.0093336)
11951245667,2984,21.0083523,105.8281183,2,,,,POINT (105.8281183 21.0083523)
11958082976,2985,21.0105405,105.8252332,2,,,,POINT (105.8252332 21.0105405)
11958083091,2986,21.0099854,105.8251409,4,,,,POINT (105.8251409 21.0099854)
11958083092,2987,21.0100003,105.825095,2,,,,POINT (105.825095 21.0100003)
11958083093,2988,21.0100009,105.8250459,2,,,,POINT (105.8250459 21.0100009)
11958083094,2989,21.0099873,105.8249991,2,,,,POINT (105.8249991 21.0099873)
11958083095,2990,21.0099607,105.8249592,2,,,,POINT (105.8249592 21.0099607)
11958083096,2991,21.0099238,105.82493,2,,,,POINT (105.82493 21.0099238)
11958083097,2992,21.0098803,105.8249147,2,,,,POINT (105.8249147 21.0098803)
11958083098,2993,21.0098346,105.8249146,2,,,,POINT (105.8249146 21.0098346)
11958083099,2994,21.009791,105.8249297,2,,,,POINT (105.8249297 21.009791)
11958083100,2995,21.0097273,105.8249982,4,,,,POINT (105.8249982 21.0097273)
11958083101,2996,21.0097128,105.8250498,2,,,,POINT (105.8250498 21.0097128)
11958083102,2997,21.0097155,105.8251035,2,,,,POINT (105.8251035 21.0097155)
11958083103,2998,21.009735,105.8251529,2,,,,POINT (105.8251529 21.009735)
11958083104,2999,21.0097691,105.8251923,2,,,,POINT (105.8251923 21.0097691)
11958083105,3000,21.0098136,105.825217,2,,,,POINT (105.825217 21.0098136)
11958083106,3001,21.0098633,105.825224,2,,,,POINT (105.825224 21.0098633)
11958083107,3002,21.0099123,105.8252124,2,,,,POINT (105.8252124 21.0099123)
11958083108,3003,21.0099547,105.8251838,2,,,,POINT (105.8251838 21.0099547)
11958083109,3004,21.009754,105.8249586,2,,,,POINT (105.8249586 21.009754)
11958083110,3005,21.0099501,105.8248412,3,,,,POINT (105.8248412 21.0099501)
11958083111,3006,21.0097281,105.8253456,3,,,,POINT (105.8253456 21.0097281)
11958083112,3007,21.0099261,105.8248957,2,,,,POINT (105.8248957 21.0099261)
11958083113,3008,21.0099127,105.8249261,4,,,,POINT (105.8249261 21.0099127)
11958083114,3009,21.0097718,105.8252461,2,,,,POINT (105.8252461 21.0097718)
11958083115,3010,21.0097904,105.8252041,4,,,,POINT (105.8252041 21.0097904)
11958083116,3011,21.0098972,105.8249599,3,,,,POINT (105.8249599 21.0098972)
11958083117,3012,21.0097599,105.8250162,3,,,,POINT (105.8250162 21.0097599)
11958083118,3013,21.0098056,105.8251694,3,,,,POINT (105.8251694 21.0098056)
11958083119,3014,21.0099458,105.8251188,3,,,,POINT (105.8251188 21.0099458)
11958083120,3015,21.0096751,105.8249694,3,,,,POINT (105.8249694 21.0096751)
11958083121,3016,21.0100484,105.8251737,4,crossing,,,POINT (105.8251737 21.0100484)
11958083122,3017,21.0100051,105.8251509,2,,,,POINT (105.8251509 21.0100051)
11958083123,3018,21.0100243,105.825161,2,,,,POINT (105.825161 21.0100243)
11958083124,3019,21.0106038,105.8252421,2,,,,POINT (105.8252421 21.0106038)
11958083219,3020,21.0100698,105.8251849,2,,,,POINT (105.8251849 21.0100698)
11958083220,3021,21.010325,105.8253558,2,,,,POINT (105.8253558 21.010325)
11958083221,3022,21.0103435,105.8253253,4,,,,POINT (105.8253253 21.0103435)
11958083222,3023,21.0103572,105.8252777,2,,,,POINT (105.8252777 21.0103572)
11958083223,3024,21.0103545,105.8252345,2,,,,POINT (105.8252345 21.0103545)
11958083224,3025,21.0103391,105.8251945,2,,,,POINT (105.8251945 21.0103391)
11958083225,3026,21.0103127,105.8251618,2,,,,POINT (105.8251618 21.0103127)
11958083226,3027,21.0102779,105.8251397,2,,,,POINT (105.8251397 21.0102779)
11958083227,3028,21.0101322,105.8251832,2,,,,POINT (105.8251832 21.0101322)
11958083228,3029,21.0101125,105.8252235,2,,,,POINT (105.8252235 21.0101125)
11958083229,3030,21.0101064,105.8252686,2,,,,POINT (105.8252686 21.0101064)
11958083230,3031,21.0101146,105.8253132,2,,,,POINT (105.8253132 21.0101146)
11958083231,3032,21.0101363,105.8253524,2,,,,POINT (105.8253524 21.0101363)
11958083232,3033,21.0101689,105.8253816,2,,,,POINT (105.8253816 21.0101689)
11958083233,3034,21.0102087,105.8253975,2,,,,POINT (105.8253975 21.0102087)
11958083234,3035,21.0102384,105.8251306,2,,,,POINT (105.8251306 21.0102384)
11958083235,3036,21.0101983,105.8251354,2,,,,POINT (105.8251354 21.0101983)
11958083236,3037,21.0101616,105.8251535,2,,,,POINT (105.8251535 21.0101616)
11958083237,3038,21.0102512,105.8253982,2,,,,POINT (105.8253982 21.0102512)
11958083238,3039,21.0102915,105.8253838,2,,,,POINT (105.8253838 21.0102915)
11958083239,3040,21.0102837,105.8251434,3,,,,POINT (105.8251434 21.0102837)
11958083240,3041,21.0101225,105.8255063,2,,,,POINT (105.8255063 21.0101225)
11958083241,3042,21.0103369,105.8256203,1,,,,POINT (105.8256203 21.0103369)
11958083242,3043,21.0099377,105.8254081,3,,,,POINT (105.8254081 21.0099377)
11958083243,3044,21.0102816,105.8250834,2,,,,POINT (105.8250834 21.0102816)
11958083244,3045,21.0105142,105.8251996,2,,,,POINT (105.8251996 21.0105142)
11958083245,3046,21.0105218,105.8252063,2,,,,POINT (105.8252063 21.0105218)
11958083246,3047,21.0105235,105.825216,2,,,,POINT (105.825216 21.0105235)
11958083247,3048,21.0105172,105.8252338,2,,,,POINT (105.8252338 21.0105172)
11958083248,3049,21.0103791,105.8255567,2,,,,POINT (105.8255567 21.0103791)
11958083249,3050,21.0101527,105.8254382,3,,,,POINT (105.8254382 21.0101527)
11958083250,3051,21.0100125,105.8253628,2,,,,POINT (105.8253628 21.0100125)
11958083251,3052,21.0100065,105.8253532,2,,,,POINT (105.8253532 21.0100065)
11958083252,3053,21.0100078,105.82534,2,,,,POINT (105.82534 21.0100078)
11958083253,3054,21.0101561,105.8250226,1,,,,POINT (105.8250226 21.0101561)
11958083254,3055,21.010091,105.8249868,1,,,,POINT (105.8249868 21.010091)
11958083255,3056,21.0099313,105.8253324,1,,,,POINT (105.8253324 21.0099313)
11958083256,3057,21.0100132,105.8251552,4,,,,POINT (105.8251552 21.0100132)
11958083257,3058,21.0104534,105.8253828,3,,,,POINT (105.8253828 21.0104534)
11958083258,3059,21.0102629,105.8250875,2,,,,POINT (105.8250875 21.0102629)
11958083259,3060,21.0102429,105.8251316,3,,,,POINT (105.8251316 21.0102429)
11958083260,3061,21.0103065,105.8253059,3,,,,POINT (105.8253059 21.0103065)
11958083261,3062,21.0102651,105.8251854,3,,,,POINT (105.8251854 21.0102651)
11958083262,3063,21.0101554,105.8252286,3,,,,POINT (105.8252286 21.0101554)
11958083263,3064,21.0101922,105.8253495,3,,,,POINT (105.8253495 21.0101922)
11958083264,3065,21.0101191,105.8252101,4,,,,POINT (105.8252101 21.0101191)
11958083265,3066,21.0101766,105.8253846,4,,,,POINT (105.8253846 21.0101766)
11958083266,3067,21.0100783,105.8251892,4,,,,POINT (105.8251892 21.0100783)
11958083267,3068,21.0096979,105.824982,2,,,,POINT (105.824982 21.0096979)
11958083268,3069,21.0103197,105.8255256,3,,,,POINT (105.8255256 21.0103197)
11958083269,3070,21.0103946,105.825352,4,,,,POINT (105.825352 21.0103946)
11958083270,3071,21.0103999,105.8253379,2,,,,POINT (105.8253379 21.0103999)
11958083271,3072,21.0104007,105.825292,2,,,,POINT (105.825292 21.0104007)
11958083272,3073,21.0104528,105.8251689,3,,,,POINT (105.8251689 21.0104528)
11958083273,3074,21.0104282,105.825227,3,,,,POINT (105.825227 21.0104282)
11958083274,3075,21.0103557,105.8252539,3,,,,POINT (105.8252539 21.0103557)
11958083275,3076,21.0097218,105.8247669,2,,,,POINT (105.8247669 21.0097218)
11958083276,3077,21.0103044,105.8250947,3,,,,POINT (105.8250947 21.0103044)
11958083277,3078,21.0105955,105.8252597,2,,,,POINT (105.8252597 21.0105955)
11958083278,3079,21.0105207,105.8252237,3,,,,POINT (105.8252237 21.0105207)
11958083279,3080,21.010572,105.825249,4,crossing,,,POINT (105.825249 21.010572)
11964086594,3081,21.0065542,105.8365318,2,,,,POINT (105.8365318 21.0065542)
11964097773,3082,21.0116968,105.8356255,2,,,,POINT (105.8356255 21.0116968)
11964097774,3083,21.0120502,105.8354852,2,,,,POINT (105.8354852 21.0120502)
11964097775,3084,21.011942,105.8346454,2,,,,POINT (105.8346454 21.011942)
11964097776,3085,21.0121396,105.8342336,2,,,,POINT (105.8342336 21.0121396)
11964097777,3086,21.0101229,105.8337037,2,,,,POINT (105.8337037 21.0101229)
11964097778,3087,21.0101526,105.8337348,2,,,,POINT (105.8337348 21.0101526)
11964097828,3088,21.0033965,105.832518,2,,,,POINT (105.832518 21.0033965)
11964097829,3089,21.0036459,105.8329546,2,,,,POINT (105.8329546 21.0036459)
11964106248,3090,21.0017786,105.833879,2,,,,POINT (105.833879 21.0017786)
11964106249,3091,21.0010171,105.8336552,1,,,,POINT (105.8336552 21.0010171)
11964106251,3092,21.0012385,105.8342324,2,,,,POINT (105.8342324 21.0012385)
11964112468,3093,21.0079204,105.8354028,2,,,,POINT (105.8354028 21.0079204)
11968430931,3094,21.0022051,105.8331236,2,,,,POINT (105.8331236 21.0022051)
11969314191,3095,21.0055664,105.8332697,1,,,,POINT (105.8332697 21.0055664)
11969314192,3096,21.0037923,105.8326832,2,,,,POINT (105.8326832 21.0037923)
11969314193,3097,21.002828,105.8278964,2,,,,POINT (105.8278964 21.002828)
11984863787,3098,21.0061491,105.8331189,1,,,,POINT (105.8331189 21.0061491)
11984863788,3099,21.0059677,105.8331152,4,crossing,,,POINT (105.8331152 21.0059677)
11984863804,3100,21.006933,105.8340602,2,,,,POINT (105.8340602 21.006933)
11984863805,3101,21.0070049,105.8340161,3,,,,POINT (105.8340161 21.0070049)
11984863806,3102,21.0068945,105.8340676,2,,,,POINT (105.8340676 21.0068945)
11984863811,3103,21.006504,105.8343536,2,,,,POINT (105.8343536 21.006504)
11993549672,3104,21.0011966,105.8354437,2,,,,POINT (105.8354437 21.0011966)
11993550697,3105,21.0075688,105.8319781,2,,,,POINT (105.8319781 21.0075688)
11993550698,3106,21.0072269,105.8322112,3,crossing,,,POINT (105.8322112 21.0072269)
11993550699,3107,21.0073587,105.8321254,2,,,,POINT (105.8321254 21.0073587)
11993550700,3108,21.0071954,105.8322428,3,,,,POINT (105.8322428 21.0071954)
11993550701,3109,21.0086614,105.8313873,2,,,,POINT (105.8313873 21.0086614)
11993550702,3110,21.0119089,105.8288716,2,,,,POINT (105.8288716 21.0119089)
11993550703,3111,21.0119394,105.8281581,2,,,,POINT (105.8281581 21.0119394)
11993550704,3112,21.0112669,105.8269621,3,,,,POINT (105.8269621 21.0112669)
11993550705,3113,21.0109509,105.8275537,2,,,,POINT (105.8275537 21.0109509)
11993550706,3114,21.0122676,105.8268092,2,,,,POINT (105.8268092 21.0122676)
11993550707,3115,21.0116536,105.8265153,2,,,,POINT (105.8265153 21.0116536)
11993550708,3116,21.0116954,105.8265047,2,,,,POINT (105.8265047 21.0116954)
11993552012,3117,21.0008144,105.8359907,2,,,,POINT (105.8359907 21.0008144)
12016136743,3118,21.0018167,105.8369337,2,,,,POINT (105.8369337 21.0018167)
12016136766,3119,21.0015409,105.8374082,2,,,,POINT (105.8374082 21.0015409)
12069482025,3120,21.0054128,105.824813,1,,,,POINT (105.824813 21.0054128)
12069482026,3121,21.0055456,105.824879,3,,,,POINT (105.824879 21.0055456)
12095404050,3122,21.0131294,105.8346759,2,,,,POINT (105.8346759 21.0131294)
12095404051,3123,21.0131486,105.8346449,2,,,,POINT (105.8346449 21.0131486)
12095404052,3124,21.0132076,105.8344967,1,,,,POINT (105.8344967 21.0132076)
12095419633,3125,21.0128506,105.8348784,2,,,,POINT (105.8348784 21.0128506)
12095419634,3126,21.0128688,105.8348313,2,,,,POINT (105.8348313 21.0128688)
12095419635,3127,21.0129058,105.8347999,2,,,,POINT (105.8347999 21.0129058)
12095419636,3128,21.0129674,105.8348095,2,,,,POINT (105.8348095 21.0129674)
12095419637,3129,21.0130146,105.8347877,2,,,,POINT (105.8347877 21.0130146)
12095419638,3130,21.0130489,105.8347291,2,,,,POINT (105.8347291 21.0130489)
12095419639,3131,21.0130778,105.8346786,2,,,,POINT (105.8346786 21.0130778)
12112266298,3132,21.0024218,105.8253779,3,,,,POINT (105.8253779 21.0024218)
12112266299,3133,21.0025691,105.8253711,1,,,,POINT (105.8253711 21.0025691)
12129049271,3134,21.0029476,105.8234348,2,,,,POINT (105.8234348 21.0029476)
12129049272,3135,21.0031152,105.8235807,2,,,,POINT (105.8235807 21.0031152)
12129306676,3136,21.0031078,105.8243811,2,,,,POINT (105.8243811 21.0031078)
12129452071,3137,21.002047,105.829677,2,,,,POINT (105.829677 21.002047)
12129452072,3138,21.0019479,105.8296346,4,,,,POINT (105.8296346 21.0019479)
12149719870,3139,21.0024955,105.8356,1,,,,POINT (105.8356 21.0024955)
12149719871,3140,21.0026717,105.8355517,1,,,,POINT (105.8355517 21.0026717)
12149719892,3141,21.0030017,105.8351279,2,,,,POINT (105.8351279 21.0030017)
12157367109,3142,21.0015774,105.8338027,3,,,,POINT (105.8338027 21.0015774)
12163138082,3143,21.0060364,105.8328795,2,,,,POINT (105.8328795 21.0060364)
12163138610,3144,21.0063641,105.8326197,2,,,,POINT (105.8326197 21.0063641)
12163138611,3145,21.0063886,105.8345902,2,,,,POINT (105.8345902 21.0063886)
12163138620,3146,21.0059512,105.8332667,2,,,,POINT (105.8332667 21.0059512)
12163138632,3147,21.0052654,105.8334933,2,,,,POINT (105.8334933 21.0052654)
12163138633,3148,21.0037381,105.8359065,2,,,,POINT (105.8359065 21.0037381)
12163138634,3149,21.0069918,105.833442,2,,,,POINT (105.833442 21.0069918)
12163138635,3150,21.0069732,105.8334522,2,,,,POINT (105.8334522 21.0069732)
12163138647,3151,21.0016705,105.8359475,2,,,,POINT (105.8359475 21.0016705)
12178416221,3152,21.0085954,105.8317631,2,,,,POINT (105.8317631 21.0085954)
12178416222,3153,21.0066159,105.8346167,2,,,,POINT (105.8346167 21.0066159)
12178416223,3154,21.0058647,105.8357582,3,,,,POINT (105.8357582 21.0058647)
12178416228,3155,21.0062218,105.8356293,2,,,,POINT (105.8356293 21.0062218)
12178416240,3156,21.0055088,105.835433,3,,,,POINT (105.835433 21.0055088)
12178416241,3157,21.0054751,105.8353086,1,,,,POINT (105.8353086 21.0054751)
12178416242,3158,21.005491,105.8353675,4,crossing,,,POINT (105.8353675 21.005491)
12184246222,3159,21.0045093,105.8274418,2,,,,POINT (105.8274418 21.0045093)
12184246223,3160,21.0067355,105.8289923,2,,,,POINT (105.8289923 21.0067355)
12184246241,3161,21.0069446,105.8286077,3,,,,POINT (105.8286077 21.0069446)
12184246242,3162,21.006847,105.8285567,2,,,,POINT (105.8285567 21.006847)
12184246243,3163,21.0068176,105.828559,2,,,,POINT (105.828559 21.0068176)
12184246244,3164,21.006797,105.8285712,2,,,,POINT (105.8285712 21.006797)
12184246245,3165,21.0067589,105.8286394,1,,,,POINT (105.8286394 21.0067589)
12184246291,3166,21.008114,105.8263884,3,,,,POINT (105.8263884 21.008114)
12184246292,3167,21.0082746,105.826473,2,,,,POINT (105.826473 21.0082746)
12185671521,3168,21.0060968,105.833031,1,,,,POINT (105.833031 21.0060968)
12185671530,3169,21.0075444,105.8317431,2,,,,POINT (105.8317431 21.0075444)
12185671535,3170,21.0077176,105.8315401,2,,,,POINT (105.8315401 21.0077176)
12185671536,3171,21.0076613,105.8314985,2,,,,POINT (105.8314985 21.0076613)
12185671537,3172,21.0073332,105.8313403,1,,,,POINT (105.8313403 21.0073332)
12185671538,3173,21.0078915,105.8314753,2,,,,POINT (105.8314753 21.0078915)
12185671543,3174,21.0080056,105.8306461,1,,,,POINT (105.8306461 21.0080056)
12185671544,3175,21.007809,105.8311208,2,,,,POINT (105.8311208 21.007809)
12185671545,3176,21.0077126,105.8313206,1,,,,POINT (105.8313206 21.0077126)
12185671550,3177,21.0091941,105.8298381,2,,,,POINT (105.8298381 21.0091941)
12185671551,3178,21.0089875,105.8300526,2,,,,POINT (105.8300526 21.0089875)
12185671552,3179,21.0091474,105.8300868,2,,,,POINT (105.8300868 21.0091474)
12185671553,3180,21.0089135,105.830063,2,,,,POINT (105.830063 21.0089135)
12185671554,3181,21.0077664,105.8318496,2,,,,POINT (105.8318496 21.0077664)
12185671555,3182,21.0087371,105.829657,2,,,,POINT (105.829657 21.0087371)
12185671556,3183,21.0087379,105.8296356,2,,,,POINT (105.8296356 21.0087379)
12185671557,3184,21.0087192,105.8297209,2,,,,POINT (105.8297209 21.0087192)
12185671558,3185,21.0087349,105.8297761,2,,,,POINT (105.8297761 21.0087349)
12185671575,3186,21.0068576,105.8292009,2,,,,POINT (105.8292009 21.0068576)
12185673529,3187,21.0053066,105.8315344,2,,,,POINT (105.8315344 21.0053066)
12185673538,3188,21.004875,105.8298093,2,,,,POINT (105.8298093 21.004875)
12185673542,3189,21.0052941,105.8293784,2,,,,POINT (105.8293784 21.0052941)
12185673543,3190,21.0038928,105.8314837,2,,,,POINT (105.8314837 21.0038928)
12185673544,3191,21.0038332,105.8318628,2,,,,POINT (105.8318628 21.0038332)
12185673545,3192,21.0037909,105.8321084,2,,,,POINT (105.8321084 21.0037909)
12185673546,3193,21.0038155,105.8321789,2,,,,POINT (105.8321789 21.0038155)
12185673547,3194,21.0045499,105.8322823,2,,,,POINT (105.8322823 21.0045499)
12185673548,3195,21.0045778,105.8322662,2,,,,POINT (105.8322662 21.0045778)
12186172970,3196,21.0082771,105.8264779,2,,,,POINT (105.8264779 21.0082771)
12196501104,3197,21.0071058,105.8251147,2,,,,POINT (105.8251147 21.0071058)
12196501105,3198,21.0071792,105.8249574,2,,,,POINT (105.8249574 21.0071792)
12196501106,3199,21.0070763,105.8249023,2,,,,POINT (105.8249023 21.0070763)
12196501107,3200,21.0070029,105.8250596,2,,,,POINT (105.8250596 21.0070029)
12196501108,3201,21.0071287,105.8249304,3,,,,POINT (105.8249304 21.0071287)
12196501109,3202,21.0071992,105.8247758,3,,,,POINT (105.8247758 21.0071992)
12196501110,3203,21.0070561,105.8250881,3,,,,POINT (105.8250881 21.0070561)
12196501111,3204,21.0069742,105.8252653,3,,,,POINT (105.8252653 21.0069742)
12196501112,3205,21.0071441,105.8250328,3,,,,POINT (105.8250328 21.0071441)
12196501113,3206,21.0072268,105.825075,3,,,,POINT (105.825075 21.0072268)
12196501114,3207,21.0070397,105.8249808,3,,,,POINT (105.8249808 21.0070397)
12196501115,3208,21.006925,105.8249212,3,,,,POINT (105.8249212 21.006925)
12196632251,3209,21.0058429,105.8358778,2,,,,POINT (105.8358778 21.0058429)
12196632277,3210,21.0058998,105.8375467,2,,,,POINT (105.8375467 21.0058998)
12196632278,3211,21.0056945,105.8376219,2,,,,POINT (105.8376219 21.0056945)
12196632289,3212,21.0068748,105.8367438,2,,,,POINT (105.8367438 21.0068748)
12196632290,3213,21.0068687,105.8367925,2,,,,POINT (105.8367925 21.0068687)
12196632291,3214,21.0063579,105.8358557,2,,,,POINT (105.8358557 21.0063579)
12196632292,3215,21.0064973,105.836329,2,,,,POINT (105.836329 21.0064973)
12196632293,3216,21.0064905,105.8363654,2,,,,POINT (105.8363654 21.0064905)
12196632294,3217,21.0065108,105.836452,2,,,,POINT (105.836452 21.0065108)
12196632295,3218,21.0063397,105.8361804,1,,,,POINT (105.8361804 21.0063397)
12196632296,3219,21.0064674,105.8363239,2,,,,POINT (105.8363239 21.0064674)
12196632297,3220,21.0064943,105.8363452,3,,,,POINT (105.8363452 21.0064943)
12196632298,3221,21.006632,105.8361999,3,,,,POINT (105.8361999 21.006632)
12196632299,3222,21.0064824,105.8360222,1,,,,POINT (105.8360222 21.0064824)
12196644302,3223,21.0070016,105.8364517,3,,,,POINT (105.8364517 21.0070016)
12196644303,3224,21.0069044,105.8363625,2,,,,POINT (105.8363625 21.0069044)
12196644304,3225,21.0068924,105.8363625,2,,,,POINT (105.8363625 21.0068924)
12196644305,3226,21.0068761,105.8363719,2,,,,POINT (105.8363719 21.0068761)
12196644306,3227,21.0068063,105.8364454,1,,,,POINT (105.8364454 21.0068063)
12222026343,3228,21.0119929,105.8277776,1,,,,POINT (105.8277776 21.0119929)
12222026350,3229,21.0123471,105.8266888,2,,,,POINT (105.8266888 21.0123471)
12222026351,3230,21.012374,105.8265997,2,,,,POINT (105.8265997 21.012374)
12222026352,3231,21.012373,105.8266289,2,,,,POINT (105.8266289 21.012373)
12222026353,3232,21.012369,105.8266579,2,,,,POINT (105.8266579 21.012369)
12222026361,3233,21.0111047,105.8276468,2,,,,POINT (105.8276468 21.0111047)
12222026362,3234,21.0111385,105.8276764,2,,,,POINT (105.8276764 21.0111385)
12222026363,3235,21.0117453,105.8265169,2,,,,POINT (105.8265169 21.0117453)
12222026364,3236,21.0114503,105.8270644,2,,,,POINT (105.8270644 21.0114503)
12222026369,3237,21.0117204,105.8265068,2,,,,POINT (105.8265068 21.0117204)
12222026370,3238,21.0051887,105.833825,1,,,,POINT (105.833825 21.0051887)
12222026371,3239,21.0052362,105.8336232,1,,,,POINT (105.8336232 21.0052362)
12222026372,3240,21.0051715,105.83348,2,,,,POINT (105.83348 21.0051715)
12222026373,3241,21.0050478,105.8334584,2,,,,POINT (105.8334584 21.0050478)
12222026374,3242,21.004996,105.8334476,2,,,,POINT (105.8334476 21.004996)
12222026375,3243,21.0049011,105.8333921,2,,,,POINT (105.8333921 21.0049011)
12222026376,3244,21.0048206,105.8333475,2,,,,POINT (105.8333475 21.0048206)
12222026377,3245,21.0046638,105.8332936,2,,,,POINT (105.8332936 21.0046638)
12222026378,3246,21.0045531,105.8332335,2,,,,POINT (105.8332335 21.0045531)
12222026379,3247,21.0043949,105.8331626,2,,,,POINT (105.8331626 21.0043949)
12222026380,3248,21.0043112,105.8331215,3,,,,POINT (105.8331215 21.0043112)
12222026381,3249,21.0045196,105.8332185,3,,,,POINT (105.8332185 21.0045196)
12222026382,3250,21.0045747,105.833054,2,,,,POINT (105.833054 21.0045747)
12222026383,3251,21.004602,105.8329585,2,,,,POINT (105.8329585 21.004602)
12222026384,3252,21.0046226,105.8328279,3,,,,POINT (105.8328279 21.0046226)
12222026385,3253,21.004779,105.8328742,2,,,,POINT (105.8328742 21.004779)
12222026386,3254,21.0048926,105.8329112,2,,,,POINT (105.8329112 21.0048926)
12222026387,3255,21.0050493,105.8329436,2,,,,POINT (105.8329436 21.0050493)
12222026388,3256,21.0052522,105.8329218,2,,,,POINT (105.8329218 21.0052522)
12222026389,3257,21.0052033,105.8329342,2,,,,POINT (105.8329342 21.0052033)
12222026390,3258,21.0051761,105.8329358,2,,,,POINT (105.8329358 21.0051761)
12222026391,3259,21.0042987,105.8327323,2,,,,POINT (105.8327323 21.0042987)
12222026392,3260,21.0038014,105.8327682,2,,,,POINT (105.8327682 21.0038014)
12222026393,3261,21.0037741,105.8327959,2,,,,POINT (105.8327959 21.0037741)
12222026394,3262,21.003718,105.8328391,2,,,,POINT (105.8328391 21.003718)
12222026395,3263,21.003649,105.8329276,2,,,,POINT (105.8329276 21.003649)
12222026396,3264,21.0036564,105.8329758,2,,,,POINT (105.8329758 21.0036564)
12222026397,3265,21.0048082,105.8337951,3,,,,POINT (105.8337951 21.0048082)
12222026398,3266,21.0045926,105.8335897,2,,,,POINT (105.8335897 21.0045926)
12222026399,3267,21.0045308,105.8335373,1,,,,POINT (105.8335373 21.0045308)
12222026400,3268,21.0049556,105.8337281,3,,,,POINT (105.8337281 21.0049556)
12222035101,3269,21.0049622,105.8336421,2,,,,POINT (105.8336421 21.0049622)
12222035102,3270,21.004991,105.8335265,2,,,,POINT (105.8335265 21.004991)
12222035103,3271,21.0050206,105.8334527,4,,,,POINT (105.8334527 21.0050206)
12222035104,3272,21.0050615,105.8333478,1,,,,POINT (105.8333478 21.0050615)
12222035105,3273,21.0037435,105.8337929,2,,,,POINT (105.8337929 21.0037435)
12222035106,3274,21.0037792,105.8338338,2,,,,POINT (105.8338338 21.0037792)
12222035107,3275,21.003778,105.8338522,2,,,,POINT (105.8338522 21.003778)
12222035108,3276,21.0036725,105.8329882,3,,,,POINT (105.8329882 21.0036725)
12222035109,3277,21.0035659,105.833114,2,,,,POINT (105.833114 21.0035659)
12222035110,3278,21.0034946,105.8332052,1,,,,POINT (105.8332052 21.0034946)
12222035111,3279,21.0047224,105.8333137,3,,,,POINT (105.8333137 21.0047224)
12222035112,3280,21.0047365,105.8332402,2,,,,POINT (105.8332402 21.0047365)
12222035113,3281,21.0047415,105.8330981,2,,,,POINT (105.8330981 21.0047415)
12222035114,3282,21.0047215,105.8330699,2,,,,POINT (105.8330699 21.0047215)
12222035115,3283,21.0046501,105.8330257,2,,,,POINT (105.8330257 21.0046501)
12222035116,3284,21.0045904,105.8329991,3,,,,POINT (105.8329991 21.0045904)
12222035117,3285,21.0048772,105.8329062,3,,,,POINT (105.8329062 21.0048772)
12222035118,3286,21.0048266,105.8331021,1,,,,POINT (105.8331021 21.0048266)
12222035119,3287,21.0050652,105.8329426,3,,,,POINT (105.8329426 21.0050652)
12222035120,3288,21.0050424,105.8330811,2,,,,POINT (105.8330811 21.0050424)
12222035121,3289,21.0050311,105.833139,1,,,,POINT (105.833139 21.0050311)
12222035122,3290,21.0043827,105.8340117,2,,,,POINT (105.8340117 21.0043827)
12222035123,3291,21.0042985,105.8339162,2,,,,POINT (105.8339162 21.0042985)
12222035124,3292,21.0042175,105.8338666,2,,,,POINT (105.8338666 21.0042175)
12222035125,3293,21.0041366,105.8338436,2,,,,POINT (105.8338436 21.0041366)
12222035126,3294,21.0040787,105.8337994,2,,,,POINT (105.8337994 21.0040787)
12222035127,3295,21.003973,105.8336879,1,,,,POINT (105.8336879 21.003973)
12222035128,3296,21.0038039,105.8335152,3,,,,POINT (105.8335152 21.0038039)
12222035129,3297,21.0036835,105.8334318,2,,,,POINT (105.8334318 21.0036835)
12222035130,3298,21.0035821,105.8333629,2,,,,POINT (105.8333629 21.0035821)
12222035131,3299,21.003544,105.8333349,1,,,,POINT (105.8333349 21.003544)
12222035132,3300,21.0052256,105.8334874,3,,,,POINT (105.8334874 21.0052256)
12222035133,3301,21.005247,105.8333194,1,,,,POINT (105.8333194 21.005247)
12222035134,3302,21.0027304,105.8375357,2,,,,POINT (105.8375357 21.0027304)
12222035136,3303,21.0029408,105.8370086,2,,,,POINT (105.8370086 21.0029408)
12222035137,3304,21.0028903,105.8365478,2,,,,POINT (105.8365478 21.0028903)
12222035138,3305,21.0028509,105.8365782,2,,,,POINT (105.8365782 21.0028509)
12222035139,3306,21.0028857,105.836562,2,,,,POINT (105.836562 21.0028857)
12222035140,3307,21.0028705,105.8365719,2,,,,POINT (105.8365719 21.0028705)
12222035141,3308,21.0028431,105.8366033,2,,,,POINT (105.8366033 21.0028431)
12222035142,3309,21.0028437,105.8365873,2,,,,POINT (105.8365873 21.0028437)
12222035143,3310,21.0028117,105.8361671,2,,,,POINT (105.8361671 21.0028117)
12222035144,3311,21.0029873,105.8363379,2,,,,POINT (105.8363379 21.0029873)
12222035145,3312,21.0030054,105.8363663,2,,,,POINT (105.8363663 21.0030054)
12222035146,3313,21.0033761,105.8373716,2,,,,POINT (105.8373716 21.0033761)
12222035147,3314,21.0033977,105.8373487,2,,,,POINT (105.8373487 21.0033977)
12222035148,3315,21.0033812,105.8378712,1,,,,POINT (105.8378712 21.0033812)
12222035149,3316,21.0032771,105.8374452,3,,,,POINT (105.8374452 21.0032771)
12222035150,3317,21.0023899,105.8372801,2,,,,POINT (105.8372801 21.0023899)
12222035151,3318,21.0026646,105.8372169,3,,,,POINT (105.8372169 21.0026646)
12222035152,3319,21.0024067,105.8376815,1,,,,POINT (105.8376815 21.0024067)
12222035158,3320,21.0023669,105.8371929,1,,,,POINT (105.8371929 21.0023669)
12222035161,3321,20.9997825,105.8382565,3,,,,POINT (105.8382565 20.9997825)
12222035162,3322,20.999982,105.8382084,2,,,,POINT (105.8382084 20.999982)
12222035163,3323,21.0000094,105.8382299,2,,,,POINT (105.8382299 21.0000094)
12222035164,3324,21.0000353,105.8382869,2,,,,POINT (105.8382869 21.0000353)
12222035165,3325,21.0000583,105.8387352,1,,,,POINT (105.8387352 21.0000583)
12222035166,3326,21.0002093,105.8382407,1,,,,POINT (105.8382407 21.0002093)
12222035167,3327,21.0000266,105.8382569,3,,,,POINT (105.8382569 21.0000266)
12222035168,3328,21.000039,105.8383593,3,,,,POINT (105.8383593 21.000039)
12222035169,3329,20.9999432,105.8383624,2,,,,POINT (105.8383624 20.9999432)
12222035170,3330,20.999854,105.8383393,2,,,,POINT (105.8383393 20.999854)
12222035171,3331,20.9997965,105.838307,2,,,,POINT (105.838307 20.9997965)
12222035172,3332,20.9995035,105.8398682,1,,,,POINT (105.8398682 20.9995035)
12222035173,3333,20.9991322,105.8398727,3,,,,POINT (105.8398727 20.9991322)
12222035174,3334,20.9994611,105.8400037,1,,,,POINT (105.8400037 20.9994611)
12222035175,3335,20.9991336,105.8399984,3,,,,POINT (105.8399984 20.9991336)
12223908403,3336,21.0034624,105.8324957,2,,,,POINT (105.8324957 21.0034624)
12223908480,3337,21.0080456,105.8374227,1,,,,POINT (105.8374227 21.0080456)
12223908487,3338,21.0061632,105.8387084,3,,,,POINT (105.8387084 21.0061632)
12223911404,3339,21.0055282,105.8383722,2,,,,POINT (105.8383722 21.0055282)
12223911405,3340,21.0055613,105.8385877,2,,,,POINT (105.8385877 21.0055613)
12223911406,3341,21.0056499,105.8389523,3,,,,POINT (105.8389523 21.0056499)
12223911407,3342,21.0056051,105.8387938,2,,,,POINT (105.8387938 21.0056051)
12228968670,3343,21.0107496,105.8306831,3,,,,POINT (105.8306831 21.0107496)
12228968671,3344,21.010775,105.8307387,2,,,,POINT (105.8307387 21.010775)
12228968672,3345,21.0107827,105.8307889,2,,,,POINT (105.8307889 21.0107827)
12228968673,3346,21.0107692,105.8308268,3,,,,POINT (105.8308268 21.0107692)
12228968674,3347,21.0123862,105.8330949,1,,,,POINT (105.8330949 21.0123862)
12228968675,3348,21.0117938,105.8334584,2,,,,POINT (105.8334584 21.0117938)
12228968676,3349,21.0117647,105.833466,2,,,,POINT (105.833466 21.0117647)
12228968677,3350,21.0113938,105.8332392,2,,,,POINT (105.8332392 21.0113938)
12228968678,3351,21.0113652,105.8332488,2,,,,POINT (105.8332488 21.0113652)
12252344141,3352,21.0119109,105.8357062,1,,,,POINT (105.8357062 21.0119109)
12293006514,3353,21.0014061,105.8356195,3,,,,POINT (105.8356195 21.0014061)
12293296258,3354,21.0043124,105.8358954,2,,,,POINT (105.8358954 21.0043124)
12293296259,3355,21.0040336,105.8363409,2,,,,POINT (105.8363409 21.0040336)
12293296260,3356,21.0058242,105.8355682,2,,,,POINT (105.8355682 21.0058242)
12293296261,3357,21.005828,105.8363237,2,,,,POINT (105.8363237 21.005828)
12310608197,3358,21.0038689,105.8311451,2,,,,POINT (105.8311451 21.0038689)
12316948505,3359,20.9998432,105.8390622,2,,,,POINT (105.8390622 20.9998432)
12317218944,3360,21.0082718,105.8239721,2,,,,POINT (105.8239721 21.0082718)
12317594596,3361,21.0076427,105.8371247,2,,,,POINT (105.8371247 21.0076427)
12317594597,3362,21.0076242,105.8372957,2,,,,POINT (105.8372957 21.0076242)
12317594598,3363,21.0076864,105.8374049,1,,,,POINT (105.8374049 21.0076864)
12317594599,3364,21.0077801,105.8371236,2,,,,POINT (105.8371236 21.0077801)
12317623426,3365,21.0115034,105.8364677,4,crossing,,,POINT (105.8364677 21.0115034)
12317623427,3366,21.0117126,105.8362715,4,,,,POINT (105.8362715 21.0117126)
12317638789,3367,21.0080016,105.8333441,3,,,,POINT (105.8333441 21.0080016)
12318525971,3368,20.9996151,105.8376339,2,,,,POINT (105.8376339 20.9996151)
12318525972,3369,21.0045505,105.8257612,2,,,,POINT (105.8257612 21.0045505)
12345069443,3370,21.0090807,105.8368245,2,,,,POINT (105.8368245 21.0090807)
12350515132,3371,21.0010341,105.832191,2,,,,POINT (105.832191 21.0010341)
12350515133,3372,21.0012582,105.8313923,2,,,,POINT (105.8313923 21.0012582)
12350515134,3373,21.0012214,105.8325722,3,,,,POINT (105.8325722 21.0012214)
12350515135,3374,21.0008535,105.8324608,2,,,,POINT (105.8324608 21.0008535)
12350515136,3375,21.0007881,105.8327046,1,,,,POINT (105.8327046 21.0007881)
12353733515,3376,21.0072471,105.8380594,3,,,,POINT (105.8380594 21.0072471)
12353733516,3377,21.0072685,105.8379179,1,,,,POINT (105.8379179 21.0072685)
12353733517,3378,21.006747,105.8409109,2,,,,POINT (105.8409109 21.006747)
12353733518,3379,21.0067302,105.8405731,2,,,,POINT (105.8405731 21.0067302)
12353733519,3380,21.0065855,105.8400751,1,,,,POINT (105.8400751 21.0065855)
12353733522,3381,21.0069589,105.8413234,3,,,,POINT (105.8413234 21.0069589)
12353733523,3382,21.0069654,105.8411458,2,,,,POINT (105.8411458 21.0069654)
12353733524,3383,21.006961,105.8412331,4,,,,POINT (105.8412331 21.006961)
12353733527,3384,21.0045389,105.8410031,2,,,,POINT (105.8410031 21.0045389)
12353733528,3385,21.0065767,105.8405729,2,,,,POINT (105.8405729 21.0065767)
12353733529,3386,21.0064208,105.8408592,2,,,,POINT (105.8408592 21.0064208)
12353733530,3387,21.0061633,105.8408499,2,,,,POINT (105.8408499 21.0061633)
12353733531,3388,21.0064105,105.8410383,2,,,,POINT (105.8410383 21.0064105)
12357563189,3389,21.0080273,105.8374053,3,,,,POINT (105.8374053 21.0080273)
12357563190,3390,21.0079194,105.8374878,2,,,,POINT (105.8374878 21.0079194)
12357563191,3391,21.0077849,105.8373057,1,,,,POINT (105.8373057 21.0077849)
12357563195,3392,21.0057352,105.8411396,3,,,,POINT (105.8411396 21.0057352)
12357563196,3393,21.0057351,105.8410419,2,,,,POINT (105.8410419 21.0057351)
12357594704,3394,21.0051214,105.840951,2,,,,POINT (105.840951 21.0051214)
12357594705,3395,21.0051215,105.8411025,3,,,,POINT (105.8411025 21.0051215)
12357594706,3396,21.0047824,105.8410983,1,,,,POINT (105.8410983 21.0047824)
12357594707,3397,21.0048429,105.8410991,2,,,,POINT (105.8410991 21.0048429)
12400250632,3398,20.9983473,105.839829,2,,,,POINT (105.839829 20.9983473)
12400250633,3399,20.9982933,105.8399659,2,,,,POINT (105.8399659 20.9982933)
12408830827,3400,21.0127992,105.835348,3,,,,POINT (105.835348 21.0127992)
12408830828,3401,21.0126949,105.8351813,2,,,,POINT (105.8351813 21.0126949)
12408830829,3402,21.0126332,105.8350665,2,,,,POINT (105.8350665 21.0126332)
12408830830,3403,21.0125598,105.8349258,2,,,,POINT (105.8349258 21.0125598)
12408830831,3404,21.0126567,105.8348704,1,,,,POINT (105.8348704 21.0126567)
12408830832,3405,21.012589,105.8349788,3,,,,POINT (105.8349788 21.012589)
12408830833,3406,21.0124496,105.8350696,1,,,,POINT (105.8350696 21.0124496)
12460426421,3407,21.006324,105.8331715,3,,,,POINT (105.8331715 21.006324)
12460426422,3408,21.0062273,105.8332682,1,,,,POINT (105.8332682 21.0062273)
12487552482,3409,21.0082141,105.8385607,3,,,,POINT (105.8385607 21.0082141)
12487552483,3410,21.0078915,105.8389233,3,,,,POINT (105.8389233 21.0078915)
12504078511,3411,21.0014026,105.8309608,2,,,,POINT (105.8309608 21.0014026)
12504078512,3412,21.0014727,105.830816,2,,,,POINT (105.830816 21.0014727)
12504078513,3413,21.0013164,105.8318044,3,,,,POINT (105.8318044 21.0013164)
12504078514,3414,21.0011559,105.8317569,3,,,,POINT (105.8317569 21.0011559)
12513620915,3415,21.00764,105.8283127,2,,,,POINT (105.8283127 21.00764)
12513620916,3416,21.0074965,105.8282568,2,,,,POINT (105.8282568 21.0074965)
12553823357,3417,21.000383,105.8411641,1,,,,POINT (105.8411641 21.000383)
12601003726,3418,21.0059005,105.827695,2,,,,POINT (105.827695 21.0059005)
12612823558,3419,21.0019058,105.8266236,2,,,,POINT (105.8266236 21.0019058)
12669487965,3420,21.0103383,105.8375159,2,,,,POINT (105.8375159 21.0103383)
12669487967,3421,21.0098708,105.8378683,2,,,,POINT (105.8378683 21.0098708)
12669487968,3422,21.0092903,105.838422,2,,,,POINT (105.838422 21.0092903)
12669487969,3423,21.0077022,105.8405904,2,,,,POINT (105.8405904 21.0077022)
12669487974,3424,21.0127581,105.8352859,4,,,,POINT (105.8352859 21.0127581)
12715419581,3425,21.0084341,105.8264393,3,,,,POINT (105.8264393 21.0084341)
12715419582,3426,21.0085087,105.826502,2,,,,POINT (105.826502 21.0085087)
12715419583,3427,21.0085254,105.8264669,2,,,,POINT (105.8264669 21.0085254)
12715419584,3428,21.0086402,105.8265457,1,,,,POINT (105.8265457 21.0086402)
12715419585,3429,21.0086332,105.8260033,3,,,,POINT (105.8260033 21.0086332)
12715419586,3430,21.0088156,105.8261024,1,,,,POINT (105.8261024 21.0088156)
12715419587,3431,21.008569,105.826144,3,,,,POINT (105.826144 21.008569)
12715419588,3432,21.0087376,105.8262408,2,,,,POINT (105.8262408 21.0087376)
12715419589,3433,21.0087651,105.8261807,1,,,,POINT (105.8261807 21.0087651)
12726063279,3434,21.0017298,105.8260762,2,,,,POINT (105.8260762 21.0017298)
12726065967,3435,21.0002375,105.8306621,2,,,,POINT (105.8306621 21.0002375)
12726065969,3436,20.9993467,105.8343537,2,,,,POINT (105.8343537 20.9993467)
12726065972,3437,20.9990949,105.8363167,2,,,,POINT (105.8363167 20.9990949)
12726065973,3438,20.9991915,105.835736,2,,,,POINT (105.835736 20.9991915)
12726065974,3439,20.9990524,105.8363519,2,,,,POINT (105.8363519 20.9990524)
12726065978,3440,20.9984643,105.8388608,2,,,,POINT (105.8388608 20.9984643)
12783034921,3441,21.009784,105.8379433,3,,,,POINT (105.8379433 21.009784)
12882537794,3442,21.0100789,105.8359808,2,,,,POINT (105.8359808 21.0100789)
12882537795,3443,21.0104466,105.8364343,4,crossing,,,POINT (105.8364343 21.0104466)
12882537796,3444,21.0102191,105.83599,2,,,,POINT (105.83599 21.0102191)
12911954388,3445,21.0083505,105.8332997,2,,,,POINT (105.8332997 21.0083505)
12911954389,3446,21.0082282,105.8331799,3,,,,POINT (105.8331799 21.0082282)
12911954390,3447,21.0081848,105.8331796,2,,,,POINT (105.8331796 21.0081848)
12911954391,3448,21.0082554,105.8331806,2,,,,POINT (105.8331806 21.0082554)
12911954392,3449,21.0083498,105.8332547,3,,,,POINT (105.8332547 21.0083498)
12911954393,3450,21.0083905,105.833217,3,,,,POINT (105.833217 21.0083905)
12911954394,3451,21.0089093,105.8338694,3,,,,POINT (105.8338694 21.0089093)
12914003261,3452,21.0028454,105.8302799,3,,,,POINT (105.8302799 21.0028454)
12914003266,3453,21.0026121,105.8309805,2,,,,POINT (105.8309805 21.0026121)
12920610392,3454,21.0084217,105.8257192,2,,,,POINT (105.8257192 21.0084217)
12920610393,3455,21.0084104,105.8257138,2,,,,POINT (105.8257138 21.0084104)
12920633556,3456,21.0073675,105.8260962,2,,,,POINT (105.8260962 21.0073675)
12920633557,3457,21.0073477,105.8261304,2,,,,POINT (105.8261304 21.0073477)
12920633558,3458,21.0073213,105.8261594,2,,,,POINT (105.8261594 21.0073213)
12920633559,3459,21.0072283,105.8261778,2,,,,POINT (105.8261778 21.0072283)
12920633560,3460,21.0072837,105.8261891,2,,,,POINT (105.8261891 21.0072837)
12920644746,3461,21.0084294,105.8257876,2,,,,POINT (105.8257876 21.0084294)
12925548507,3462,21.0041186,105.8413347,2,,,,POINT (105.8413347 21.0041186)
12925548508,3463,21.0074212,105.8413113,2,,,,POINT (105.8413113 21.0074212)
12945730586,3464,21.0026249,105.830138,2,,,,POINT (105.830138 21.0026249)
12945730587,3465,21.0025491,105.8300662,2,,,,POINT (105.8300662 21.0025491)
12968899577,3466,21.0050742,105.8313758,3,,,,POINT (105.8313758 21.0050742)
12968899578,3467,21.0049105,105.8321326,1,,,,POINT (105.8321326 21.0049105)
12973445912,3468,21.0034052,105.841233,3,,,,POINT (105.841233 21.0034052)
12973445913,3469,21.0034075,105.8409601,2,,,,POINT (105.8409601 21.0034075)
12973445914,3470,21.0033458,105.8409589,2,,,,POINT (105.8409589 21.0033458)
12973445915,3471,21.0033436,105.8412322,3,,,,POINT (105.8412322 21.0033436)
12985362841,3472,21.0031771,105.8379615,3,,,,POINT (105.8379615 21.0031771)
12985362842,3473,21.0033149,105.8379272,2,,,,POINT (105.8379272 21.0033149)
12985362843,3474,21.0032646,105.8377108,1,,,,POINT (105.8377108 21.0032646)
12985622980,3475,20.998028,105.8408719,3,,,,POINT (105.8408719 20.998028)
13015219625,3476,21.0033442,105.8411558,4,,,,POINT (105.8411558 21.0033442)
13015219626,3477,21.0034058,105.841157,4,,,,POINT (105.841157 21.0034058)
13015219627,3478,21.0033444,105.8411296,2,,level_crossing,,POINT (105.8411296 21.0033444)
13015491627,3479,21.0086729,105.8260249,4,,,,POINT (105.8260249 21.0086729)
13015491628,3480,21.0086099,105.8261675,4,,,,POINT (105.8261675 21.0086099)
13015491629,3481,21.0084746,105.8264733,4,,,,POINT (105.8264733 21.0084746)
13015491630,3482,21.003916,105.8216212,4,,,,POINT (105.8216212 21.003916)
13016543333,3483,21.0107202,105.8281489,2,,,,POINT (105.8281489 21.0107202)
13016543334,3484,21.0106011,105.8282429,1,,,,POINT (105.8282429 21.0106011)
13016543335,3485,21.0107325,105.8282424,2,,,,POINT (105.8282424 21.0107325)
13016543336,3486,21.0107444,105.8282988,1,,,,POINT (105.8282988 21.0107444)
13018670818,3487,21.0025097,105.8376774,2,,,,POINT (105.8376774 21.0025097)
13018670819,3488,21.0025666,105.8380756,2,,,,POINT (105.8380756 21.0025666)
13018708127,3489,21.0031587,105.8223015,3,,,,POINT (105.8223015 21.0031587)
13018708128,3490,21.0032161,105.8221763,1,,,,POINT (105.8221763 21.0032161)
13042459087,3491,21.0115423,105.8302215,2,,,,POINT (105.8302215 21.0115423)
13042459089,3492,21.0114891,105.8302151,2,,,,POINT (105.8302151 21.0114891)
13042459091,3493,21.0110628,105.8296437,3,,,,POINT (105.8296437 21.0110628)
13042459092,3494,21.0114286,105.8298518,2,,,,POINT (105.8298518 21.0114286)
13042459093,3495,21.0111665,105.8294367,3,,,,POINT (105.8294367 21.0111665)
13042459094,3496,21.0115314,105.8296445,2,,,,POINT (105.8296445 21.0115314)
13042459095,3497,21.0112565,105.8292516,3,,,,POINT (105.8292516 21.0112565)
13042459096,3498,21.0116193,105.8294644,2,,,,POINT (105.8294644 21.0116193)
13042459097,3499,21.0117081,105.8292908,2,,,,POINT (105.8292908 21.0117081)
13042459098,3500,21.0113436,105.8290769,3,,,,POINT (105.8290769 21.0113436)
13057935944,3501,21.0121023,105.8347759,1,,,,POINT (105.8347759 21.0121023)
13070218050,3502,21.0089547,105.8263482,2,,,,POINT (105.8263482 21.0089547)
13070218051,3503,21.0088307,105.8265883,2,,,,POINT (105.8265883 21.0088307)
13070218052,3504,21.0088845,105.8266205,2,,,,POINT (105.8266205 21.0088845)
13070218053,3505,21.0087339,105.8269539,3,,,,POINT (105.8269539 21.0087339)
13208173140,3506,21.0101887,105.8300918,3,,,,POINT (105.8300918 21.0101887)
13208173141,3507,21.0098964,105.8303411,3,,,,POINT (105.8303411 21.0098964)
13208555874,3508,21.0101379,105.8291127,2,,,,POINT (105.8291127 21.0101379)
13208555875,3509,21.0101705,105.8290402,3,,,,POINT (105.8290402 21.0101705)
13208555876,3510,21.0096508,105.8292981,3,,,,POINT (105.8292981 21.0096508)
13208555877,3511,21.0090241,105.8284331,4,,,,POINT (105.8284331 21.0090241)
13208555878,3512,21.0097815,105.8290274,3,,,,POINT (105.8290274 21.0097815)
13208555879,3513,21.0099225,105.8286331,2,,,,POINT (105.8286331 21.0099225)
13208555880,3514,21.00913,105.8281865,1,,,,POINT (105.8281865 21.00913)
13208555881,3515,21.0099751,105.8294725,3,,,,POINT (105.8294725 21.0099751)
13227719861,3516,21.0101131,105.8291706,2,,,,POINT (105.8291706 21.0101131)
13227719862,3517,21.0101012,105.8292058,3,,,,POINT (105.8292058 21.0101012)
13232163430,3518,21.0095862,105.8295016,2,,,,POINT (105.8295016 21.0095862)
13232172896,3519,21.0082456,105.829046,2,,,,POINT (105.829046 21.0082456)
13232178943,3520,21.0101073,105.8291856,2,,,,POINT (105.8291856 21.0101073)
13232178944,3521,21.0091124,105.8282274,2,,,,POINT (105.8282274 21.0091124)
13232178947,3522,21.0085872,105.8289613,1,,,,POINT (105.8289613 21.0085872)
13232178948,3523,21.0087601,105.8290735,1,,,,POINT (105.8290735 21.0087601)
13232178949,3524,21.0090143,105.8284562,3,,,,POINT (105.8284562 21.0090143)
13232178950,3525,21.0093989,105.8286578,3,,,,POINT (105.8286578 21.0093989)
13232178951,3526,21.0091312,105.8292438,3,,,,POINT (105.8292438 21.0091312)
13232178952,3527,21.0087764,105.8290578,2,,,,POINT (105.8290578 21.0087764)
13232178955,3528,21.0087678,105.8290767,3,,,,POINT (105.8290767 21.0087678)
13232178956,3529,21.0090999,105.8285011,3,,,,POINT (105.8285011 21.0090999)
13232178957,3530,21.0088384,105.8290903,3,,,,POINT (105.8290903 21.0088384)
13232178958,3531,21.0089697,105.8285193,1,,,,POINT (105.8285193 21.0089697)
13232178959,3532,21.0092406,105.8286581,4,,,,POINT (105.8286581 21.0092406)
13232178960,3533,21.0090488,105.829088,4,,,,POINT (105.829088 21.0090488)
13232178961,3534,21.0087752,105.8289381,1,,,,POINT (105.8289381 21.0087752)
13232178970,3535,21.010242,105.8288821,3,,,,POINT (105.8288821 21.010242)
13232178971,3536,21.0103258,105.8289285,2,,,,POINT (105.8289285 21.0103258)
13232178972,3537,21.0103403,105.8289017,2,,,,POINT (105.8289017 21.0103403)
13232178973,3538,21.0103945,105.8289304,2,,,,POINT (105.8289304 21.0103945)
13232178974,3539,21.0105107,105.8286795,1,,,,POINT (105.8286795 21.0105107)
13232178975,3540,21.0102933,105.828775,2,,,,POINT (105.828775 21.0102933)
13232178976,3541,21.0102861,105.828703,2,,,,POINT (105.828703 21.0102861)
13232178979,3542,21.0099758,105.8285189,3,,,,POINT (105.8285189 21.0099758)
13232178980,3543,21.0100664,105.8283154,2,,,,POINT (105.8283154 21.0100664)
13232178981,3544,21.0098217,105.8281905,2,,,,POINT (105.8281905 21.0098217)
13232178982,3545,21.0096341,105.8285861,3,,,,POINT (105.8285861 21.0096341)
13232178984,3546,21.0098382,105.8289055,2,,,,POINT (105.8289055 21.0098382)
13232178985,3547,21.0095818,105.8294439,2,,,,POINT (105.8294439 21.0095818)
13232178988,3548,21.0090156,105.8287009,3,,,,POINT (105.8287009 21.0090156)
13232178989,3549,21.0089413,105.8288665,3,,,,POINT (105.8288665 21.0089413)
13232178993,3550,21.0091718,105.829155,3,,,,POINT (105.829155 21.0091718)
13232178997,3551,21.0093675,105.8287265,3,,,,POINT (105.8287265 21.0093675)
13232178998,3552,21.0090694,105.8285708,4,,,,POINT (105.8285708 21.0090694)
13232178999,3553,21.0088796,105.8289944,4,,,,POINT (105.8289944 21.0088796)
13232179000,3554,21.0093106,105.8288511,3,,,,POINT (105.8288511 21.0093106)
13232192301,3555,21.009233,105.8290211,3,,,,POINT (105.8290211 21.009233)
13232192302,3556,21.0088125,105.8283463,2,,,,POINT (105.8283463 21.0088125)
13232192303,3557,21.008822,105.8283245,3,,,,POINT (105.8283245 21.008822)
13232192304,3558,21.008983,105.8285262,2,,,,POINT (105.8285262 21.008983)
13232192305,3559,21.008818,105.8289606,2,,,,POINT (105.8289606 21.008818)
13232192306,3560,21.0096043,105.8286507,2,,,,POINT (105.8286507 21.0096043)
13232192307,3561,21.0098524,105.8287835,3,,,,POINT (105.8287835 21.0098524)
13232192308,3562,21.0086117,105.8283928,3,,,,POINT (105.8283928 21.0086117)
13232192309,3563,21.0085141,105.8283385,2,,,,POINT (105.8283385 21.0085141)
13232192310,3564,21.0085033,105.8283608,2,,,,POINT (105.8283608 21.0085033)
13232192311,3565,21.0084915,105.8283898,3,,,,POINT (105.8283898 21.0084915)
13232192312,3566,21.0085564,105.828362,2,,,,POINT (105.828362 21.0085564)
13232201201,3567,21.0100383,105.8293417,3,,,,POINT (105.8293417 21.0100383)
13232201202,3568,21.0097128,105.8291696,3,,,,POINT (105.8291696 21.0097128)
13232201203,3569,21.00995,105.829523,2,,,,POINT (105.829523 21.00995)
13232201204,3570,21.0099417,105.8291142,3,,,,POINT (105.8291142 21.0099417)
13232201205,3571,21.0098203,105.8293909,3,,,,POINT (105.8293909 21.0098203)
13232201206,3572,21.0098813,105.8292584,3,,,,POINT (105.8292584 21.0098813)
13232231334,3573,21.0094857,105.8285055,3,,,,POINT (105.8285055 21.0094857)
13232231335,3574,21.0091814,105.8287862,4,,,,POINT (105.8287862 21.0091814)
13232231336,3575,21.009107,105.8289519,4,,,,POINT (105.8289519 21.009107)
13232245203,3576,21.0099307,105.8295641,1,,,,POINT (105.8295641 21.0099307)
13233840345,3577,21.0089308,105.829709,3,,,,POINT (105.829709 21.0089308)
13233840346,3578,21.0085618,105.8294961,1,,,,POINT (105.8294961 21.0085618)
13233840347,3579,21.0101309,105.8291289,2,,,,POINT (105.8291289 21.0101309)
13236945167,3580,21.0092722,105.8285914,3,,,,POINT (105.8285914 21.0092722)
13236945168,3581,21.0090104,105.8291805,3,,,,POINT (105.8291805 21.0090104)
13236945171,3582,21.010239,105.8286552,3,,,,POINT (105.8286552 21.010239)
13236945172,3583,21.0103285,105.828444,2,,,,POINT (105.828444 21.0103285)
13236945173,3584,21.010552,105.8285565,1,,,,POINT (105.8285565 21.010552)
13236945174,3585,21.0099051,105.8292711,3,,,,POINT (105.8292711 21.0099051)
13236945175,3586,21.0098909,105.8292867,2,,,,POINT (105.8292867 21.0098909)
13236945176,3587,21.0098703,105.8292822,3,,,,POINT (105.8292822 21.0098703)
13236945177,3588,21.0098577,105.8292687,2,,,,POINT (105.8292687 21.0098577)
13236945178,3589,21.0098601,105.8292473,3,,,,POINT (105.8292473 21.0098601)
13236945190,3590,21.0096381,105.8286688,4,,,,POINT (105.8286688 21.0096381)
13236945191,3591,21.0096028,105.8287422,3,,,,POINT (105.8287422 21.0096028)
13236945192,3592,21.0097754,105.8287425,4,,,,POINT (105.8287425 21.0097754)
13236945193,3593,21.0097429,105.828816,3,,,,POINT (105.828816 21.0097429)
13236945194,3594,21.0094936,105.828488,2,,,,POINT (105.828488 21.0094936)
13239360541,3595,21.0101664,105.8286176,2,,,,POINT (105.8286176 21.0101664)
13239360542,3596,21.0097985,105.8286878,1,,,,POINT (105.8286878 21.0097985)
13239360543,3597,21.0096651,105.8286103,1,,,,POINT (105.8286103 21.0096651)
13239360544,3598,21.009819,105.8288558,3,,,,POINT (105.8288558 21.009819)
13239360545,3599,21.0098375,105.8288658,2,,,,POINT (105.8288658 21.0098375)
13239360546,3600,21.0099378,105.8286003,3,,,,POINT (105.8286003 21.0099378)
13239360547,3601,21.0099642,105.8286262,3,,,,POINT (105.8286262 21.0099642)
13239360548,3602,21.0100064,105.8285343,3,,,,POINT (105.8285343 21.0100064)
