id,lat,lng,name
0,21.010617,105.8251515,Phố Tây Sơn
1,21.0088234,105.82426,Phố Tây Sơn
2,21.0045074,105.8220087,Cầu vượt Ngã Tư Sở
3,21.0038464,105.821264,Cầu vượt Ngã Tư Sở
4,21.0096135,105.8380906,Phố Xã Đàn
5,21.0089992,105.8387044,Hầm chui Kim Liên
6,21.0086932,105.8390501,Hầm chui Kim Liên
7,21.0084474,105.839323,Hầm chui Kim Liên
8,21.0077543,105.8406131,Hầm chui Kim Liên
9,21.0107386,105.8367231,Phố Phạm Ngọc Thạch
10,21.0080247,105.8389618,"21.01,105.84"
11,21.009484,105.837589,Phố Hoàng Tích Trí
12,21.0103746,105.8367617,"21.01,105.84"
13,21.0100165,105.835844,Phố Phạm Ngọc Thạch
14,21.0064882,105.8316381,"21.01,105.83"
15,21.0058426,105.8322644,Ngõ 43 Đông Tác
16,21.0058451,105.8321987,Phố Đông Tác
17,21.006077,105.8313959,"21.01,105.83"
18,21.0046831,105.830539,Phố Tôn Thất Tùng
19,21.0063463,105.8387295,Ngõ 38 Phương Mai
20,21.0029956,105.8344107,Ngõ 167 Phố Phương Mai
21,21.0034138,105.8360473,Phố Lương Định Của
22,21.0038709,105.8378106,Phố Phương Mai
23,21.0040554,105.8385279,Phố Phương Mai
24,21.0041922,105.8411482,Phố Phương Mai
25,21.0015565,105.8360583,Ngõ 120 Đường Trường Chinh
26,21.0061472,105.8352445,Phố Lương Định Của
27,21.0064226,105.8356204,Phố Lương Định Của
28,21.0083505,105.8338348,Phố Phạm Ngọc Thạch
29,21.0110954,105.8307755,Phố Đặng Văn Ngữ
30,21.0113157,105.831076,Phố Đặng Văn Ngữ
31,21.0058788,105.8325348,Ngõ 103 Phạm Ngọc Thạch
32,21.0128613,105.8344207,Ngõ 62 Phố Đặng Văn Ngữ
33,21.0135226,105.8338457,Phố Đặng Văn Ngữ
34,21.0128263,105.8329637,Ngõ 6 Đặng Văn Ngữ
35,21.0126973,105.8324889,Phố Đặng Văn Ngữ
36,21.012374,105.83229,Phố Đặng Văn Ngữ
37,21.0105372,105.8329664,Ngõ 4B Phố Đặng Văn Ngữ
38,21.0112756,105.8292118,"21.01,105.83"
39,21.0116755,105.828461,"21.01,105.83"
40,21.010155,105.8275429,Ngõ 119 Hồ Đắc Di
41,21.0111623,105.8277266,Ngách 48/119 Hồ Đắc Di
42,21.0111326,105.8277284,Ngõ 119 Hồ Đắc Di
43,21.0109952,105.8278042,Ngõ 119 Hồ Đắc Di
44,21.0109311,105.8278471,Ngõ 119 Hồ Đắc Di
45,21.0108629,105.8279393,Ngõ 119 Hồ Đắc Di
46,21.0094598,105.8277324,"21.01,105.83"
47,21.0098562,105.8268471,Ngách 167/37 Phố Tây Sơn
48,21.0102741,105.8259306,Ngõ 167 Phố Tây Sơn
49,21.0103607,105.8257409,Ngách 15 / Ngách 25
50,21.011869,105.8317114,Phố Đặng Văn Ngữ
51,21.006011,105.8228783,Phố Tây Sơn
52,21.0075831,105.8330153,Phố Phạm Ngọc Thạch
53,21.008788,105.8316582,Ngõ 4A Phố Đặng Văn Ngữ
54,21.0096613,105.8331474,Ngõ 4A Phố Đặng Văn Ngữ
55,21.0072345,105.8348649,Phố Lương Định Của
56,21.0035042,105.8208098,Cầu vượt Ngã Tư Sở
57,21.0109782,105.8370646,Phố Xã Đàn
58,21.0041897,105.8412431,Phố Phương Mai
59,21.0040797,105.8215542,Cầu vượt Ngã Tư Sở
60,21.007575,105.8412097,Phố Xã Đàn
61,21.0005633,105.8409738,"21.0,105.84"
62,21.0069596,105.8322406,Phố Phạm Ngọc Thạch
63,21.0058685,105.8338321,Phố Đông Tác
64,21.0066906,105.8342326,Ngõ 97 Phạm Ngọc Thạch
65,21.0063772,105.8338469,Ngõ 97 Phạm Ngọc Thạch
66,21.0063422,105.8337718,Ngõ 97 Phạm Ngọc Thạch
67,21.0063287,105.833654,Ngõ 97 Phạm Ngọc Thạch
68,21.0065128,105.8334,Ngõ 97 Phạm Ngọc Thạch
69,21.0065074,105.8343504,"21.01,105.83"
70,21.0068728,105.8340624,Ngách 97/63 Phạm Ngọc Thạch
71,21.0065027,105.8335969,Ngách 97/63 Phạm Ngọc Thạch
72,21.006993,105.8340084,"21.01,105.83"
73,21.0069184,105.8340681,"21.01,105.83"
74,21.007695,105.8344419,Phố Lương Định Của
75,21.0071861,105.8338348,Ngõ 8 Phố Lương Định Của
76,21.0074656,105.8286267,Phố Chùa Bộc
77,21.0091472,105.8248463,"21.01,105.82"
78,21.0063287,105.8311553,Phố Chùa Bộc
79,21.0080615,105.8272568,Phố Chùa Bộc
80,21.0065914,105.8306082,"21.01,105.83"
81,21.0062207,105.8375751,"21.01,105.84"
82,21.0064716,105.8375874,Ngõ 38 Phương Mai
83,21.0016749,105.8411606,"21.0,105.84"
84,21.0079136,105.835249,"21.01,105.84"
85,21.0046693,105.8267871,"21.0,105.83"
86,21.0052113,105.8255933,Phố Khương Thượng
87,21.0061365,105.8235974,Phố Khương Thượng
88,21.0062834,105.8234419,Phố Khương Thượng
89,21.0063568,105.8261513,"21.01,105.83"
90,21.0067615,105.8231971,Phố Khương Thượng
91,21.0030372,105.8209319,Đường Trường Chinh
92,21.0031275,105.8205363,Đường Trường Chinh
93,21.0031869,105.8207108,"21.0,105.82"
94,21.0033001,105.8207165,"21.0,105.82"
95,21.0033732,105.8207826,Phố Tây Sơn
96,21.0037795,105.8212909,Phố Tây Sơn
97,21.0039796,105.8215448,Ngõ 317 Phố Tây Sơn
98,21.0041975,105.8218166,Phố Tây Sơn
99,21.0042935,105.8219245,Phố Tây Sơn
100,21.0044497,105.8220767,"21.0,105.82"
101,21.0047302,105.8222675,Phố Tây Sơn
102,21.0048548,105.8223217,Phố Tây Sơn
103,21.0092908,105.8244986,Phố Tây Sơn
104,21.007045,105.8413254,Đường Giải Phóng
105,21.0072019,105.8411998,"21.01,105.84"
106,21.0073795,105.841021,"21.01,105.84"
107,21.0076693,105.8407052,Phố Xã Đàn
108,20.9994782,105.8358265,Ngõ 120 Đường Trường Chinh
109,20.9997351,105.8356572,Ngõ 120 Đường Trường Chinh
110,20.9999646,105.8355199,Ngõ 120 Đường Trường Chinh
111,21.0002407,105.8353638,Ngõ 120 Đường Trường Chinh
112,21.0006907,105.8351564,Ngõ 120 Đường Trường Chinh
113,21.0011285,105.8348897,Ngõ 120 Đường Trường Chinh
114,21.0012407,105.834804,Ngõ 120 Đường Trường Chinh
115,21.0013057,105.8351508,Ngõ 120 Đường Trường Chinh
116,21.0015057,105.8359904,Ngõ 120 Đường Trường Chinh
117,21.0015257,105.837473,Ngõ 102 Trường Chinh
118,21.0015498,105.8362421,"21.0,105.84"
119,21.0015521,105.8372829,Phố Lương Định Của
120,21.0047385,105.8286033,Ngõ 43 Phố Chùa Bộc
121,21.0052119,105.8275868,Ngõ 95 Phố Chùa Bộc
122,21.0070673,105.8295224,Phố Chùa Bộc
123,21.0121079,105.8261096,Phố Tây Sơn
124,21.0076004,105.8410389,Phố Xã Đàn
125,21.0078235,105.8402267,Phố Xã Đàn
126,21.0079834,105.8391407,Phố Đào Duy Anh
127,21.0099262,105.8371762,"21.01,105.84"
128,21.0106055,105.8365444,Phố Phạm Ngọc Thạch
129,21.0108251,105.8369867,"21.01,105.84"
130,21.0080304,105.8354258,"21.01,105.84"
131,21.0082022,105.8352788,"21.01,105.84"
132,21.0083218,105.835173,"21.01,105.84"
133,21.0083741,105.83625,Phố Hoàng Tích Trí
134,21.0085546,105.8360841,"21.01,105.84"
135,21.0085787,105.8349456,"21.01,105.83"
136,21.009495,105.8352194,Phố Phạm Ngọc Thạch
137,21.0030394,105.8412283,Đường Giải Phóng
138,21.0044181,105.8340344,"21.0,105.83"
139,21.0045946,105.8347557,"21.0,105.83"
140,21.00481,105.835639,Phố Lương Định Của
141,21.0081797,105.839558,Phố Xã Đàn
142,21.0086192,105.8390015,Phố Xã Đàn
143,21.0031935,105.8351851,Phố Phương Mai
144,21.0034368,105.8333388,"21.0,105.83"
145,21.0036744,105.8370455,Phố Phương Mai
146,21.0038572,105.8349817,"21.0,105.83"
147,21.0039344,105.8369795,Ngõ 38 Phố Phương Mai
148,21.0040786,105.8358462,Phố Lương Định Của
149,21.0043331,105.8369088,Ngõ 38 Phố Phương Mai
150,21.0049826,105.8367868,Ngõ 38 Phố Phương Mai
151,21.0049926,105.8346337,Ngõ 28 Lương Đình Của
152,21.005467,105.8366086,"21.01,105.84"
153,21.005873,105.8358103,Ngõ 11 Lương Định Của
154,21.0058256,105.8363536,Ngõ 11 Lương Định Của
155,21.0058479,105.8360788,Ngõ 11 Lương Định Của
156,21.0059028,105.8364815,Ngõ 38 Phương Mai
157,21.0063474,105.8355282,"21.01,105.84"
158,21.0064302,105.8379659,Ngõ 38 Phương Mai
159,21.0075279,105.8327433,Phố Phạm Ngọc Thạch
160,21.0086164,105.8341507,Phố Phạm Ngọc Thạch
161,21.0086949,105.8340754,"21.01,105.83"
162,21.0109806,105.8367882,"21.01,105.84"
163,21.0111615,105.8367893,"21.01,105.84"
164,21.0113025,105.8367718,Phố Xã Đàn
165,21.014199,105.834042,Phố Xã Đàn
166,21.0118709,105.8282054,"21.01,105.83"
167,21.0075596,105.8413008,Đường Giải Phóng
168,21.0082463,105.8396046,Hầm chui Kim Liên
169,21.0094658,105.8381595,Phố Xã Đàn
170,21.0061748,105.8356538,"21.01,105.84"
171,21.0077076,105.8370409,Ngõ 9 Lương Định Của
172,21.0061473,105.8311916,Phố Chùa Bộc
173,21.0080473,105.8238278,Phố Tây Sơn
174,21.0099099,105.8248203,Phố Tây Sơn
175,21.0109781,105.8298128,"21.01,105.83"
176,21.0041199,105.8255086,Phố Khương Thượng
177,21.005017,105.8260116,Phố Khương Thượng
178,21.0073278,105.8287027,Ngõ 95 Phố Chùa Bộc
179,21.008971,105.8247865,Phố Chùa Bộc
180,21.0068632,105.8297112,Phố Chùa Bộc
181,21.0080031,105.8272261,"21.01,105.83"
182,21.0061784,105.8311035,Phố Tôn Thất Tùng
183,21.006531,105.8304293,Phố Chùa Bộc
184,21.0086668,105.8257309,Ngõ 249 Phố Chùa Bộc
185,21.0091334,105.8244253,Phố Tây Sơn
186,21.0076605,105.8279926,Phố Chùa Bộc
187,21.0005809,105.8412798,Cầu vượt Ngã tư Vọng
188,21.0008729,105.84123,Cầu vượt Ngã tư Vọng
189,21.0089278,105.8246206,"21.01,105.82"
190,21.0055474,105.8277666,Ngõ 95 Phố Chùa Bộc
191,21.0041204,105.8303312,Phố Tôn Thất Tùng
192,21.0040287,105.8322107,Ngõ 1A Phố Tôn Thất Tùng
193,21.0044219,105.8304416,Phố Tôn Thất Tùng
194,21.005092,105.8323166,Ngõ 1 Tôn Thất Tùng
195,21.0054227,105.8308146,Phố Tôn Thất Tùng
196,21.0043188,105.8322633,Ngõ 43 Phố Đông Tác
197,21.0045897,105.8322266,Ngõ 43 Phố Đông Tác
198,21.0052903,105.8314027,Ngõ 1 Tôn Thất Tùng
199,21.0090684,105.8324531,Ngõ 4A Phố Đặng Văn Ngữ
200,21.0115019,105.8339582,Ngõ 6 Đặng Văn Ngữ
201,21.0107383,105.8332158,Ngõ 4B Phố Đặng Văn Ngữ
202,21.0103229,105.8310199,Ngõ 4C Phố Đặng Văn Ngữ
203,21.0098374,105.8321006,Ngõ 4B Phố Đặng Văn Ngữ
204,21.0103625,105.8318945,Ngõ 4C Phố Đặng Văn Ngữ
205,21.0106006,105.8318017,Ngõ 4C Phố Đặng Văn Ngữ
206,21.0119927,105.8337544,Ngõ 6 Đặng Văn Ngữ
207,21.0101008,105.8311112,"21.01,105.83"
208,21.0095462,105.8313437,Ngõ 4B Phố Đặng Văn Ngữ
209,21.0098211,105.8312331,"21.01,105.83"
210,21.0100899,105.8320008,"21.01,105.83"
211,21.0102199,105.8337232,Ngách 2 Ngõ 4A Đặng Văn Ngữ
212,21.006079,105.8347368,Phố Đông Tác
213,21.0059141,105.8331048,"21.01,105.83"
214,21.0007608,105.8384611,"21.0,105.84"
215,21.000953,105.8387459,"21.0,105.84"
216,21.0007925,105.8383551,"21.0,105.84"
217,21.0013646,105.8383551,"21.0,105.84"
218,21.0013646,105.8388959,"21.0,105.84"
219,21.0018577,105.8409163,"21.0,105.84"
220,21.0016568,105.8409157,"21.0,105.84"
221,21.0017196,105.8388986,"21.0,105.84"
222,21.0033256,105.8343197,"21.0,105.83"
223,21.0035242,105.8350838,"21.0,105.84"
224,21.0036632,105.8342242,"21.0,105.83"
225,21.0037513,105.8359453,Phố Lương Định Của
226,21.0041156,105.8343585,"21.0,105.83"
227,21.004242,105.8348637,"21.0,105.83"
228,21.0042874,105.8357868,Phố Lương Định Của
229,21.0044728,105.8364702,Ngõ 31 Lương Định Của
230,21.0044608,105.8357381,Phố Lương Định Của
231,21.0046505,105.8356848,Phố Lương Định Của
232,21.0047811,105.8338366,Ngõ 19 Đông Tác
233,21.0048192,105.8364345,"21.0,105.84"
234,21.0052226,105.8355193,Phố Lương Định Của
235,21.0057675,105.8353592,Phố Lương Định Của
236,21.0059273,105.8328841,Ngõ 26 Phố Đông Tác
237,21.005915,105.8327861,Phố Đông Tác
238,21.0062214,105.8328429,"21.01,105.83"
239,21.0062479,105.8330106,"21.01,105.83"
240,21.0063053,105.8331488,Ngõ 97 Phạm Ngọc Thạch
241,21.0062955,105.8346466,"21.01,105.83"
242,21.0063982,105.8340488,"21.01,105.83"
243,21.0064072,105.8328073,Ngõ 26 Phố Đông Tác
244,21.0064392,105.8329883,Ngõ 97 Phạm Ngọc Thạch
245,21.0064956,105.8339929,Ngõ 97 Phạm Ngọc Thạch
246,21.0064826,105.8344907,"21.01,105.83"
247,21.006521,105.8371803,Ngõ 5 Hoàng Tích Trí
248,21.0065439,105.8331195,Ngõ 97 Phạm Ngọc Thạch
249,21.0067134,105.8331848,Ngõ 97 Phạm Ngọc Thạch
250,21.0067958,105.8328028,"21.01,105.83"
251,21.0068057,105.8352671,Phố Lương Định Của
252,21.0069549,105.8334498,Ngõ 97 Phạm Ngọc Thạch
253,21.0070139,105.8350694,Phố Lương Định Của
254,21.0069834,105.8364759,Ngõ 5 Hoàng Tích Trí
255,21.006983,105.83227,Phố Phạm Ngọc Thạch
256,21.0070954,105.8363268,Ngõ 9 Lương Định Của
257,21.007166,105.8332736,"21.01,105.83"
258,21.0072298,105.8333397,Ngõ 97 Phạm Ngọc Thạch
259,21.0077067,105.8344311,Phố Lương Định Của
260,21.0077463,105.8354845,"21.01,105.84"
261,21.0077923,105.8355396,"21.01,105.84"
262,21.0078461,105.8356008,Ngõ 5 Hoàng Tích Trí
263,21.0078999,105.835332,"21.01,105.84"
264,21.0087322,105.8359207,Ngõ 43 Phạm Ngọc Thạch
265,21.0089436,105.8369444,Phố Hoàng Tích Trí
266,21.009048,105.8366884,Ngõ 21 Phạm Ngọc Thạch
267,21.0092338,105.8365137,"21.01,105.84"
268,21.0042474,105.831251,"21.0,105.83"
269,21.0045143,105.8313097,Ngõ 1 Tôn Thất Tùng
270,21.0047696,105.8313379,"21.0,105.83"
271,21.0119062,105.8362072,Phố Xã Đàn
272,21.0018447,105.8381935,Ngõ 15- Phương Mai
273,21.0098276,105.8303068,Phố Nguyễn Ngọc Doãn
274,21.008651,105.8283456,"21.01,105.83"
275,21.0093967,105.8299354,Phố Nguyễn Ngọc Doãn
276,21.0079037,105.8281729,Ngõ 12 Chùa Bộc
277,21.0085784,105.8284342,"21.01,105.83"
278,21.0088138,105.8283201,"21.01,105.83"
279,21.0098533,105.8288741,"21.01,105.83"
280,21.0082453,105.8282609,"21.01,105.83"
281,21.0079298,105.8280924,Ngõ 12 Chùa Bộc
282,21.0082146,105.8283309,"21.01,105.83"
283,21.0077298,105.8280274,Phố Chùa Bộc
284,21.0085377,105.828495,"21.01,105.83"
285,21.0083876,105.8288513,"21.01,105.83"
286,21.0113952,105.8275542,"21.01,105.83"
287,21.0115655,105.8272484,"21.01,105.83"
288,21.0117074,105.8322455,"21.01,105.83"
289,21.0122998,105.832979,"21.01,105.83"
290,21.0120159,105.8318934,Phố Đặng Văn Ngữ
291,21.0117124,105.8321757,"21.01,105.83"
292,21.0058955,105.8388501,Ngõ 4 Phương Mai
293,21.0058087,105.8397586,Ngõ 34 Phương Mai
294,21.0058726,105.8387421,Ngõ 34 Phương Mai
295,21.0059861,105.8375505,Ngõ 34 Phương Mai
296,21.00577,105.8375848,Ngõ 34 Phố Phương Mai
297,21.0054296,105.8376877,Ngõ 34 Phố Phương Mai
298,21.0052662,105.8377156,Ngõ 34 Phố Phương Mai
299,21.0051048,105.8377317,Ngõ 34 Phố Phương Mai
300,21.0049005,105.8377418,Ngõ 34 Phố Phương Mai
301,21.0047848,105.8377288,Ngõ 34 Phố Phương Mai
302,21.0046889,105.837698,Ngõ 34 Phố Phương Mai
303,21.0046336,105.8376536,Ngõ 34 Phố Phương Mai
304,21.0045335,105.8375866,Ngõ 34 Phố Phương Mai
305,21.0044263,105.8375042,Ngõ 34 Phố Phương Mai
306,21.0042813,105.8374486,Ngõ 34 Phố Phương Mai
307,21.0041586,105.8374143,Ngõ 34 Phố Phương Mai
308,21.004081,105.8374143,Ngõ 34 Phố Phương Mai
309,21.0037912,105.8375076,Phố Phương Mai
310,21.0046395,105.8368619,Ngõ 38 Phố Phương Mai
311,21.0002122,105.8404947,"21.0,105.84"
312,20.9998889,105.8400978,"21.0,105.84"
313,21.0005761,105.8405152,"21.0,105.84"
314,21.0072776,105.8406381,"21.01,105.84"
315,21.0075057,105.8408993,"21.01,105.84"
316,21.0078489,105.8400025,"21.01,105.84"
317,20.9991258,105.839314,Ngõ 78 Đường Giải Phóng
318,21.0030568,105.8211885,"21.0,105.82"
319,21.0034855,105.8209171,Phố Tây Sơn
320,21.002983,105.8209791,Hầm đường bộ Ngã Tư Sở
321,21.0024545,105.8240705,Phố Khương Thượng
322,21.0028559,105.8242687,Phố Khương Thượng
323,21.0030195,105.8243454,Phố Khương Thượng
324,21.0032326,105.8243869,Phố Khương Thượng
325,21.0033236,105.8243928,Phố Khương Thượng
326,21.0034601,105.8245484,Phố Khương Thượng
327,21.0036347,105.8246704,Phố Khương Thượng
328,21.0039627,105.8248497,Phố Khương Thượng
329,21.0041247,105.8249209,Phố Khương Thượng
330,20.9991448,105.8410633,Ngõ 78 Đường Giải Phóng
331,21.0040054,105.8383215,Phố Phương Mai
332,21.0042129,105.840113,"21.0,105.84"
333,21.0053382,105.8401652,Ngõ 2 Phố Phương Mai
334,20.9991174,105.8364845,Đường Trường Chinh
335,20.9993015,105.8349974,Đường Trường Chinh
336,21.0008036,105.829059,Phố Tôn Thất Tùng
337,21.0009223,105.8287164,Đường Trường Chinh
338,20.999195,105.8360086,Đường Trường Chinh
339,21.0057238,105.8328041,Ngõ 41 Phố Đông Tác
340,21.0055872,105.8327822,Ngõ 41 Phố Đông Tác
341,21.0052901,105.8327148,Ngõ 41 Đông Tác
342,21.0050128,105.8326688,Ngõ 41 Phố Đông Tác
343,21.0043422,105.8325359,Ngõ 41 Phố Đông Tác
344,21.0041615,105.8324956,Ngõ 41 Phố Đông Tác
345,21.0039447,105.8324546,Ngõ 41 Phố Đông Tác
346,21.0036828,105.8324568,Ngõ 41 Phố Đông Tác
347,21.0035398,105.8324796,Ngõ 41 Phố Đông Tác
348,21.0033001,105.832565,Ngõ 41 Phố Đông Tác
349,21.0031848,105.8326379,Ngõ 41 Phố Đông Tác
350,21.0030199,105.8327513,Ngõ 41 Phố Đông Tác
351,21.0028039,105.8328875,Ngõ 41 Phố Đông Tác
352,21.0026681,105.8329806,"21.0,105.83"
353,21.0025052,105.8331162,Ngõ 41 Phố Đông Tác
354,21.0024163,105.8332182,Ngõ 28A Phố Lương Định Của
355,21.0020032,105.833901,Ngõ 41 Phố Đông Tác
356,21.001813,105.8342164,Ngõ 120 Đường Trường Chinh
357,21.0016817,105.8344126,Ngõ 120 Đường Trường Chinh
358,21.0016063,105.8344994,Ngõ 120 Đường Trường Chinh
359,21.0014814,105.8346135,Ngõ 120 Đường Trường Chinh
360,21.0121658,105.8274791,"21.01,105.83"
361,21.0122156,105.8273672,"21.01,105.83"
362,21.0117875,105.8271175,"21.01,105.83"
363,20.9988484,105.8377772,Đường Trường Chinh
364,20.999553,105.8378157,"21.0,105.84"
365,20.9995604,105.8376363,"21.0,105.84"
366,21.0009428,105.8375658,Ngách 102/70 Đường Trường Chinh
367,21.0013984,105.8375616,Ngõ 102 Trường Chinh
368,21.0022089,105.8353535,Ngõ 28D Phố Lương Định Của
369,21.0029287,105.8299304,"21.0,105.83"
370,21.0096716,105.8300876,Phố Nguyễn Ngọc Doãn
371,21.0090313,105.8297995,Phố Nguyễn Ngọc Doãn
372,21.0088774,105.8298192,"21.01,105.83"
373,21.0087354,105.82987,Phố Nguyễn Ngọc Doãn
374,21.0086389,105.8299387,Phố Nguyễn Ngọc Doãn
375,21.0085396,105.8300401,Phố Nguyễn Ngọc Doãn
376,21.0084638,105.8301349,Phố Nguyễn Ngọc Doãn
377,21.0083772,105.8302797,Phố Nguyễn Ngọc Doãn
378,21.0083219,105.8304171,Phố Nguyễn Ngọc Doãn
379,21.0082051,105.830764,Phố Nguyễn Ngọc Doãn
380,21.008046,105.8311774,Phố Nguyễn Ngọc Doãn
381,21.0079348,105.831399,Phố Nguyễn Ngọc Doãn
382,21.0078445,105.8315288,Phố Nguyễn Ngọc Doãn
383,21.0077502,105.8315973,"21.01,105.83"
384,21.0070219,105.8320781,Phố Phạm Ngọc Thạch
385,21.0090692,105.8300628,Phố Nguyễn Ngọc Doãn
386,21.0087287,105.8302247,Phố Nguyễn Ngọc Doãn
387,21.0085347,105.8305437,Phố Nguyễn Ngọc Doãn
388,21.0083232,105.8311378,Phố Nguyễn Ngọc Doãn
389,21.0081488,105.8314907,Phố Nguyễn Ngọc Doãn
390,21.0079479,105.8317396,Phố Nguyễn Ngọc Doãn
391,21.007164,105.8322742,Phố Phạm Ngọc Thạch
392,21.0086185,105.8303815,Phố Nguyễn Ngọc Doãn
393,21.0088094,105.830127,Phố Nguyễn Ngọc Doãn
394,21.0095651,105.8302985,Phố Nguyễn Ngọc Doãn
395,21.0084174,105.8308532,Phố Nguyễn Ngọc Doãn
396,21.0082426,105.8313169,Ngõ 52 Phố Nguyễn Ngọc Doãn
397,21.0080689,105.8316149,Phố Nguyễn Ngọc Doãn
398,21.0061964,105.828121,Ngõ 95 Phố Chùa Bộc
399,21.0068953,105.8266292,"21.01,105.83"
400,21.0074179,105.8269103,Ngách 4/165 Phố Chùa Bộc
401,21.0063248,105.8411847,Đường Giải Phóng
402,21.0063215,105.8413094,Đường Giải Phóng
403,21.0017104,105.839237,"21.0,105.84"
404,21.0022438,105.8360515,Phố Lương Định Của
405,21.0042157,105.8395667,"21.0,105.84"
406,21.0027729,105.8344746,Ngõ 167 Phương Mai
407,21.0057662,105.8309463,"21.01,105.83"
408,21.0058873,105.8309928,Phố Tôn Thất Tùng
409,21.0059896,105.8310399,"21.01,105.83"
410,21.0060273,105.8310576,Phố Tôn Thất Tùng
411,21.0059917,105.8327377,"21.01,105.83"
412,21.0047772,105.822756,"21.0,105.82"
413,21.0049273,105.8223585,Phố Tây Sơn
414,21.0043916,105.8227546,"21.0,105.82"
415,21.0041874,105.822385,"21.0,105.82"
416,21.0042736,105.8223295,"21.0,105.82"
417,21.0027599,105.821931,Đường Trường Chinh
418,21.0042484,105.8229364,Ngõ 592 Trường Chinh
419,21.0030498,105.8230388,Ngõ 554 Trường Chinh
420,21.0031891,105.8231479,"21.0,105.82"
421,21.0032773,105.8231717,Ngõ 554 Trường Chinh
422,21.0038357,105.8235124,Ngõ 554 Trường Chinh
423,21.0046575,105.824006,"21.0,105.82"
424,21.0056371,105.8226959,Phố Tây Sơn
425,21.0052687,105.8254724,Phố Khương Thượng
426,21.0045659,105.8248296,"21.0,105.82"
427,21.0057159,105.8245142,Phố Khương Thượng
428,21.0059446,105.8237418,"21.01,105.82"
429,21.0054497,105.8230824,"21.01,105.82"
430,21.004905,105.8240766,"21.0,105.82"
431,21.0059666,105.8304244,"21.01,105.83"
432,21.004925,105.8266801,"21.0,105.83"
433,21.0050786,105.8263459,"21.01,105.83"
434,21.0048777,105.8274183,Ngõ 95 Phố Chùa Bộc
435,21.0051503,105.8267959,"21.01,105.83"
436,21.0053106,105.8264588,"21.01,105.83"
437,21.0055284,105.8259854,"21.01,105.83"
438,21.0049935,105.8280178,"21.0,105.83"
439,21.0044292,105.8277127,Phố Tam Khương
440,21.0059851,105.8280056,Ngõ 95 Phố Chùa Bộc
441,21.005736,105.828552,"21.01,105.83"
442,21.0061057,105.8313438,Phố Đông Tác
443,21.0062201,105.8312827,Phố Chùa Bộc
444,21.0053625,105.8307904,Phố Tôn Thất Tùng
445,21.0057513,105.8294682,"21.01,105.83"
446,21.0037348,105.8302083,Phố Tôn Thất Tùng
447,21.0028685,105.8301832,"21.0,105.83"
448,21.0036684,105.830517,"21.0,105.83"
449,21.0034388,105.8315988,"21.0,105.83"
450,21.0026941,105.8309831,"21.0,105.83"
451,21.0035506,105.8310651,"21.0,105.83"
452,21.0042689,105.829609,Phố Tam Khương
453,21.0042213,105.8293784,Phố Tam Khương
454,21.0043052,105.8291839,Phố Tam Khương
455,21.0044442,105.8288956,Phố Tam Khương
456,21.0045143,105.8286971,Phố Tam Khương
457,21.0044943,105.8283055,Phố Tam Khương
458,21.0044242,105.8278871,Phố Tam Khương
459,21.0044292,105.8276564,Phố Tam Khương
460,21.0045143,105.8275598,"21.0,105.83"
461,21.0045071,105.8274316,Ngõ 95 Phố Chùa Bộc
462,21.0044542,105.8271843,Phố Tam Khương
463,21.0040335,105.8257762,Phố Tam Khương
464,21.0036289,105.8368689,Phố Phương Mai
465,21.0038118,105.8368186,"21.0,105.84"
466,21.0053131,105.835493,Phố Lương Định Của
467,21.0052167,105.8320036,Ngõ 1 Tôn Thất Tùng
468,21.005828,105.8410141,Đường Giải Phóng
469,21.0063309,105.8410428,Đường Giải Phóng
470,21.0061558,105.8410382,Đường Giải Phóng
471,21.004196,105.840884,Phố Phương Mai
472,21.0040246,105.8398317,"21.0,105.84"
473,21.0042016,105.8392963,Phố Phương Mai
474,21.0018255,105.8258343,Đường Trường Chinh
475,21.0019935,105.8258645,Ngõ 390 Trường Chinh
476,21.0024646,105.8258048,Ngõ 191 Khương Thượng
477,21.0023281,105.8309376,"21.0,105.83"
478,21.0011364,105.8307436,"21.0,105.83"
479,21.0002974,105.8307408,"21.0,105.83"
480,21.0010749,105.8309567,"21.0,105.83"
481,21.0010541,105.8283545,Đường Trường Chinh
482,21.0024812,105.8300255,"21.0,105.83"
483,21.002413,105.8299578,"21.0,105.83"
484,21.0018748,105.829513,Phố Tôn Thất Tùng
485,21.0019252,105.8293489,Ngõ 54 Tôn Thất Tùng
486,21.0020053,105.8293354,Ngõ 54 Tôn Thất Tùng
487,21.0019292,105.8295337,Phố Tôn Thất Tùng
488,21.0016724,105.8304449,"21.0,105.83"
489,21.0008569,105.8364623,"21.0,105.84"
490,21.0008374,105.8361376,Ngõ 36 Phố Lương Định Của
491,20.9992445,105.8354992,"21.0,105.84"
492,20.999963,105.8352116,"21.0,105.84"
493,21.0009086,105.8347146,Ngõ 120 Đường Trường Chinh
494,21.0026597,105.836061,Ngõ 28C Phố Lương Định Của
495,21.001952,105.8360484,Phố Lương Định Của
496,20.9993929,105.8343962,Đường Trường Chinh
497,21.0000949,105.8346108,"21.0,105.83"
498,20.9995826,105.8334989,Đường Trường Chinh
499,21.0001273,105.833653,"21.0,105.83"
500,21.0006493,105.8320285,"21.0,105.83"
501,21.000018,105.8318431,Đường Trường Chinh
502,21.000735,105.8317245,"21.0,105.83"
503,20.9996398,105.8362048,"21.0,105.84"
504,20.9997316,105.8361323,"21.0,105.84"
505,20.9998352,105.8360907,"21.0,105.84"
506,20.9999613,105.8360767,"21.0,105.84"
507,21.0001691,105.8361639,"21.0,105.84"
508,20.9995834,105.8365917,"21.0,105.84"
509,21.0001669,105.836594,"21.0,105.84"
510,21.000258,105.8376052,"21.0,105.84"
511,21.0002775,105.8366105,"21.0,105.84"
512,21.0005091,105.8365934,"21.0,105.84"
513,21.0006823,105.8365999,"21.0,105.84"
514,21.0012199,105.8347348,Ngõ 120 Trường Chinh
515,21.0011803,105.8346337,Ngõ 120 Trường Chinh
516,21.0011493,105.8345641,Ngõ 120 Đường Trường Chinh
517,21.0030379,105.8324519,Ngõ 120 Đường Trường Chinh
518,21.0028274,105.832578,Ngõ 120 Đường Trường Chinh
519,21.0023665,105.832927,Ngõ 120 Đường Trường Chinh
520,21.0020869,105.8333233,Ngõ 120 Đường Trường Chinh
521,21.0018815,105.8337026,Ngõ 120 Đường Trường Chinh
522,21.0016127,105.8341334,Ngõ 120 Đường Trường Chinh
523,21.0014075,105.8343821,Ngõ 120 Đường Trường Chinh
524,21.0011318,105.8329957,Ngõ Hồ Hố Mẻ
525,21.0012561,105.8323947,Ngõ Hồ Hố Mẻ
526,21.0012256,105.8322385,Ngõ Hồ Hố Mẻ
527,21.0015183,105.8309105,Ngõ Hồ Hố Mẻ
528,21.0017995,105.8329142,"21.0,105.83"
529,21.002739,105.8386856,"21.0,105.84"
530,21.0017217,105.8385342,"21.0,105.84"
531,21.0017278,105.838659,"21.0,105.84"
532,21.0024452,105.8386779,"21.0,105.84"
533,21.0017624,105.8411588,"21.0,105.84"
534,21.0019229,105.8412244,"21.0,105.84"
535,21.0030387,105.8409279,"21.0,105.84"
536,21.0018485,105.8406007,"21.0,105.84"
537,21.0019227,105.8409165,"21.0,105.84"
538,21.0020422,105.8409174,"21.0,105.84"
539,21.0020369,105.8406003,"21.0,105.84"
540,21.0016869,105.8379912,"21.0,105.84"
541,21.0016147,105.837991,"21.0,105.84"
542,21.0030279,105.8392603,"21.0,105.84"
543,20.9993747,105.8364475,Ngách 102/25 Trường Chinh
544,20.9992336,105.8378072,Ngách 102/25 Trường Chinh
545,20.997976,105.8410628,Đường Trường Chinh
546,20.9995914,105.8388787,"21.0,105.84"
547,20.9979543,105.8411369,Đường Trường Chinh
548,20.9991422,105.8411762,Đường Giải Phóng
549,21.0001991,105.8408778,"21.0,105.84"
550,20.9998819,105.8404157,"21.0,105.84"
551,21.0001349,105.8404317,"21.0,105.84"
552,21.0015824,105.8410019,"21.0,105.84"
553,20.9994966,105.8392125,"21.0,105.84"
554,21.0000785,105.8389939,"21.0,105.84"
555,20.9994915,105.8390035,"21.0,105.84"
556,20.9995363,105.8389512,"21.0,105.84"
557,21.0107817,105.8372067,Phố Xã Đàn
558,21.0126185,105.8269948,Ngõ 35 Phố Tây Sơn
559,21.0120535,105.8283201,"21.01,105.83"
560,21.0114041,105.832299,"21.01,105.83"
561,21.0118304,105.8328114,"21.01,105.83"
562,21.0109536,105.8327692,"21.01,105.83"
563,21.0113404,105.8332332,"21.01,105.83"
564,21.0114788,105.8331589,"21.01,105.83"
565,21.0117354,105.8334458,"21.01,105.83"
566,21.0099181,105.8254496,"21.01,105.83"
567,21.0101564,105.8249485,Phố Tây Sơn
568,21.0100041,105.828031,Ngõ 119 Hồ Đắc Di
569,21.0101485,105.8278901,Ngõ 119 Hồ Đắc Di
570,21.0103095,105.8279786,Ngõ 119 Hồ Đắc Di
571,21.0104577,105.8277159,Ngõ 119 Hồ Đắc Di
572,21.0105304,105.8267893,Ngách 167/31 Phố Tây Sơn
573,21.0100146,105.8264992,Ngách 167/31 Phố Tây Sơn
574,21.0105923,105.8272216,Ngách 167/37 Phố Tây Sơn
575,21.0096771,105.8266614,"21.01,105.83"
576,21.0092539,105.8263679,"21.01,105.83"
577,21.0094606,105.8259013,"21.01,105.83"
578,21.009912,105.8261278,"21.01,105.83"
579,21.0093927,105.8272751,"21.01,105.83"
580,21.0086508,105.8269134,"21.01,105.83"
581,21.0096128,105.8273767,"21.01,105.83"
582,21.0105233,105.8273871,"21.01,105.83"
583,21.0103857,105.8276719,"21.01,105.83"
584,21.0100779,105.8276827,Ngõ 119 Hồ Đắc Di
585,21.0089868,105.8346042,Phố Phạm Ngọc Thạch
586,21.0099026,105.8308864,"21.01,105.83"
587,21.0100044,105.8311532,"21.01,105.83"
588,21.0105137,105.8281124,Ngõ 119 Hồ Đắc Di
589,21.0086119,105.8317529,Ngõ 52 Phố Nguyễn Ngọc Doãn
590,21.0087175,105.8310973,"21.01,105.83"
591,21.0086123,105.8312509,"21.01,105.83"
592,21.0087169,105.8314868,"21.01,105.83"
593,21.0088461,105.8314377,"21.01,105.83"
594,21.008917,105.8316035,"21.01,105.83"
595,21.0094222,105.8286471,"21.01,105.83"
596,21.0103706,105.8352965,Ngách 1 Ngõ 46 Phố Phạm Ngọc Thạch
597,21.0105558,105.8355368,Ngách 1 Ngõ 46 Phố Phạm Ngọc Thạch
598,21.0109745,105.8360463,Ngõ 27 Phố Xã Đàn
599,21.0108292,105.8357942,Ngách 46/28 Phố Phạm Ngọc Thạch
600,21.0105973,105.8354994,Ngõ 46 Phố Phạm Ngọc Thạch
601,21.0079399,105.833274,Cầu vượt nút giao Chùa Bộc - Phạm Ngọc Thạch
602,21.0089481,105.8326908,Ngõ 4 Phố Đặng Văn Ngữ
603,21.0083554,105.8319822,Ngõ 4 Phố Đặng Văn Ngữ
604,21.0091446,105.8336436,"21.01,105.83"
605,21.0096992,105.8342967,Ngõ 46B Phạm Ngọc Thạch
606,21.0098806,105.8351758,Ngõ 46A Phạm Ngọc Thạch
607,21.009405,105.8345738,Ngõ 46B Phạm Ngọc Thạch
608,21.0091608,105.8348066,Phố Phạm Ngọc Thạch
609,21.0099454,105.834032,Ngõ 46B Phạm Ngọc Thạch
610,21.0099378,105.8339301,Ngõ 4 Đặng Văn Ngữ
611,21.0107348,105.8281555,"21.01,105.83"
612,21.0106615,105.8281982,"21.01,105.83"
613,21.0079401,105.8301877,"21.01,105.83"
614,21.0072855,105.8298517,"21.01,105.83"
615,21.0071334,105.8298739,"21.01,105.83"
616,21.0067505,105.8306871,"21.01,105.83"
617,21.0080413,105.8289211,"21.01,105.83"
618,21.0078308,105.8280752,Ngõ 12 Chùa Bộc
619,21.0066219,105.8283369,Ngõ 95 Phố Chùa Bộc
620,21.0064569,105.8288415,"21.01,105.83"
621,21.0066934,105.8289881,"21.01,105.83"
622,21.0067643,105.8289805,"21.01,105.83"
623,21.0069848,105.8285248,Ngõ 95 Phố Chùa Bộc
624,21.0075716,105.8256848,"21.01,105.83"
625,21.00747,105.8258888,"21.01,105.83"
626,21.0081687,105.8262611,"21.01,105.83"
627,21.008388,105.8257643,Ngõ 231 Phố Chùa Bộc
628,21.0084671,105.8256221,Ngõ 249 Phố Chùa Bộc
629,21.0078515,105.8237318,"21.01,105.82"
630,21.0069582,105.8302474,"21.01,105.83"
631,21.0063023,105.8278958,"21.01,105.83"
632,21.0074499,105.8246165,"21.01,105.82"
633,21.007031,105.8246881,"21.01,105.82"
634,21.0065728,105.825695,"21.01,105.83"
635,21.0068806,105.8258432,"21.01,105.83"
636,21.0071108,105.8253325,"21.01,105.83"
637,21.0075359,105.8243646,"21.01,105.82"
638,21.0075564,105.8243671,"21.01,105.82"
639,21.0075859,105.8244826,"21.01,105.82"
640,21.007568,105.8244967,"21.01,105.82"
641,21.0075244,105.8245025,"21.01,105.82"
642,21.0075039,105.8244933,"21.01,105.82"
643,21.0074758,105.8244163,"21.01,105.82"
644,21.0074841,105.8243962,"21.01,105.82"
645,21.0074979,105.8243799,"21.01,105.82"
646,21.0075158,105.824369,"21.01,105.82"
647,21.0075467,105.8245036,"21.01,105.82"
648,21.0081255,105.8384303,"21.01,105.84"
649,21.0083173,105.8386602,"21.01,105.84"
650,21.008332,105.8332711,Ngõ 46D Phạm Ngọc Thạch
651,21.0077279,105.8325515,"21.01,105.83"
652,21.0073421,105.831849,"21.01,105.83"
653,21.0060871,105.8386921,"21.01,105.84"
654,21.0058696,105.8386455,"21.01,105.84"
655,21.0056028,105.8397238,"21.01,105.84"
656,21.0056042,105.8389717,"21.01,105.84"
657,21.0062303,105.8387147,Ngõ 4 Phương Mai
658,21.0061398,105.8394074,"21.01,105.84"
659,21.0064257,105.8394563,"21.01,105.84"
660,21.0068131,105.8396106,"21.01,105.84"
661,21.0069035,105.8387952,"21.01,105.84"
662,21.0071518,105.8388227,"21.01,105.84"
663,21.0066352,105.837775,"21.01,105.84"
664,21.0065218,105.8387531,Ngõ 4 Phương Mai
665,21.0083377,105.8379401,"21.01,105.84"
666,21.0074389,105.8378964,"21.01,105.84"
667,21.0073508,105.8388465,"21.01,105.84"
668,21.0096242,105.8361798,Ngõ 21 Phạm Ngọc Thạch
669,21.0102306,105.8368958,"21.01,105.84"
670,21.0093213,105.8364376,"21.01,105.84"
671,21.0080979,105.8376484,"21.01,105.84"
672,21.0086548,105.838343,"21.01,105.84"
673,21.0070854,105.8324708,"21.01,105.83"
674,21.0071278,105.832444,Phố Phạm Ngọc Thạch
675,21.0070919,105.8393909,"21.01,105.84"
676,21.0075182,105.8392788,"21.01,105.84"
677,21.0075597,105.8388808,"21.01,105.84"
678,21.0073307,105.8248443,"21.01,105.82"
679,21.0078018,105.8381403,"21.01,105.84"
680,21.0074232,105.8380805,"21.01,105.84"
681,21.0064887,105.8363991,"21.01,105.84"
682,21.0067929,105.8360458,Ngõ 9 Lương Định Của
683,21.0079655,105.8341913,Phố Lương Định Của
684,21.0076479,105.8290556,"21.01,105.83"
685,21.0077681,105.828788,"21.01,105.83"
686,21.0080956,105.8264258,"21.01,105.83"
687,21.0073939,105.8260508,"21.01,105.83"
688,21.0041947,105.8410713,Phố Phương Mai
689,21.0056436,105.8411399,Đường Giải Phóng
690,21.0063246,105.8411375,Đường Giải Phóng
691,21.0072746,105.8411266,"21.01,105.84"
692,21.0079281,105.8394448,Phố Đào Duy Anh
693,21.0083914,105.8392555,"21.01,105.84"
694,21.0044822,105.8242213,Ngõ 554 Đường Trường Chinh
695,21.0055812,105.8301995,"21.01,105.83"
696,21.0050715,105.8278696,"21.01,105.83"
697,21.0058289,105.8261423,"21.01,105.83"
698,21.0056166,105.8266141,"21.01,105.83"
699,21.0060057,105.8268124,"21.01,105.83"
700,21.0043665,105.8264474,"21.0,105.83"
701,21.0046567,105.8258173,Phố Khương Thượng
702,21.0060369,105.829303,Ngõ 43 Phố Chùa Bộc
703,21.0039497,105.8311655,"21.0,105.83"
704,21.0032173,105.8365935,Ngõ 65 Phố Lương Định Của
705,21.0030795,105.8360626,Phố Lương Định Của
706,21.0032388,105.8360592,Phố Lương Định Của
707,21.0058431,105.8393668,Ngõ 34 Phương Mai
708,21.0054431,105.8380563,"21.01,105.84"
709,21.0049999,105.8382952,"21.0,105.84"
710,21.0047171,105.8383718,"21.0,105.84"
711,21.0030895,105.8375309,"21.0,105.84"
712,21.0032424,105.8382824,"21.0,105.84"
713,21.0040511,105.8395674,"21.0,105.84"
714,21.0040348,105.8395775,"21.0,105.84"
715,21.0040317,105.8395996,"21.0,105.84"
716,21.004031,105.8396304,"21.0,105.84"
717,21.0032798,105.8398289,"21.0,105.84"
718,21.0026124,105.8380971,"21.0,105.84"
719,21.002611,105.8379005,"21.0,105.84"
720,21.0025999,105.8376511,"21.0,105.84"
721,21.0027216,105.8375918,"21.0,105.84"
722,21.0027066,105.8374347,"21.0,105.84"
723,21.0026075,105.8369713,"21.0,105.84"
724,21.0026185,105.8382447,"21.0,105.84"
725,21.002328,105.8380566,"21.0,105.84"
726,21.0021143,105.8319062,"21.0,105.83"
727,21.0013419,105.8316824,Ngõ Hồ Hố Mẻ
728,21.0033697,105.8319435,"21.0,105.83"
729,21.001923,105.8410892,"21.0,105.84"
730,21.0042535,105.8217591,Cầu vượt Ngã Tư Sở
731,21.0112402,105.825529,Phố Tây Sơn
732,21.0108807,105.8257732,Ngõ 157 Tây Sơn
733,21.0096805,105.824699,Phố Tây Sơn
734,21.0110281,105.8253888,Ngõ 157 Tây Sơn
735,21.0122754,105.8352471,"21.01,105.84"
736,21.012629,105.8355081,Phố Xã Đàn
737,21.0110527,105.8364334,Ngõ 6 Phạm Ngọc Thạch
738,21.0129411,105.835217,Phố Xã Đàn
739,21.0128435,105.8349271,Ngõ 89 Phố Xã Đàn
740,21.0088159,105.8272768,"21.01,105.83"
741,21.0129849,105.8268489,Ngõ 21 Phố Tây Sơn
742,21.0112198,105.8258703,Ngõ 119 Tây Sơn
743,21.0113449,105.8256022,Phố Tây Sơn
744,21.0031969,105.8217426,Ngõ 630 Trường Chinh
745,21.002864,105.8215609,Đường Trường Chinh
746,21.002473,105.8290886,Ngõ 22 Phố Tôn Thất Tùng
747,21.0023344,105.8296911,Phố Tôn Thất Tùng
748,21.0074689,105.833713,Ngõ 6 Phố Lương Định Của
749,21.0079073,105.8342453,Phố Lương Định Của
750,21.0055342,105.8330552,Ngõ 39 Phố Đông Tác
751,21.0019349,105.8357382,Ngõ 30 Phố Lương Định Của
752,21.0041207,105.8377372,Ngõ 8 Phương Mai
753,20.9985154,105.8391842,Đường Trường Chinh
754,21.0029004,105.8355443,Ngõ 28B Phố Lương Định Của
755,21.0026719,105.8356148,Ngõ 28C Phố Lương Định Của
756,21.0029018,105.8360586,Ngõ 28B Phố Lương Định Của
757,20.9991234,105.8392063,Ngõ 74 Đường Trường Chinh
758,21.0053544,105.8412936,Đường Giải Phóng
759,21.0074015,105.8409983,"21.01,105.84"
760,21.0105235,105.8363554,Phố Phạm Ngọc Thạch
761,21.0110771,105.8367953,"21.01,105.84"
762,21.0111798,105.8368974,Phố Xã Đàn
763,21.0108797,105.8369694,Phố Phạm Ngọc Thạch
764,21.0110089,105.836891,Phố Phạm Ngọc Thạch
765,21.0075925,105.8410955,"21.01,105.84"
766,21.0070308,105.8323301,Phố Phạm Ngọc Thạch
767,21.0069085,105.832178,Phố Phạm Ngọc Thạch
768,21.0080943,105.8388719,Phố Đào Duy Anh
769,21.0094117,105.8376464,"21.01,105.84"
770,21.0095491,105.8375337,"21.01,105.84"
771,21.0095489,105.8376584,"21.01,105.84"
772,21.0074346,105.8410312,"21.01,105.84"
773,21.0074621,105.8410621,"21.01,105.84"
774,21.0074915,105.8410808,"21.01,105.84"
775,21.0075397,105.8410922,"21.01,105.84"
776,21.004432,105.8412682,Đường Giải Phóng
777,20.9981531,105.8411411,Đường Giải Phóng
778,21.0000578,105.841058,"21.0,105.84"
779,21.0000593,105.8412002,"21.0,105.84"
780,21.0000608,105.8411169,"21.0,105.84"
781,21.00176,105.8301464,Ngõ Hồ Hố Mẻ
782,21.0080894,105.8271943,Phố Chùa Bộc
783,21.0080286,105.8271671,Phố Chùa Bộc
784,21.0090573,105.8245318,"21.01,105.82"
785,21.0092349,105.8246237,"21.01,105.82"
786,21.0083225,105.8265004,Ngõ 203 Chùa Bộc
787,21.0069778,105.8294801,Phố Chùa Bộc
788,21.0076611,105.8283022,"21.01,105.83"
789,21.0074992,105.8282268,"21.01,105.83"
790,21.0075962,105.8284087,"21.01,105.83"
791,21.007456,105.8283428,"21.01,105.83"
792,21.0063882,105.8310305,Phố Chùa Bộc
793,21.0062474,105.8309478,Phố Chùa Bộc
794,21.0064426,105.830619,Phố Chùa Bộc
795,21.0073434,105.8288975,Phố Chùa Bộc
796,21.0077733,105.8280466,"21.01,105.83"
797,21.0104207,105.8250477,Phố Tây Sơn
798,21.0058306,105.8227842,Phố Tây Sơn
799,21.0054936,105.8226298,Phố Tây Sơn
800,21.0046118,105.841001,"21.0,105.84"
801,21.0040869,105.8408857,"21.0,105.84"
802,21.0042094,105.8401901,"21.0,105.84"
803,21.004159,105.8390374,"21.0,105.84"
804,21.0040685,105.8385931,"21.0,105.84"
805,21.0040839,105.8395653,"21.0,105.84"
806,21.00373,105.8372675,Phố Phương Mai
807,21.0013757,105.8412209,Đường Giải Phóng
808,21.0017416,105.8412279,Đường Giải Phóng
809,21.0033212,105.8206451,"21.0,105.82"
810,21.00335,105.8205673,"21.0,105.82"
811,21.0095894,105.8382737,"21.01,105.84"
812,21.0107034,105.8371789,"21.01,105.84"
813,21.0013301,105.8275581,Đường Trường Chinh
814,21.0016158,105.8265124,Đường Trường Chinh
815,21.0063121,105.8314193,"21.01,105.83"
816,21.0064256,105.8313145,"21.01,105.83"
817,21.0065963,105.8315376,"21.01,105.83"
818,21.0020704,105.8295885,"21.0,105.83"
819,21.0031139,105.830006,"21.0,105.83"
820,21.003675,105.8301865,"21.0,105.83"
821,21.0041344,105.8302616,"21.0,105.83"
822,21.0048585,105.8309557,"21.0,105.83"
823,21.0049401,105.83063,Phố Tôn Thất Tùng
824,21.0033324,105.8206028,"21.0,105.82"
825,21.0032688,105.8206996,"21.0,105.82"
826,21.0031473,105.8207341,Đường Láng
827,21.0057325,105.8323704,Ngõ 43 Đông Tác
828,21.0056712,105.8324683,Ngõ 43 Đông Tác
829,21.0059057,105.8327195,Phố Đông Tác
830,21.0068852,105.832147,Ngõ 103 Phạm Ngọc Thạch
831,21.0067918,105.8322171,Ngõ 103 Phạm Ngọc Thạch
832,21.0066915,105.8322805,Ngõ 103 Phạm Ngọc Thạch
833,21.0061995,105.8324884,Ngõ 103 Phạm Ngọc Thạch
834,21.0062013,105.835346,"21.01,105.84"
835,21.0060222,105.8352738,"21.01,105.84"
836,21.0061475,105.835061,"21.01,105.84"
837,21.0072718,105.8349059,"21.01,105.83"
838,21.0082004,105.8339738,Phố Lương Định Của
839,21.0085189,105.8338633,"21.01,105.83"
840,21.0081583,105.8339383,"21.01,105.83"
841,21.00822,105.8340074,"21.01,105.83"
842,21.0084806,105.8338013,"21.01,105.83"
843,21.0083103,105.8339743,"21.01,105.83"
844,21.0082014,105.8338349,"21.01,105.83"
845,21.0075028,105.8346205,Phố Lương Định Của
846,21.0106449,105.8371999,"21.01,105.84"
847,21.0101565,105.8359137,Phố Phạm Ngọc Thạch
848,21.0096526,105.835409,Ngõ 46A Phạm Ngọc Thạch
849,21.0046691,105.8357656,"21.0,105.84"
850,21.0053342,105.835576,"21.01,105.84"
851,21.0053447,105.8354821,"21.01,105.84"
852,21.0082579,105.83372,Phố Phạm Ngọc Thạch
853,21.0089445,105.8386416,"21.01,105.84"
854,21.0082389,105.8336224,Phố Phạm Ngọc Thạch
855,21.0081731,105.833676,Phố Phạm Ngọc Thạch
856,21.0070575,105.8323625,Phố Phạm Ngọc Thạch
857,21.0122971,105.8281158,"21.01,105.83"
858,21.0124024,105.8287822,"21.01,105.83"
859,21.0108849,105.8367867,Phố Phạm Ngọc Thạch
860,21.011103,105.8369661,Phố Phạm Ngọc Thạch
861,21.0108009,105.8368691,Phố Phạm Ngọc Thạch
862,21.0082183,105.832104,"21.01,105.83"
863,21.0089044,105.8315669,"21.01,105.83"
864,21.0087241,105.8309121,Ngõ 75 Phố Đặng Văn Ngữ
865,21.0090824,105.8315328,Ngõ 75 Phố Đặng Văn Ngữ
866,21.0080292,105.831663,Ngõ 40 Phố Nguyễn Ngọc Doãn
867,21.0083226,105.8320118,Ngõ 47 Phố Đặng Văn Ngữ
868,21.0079133,105.8320054,Ngõ 29 Phố Đặng Văn Ngữ
869,21.0080794,105.8322228,Ngõ 29 Phố Đặng Văn Ngữ
870,21.0075711,105.8327051,"21.01,105.83"
871,21.0140257,105.8341953,Phố Xã Đàn
872,21.013998,105.8338429,Phố Nam Đồng
873,21.0141362,105.8339759,"21.01,105.83"
874,21.0015193,105.835213,Ngõ 32 Phố Lương Định Của
875,21.0016776,105.8360523,Ngõ 32 Phố Lương Định Của
876,21.0019912,105.8371424,Ngõ 89 Phố Lương Định Của
877,21.0018341,105.8360524,Ngõ 89 Phố Lương Định Của
878,20.9982128,105.8412245,"21.0,105.84"
879,20.998282,105.8411437,"21.0,105.84"
880,21.004697,105.8412795,Đường Giải Phóng
881,20.999988,105.8319564,Đường Trường Chinh
882,21.0104436,105.8251554,"21.01,105.83"
883,21.010308,105.8250863,"21.01,105.83"
884,21.0095161,105.8246137,Phố Tây Sơn
885,21.0095091,105.8245859,"21.01,105.82"
886,21.0095097,105.8245631,"21.01,105.82"
887,21.0114014,105.8264038,Ngõ 61 Phố Tây Sơn
888,21.0124958,105.8263454,Phố Tây Sơn
889,21.0107529,105.8255911,Ngõ 155 Phố Tây Sơn
890,21.0108828,105.8252977,Ngõ 155 Phố Tây Sơn
891,21.0125919,105.8267069,"21.01,105.83"
892,21.0127067,105.8264707,"21.01,105.83"
893,21.0051202,105.832686,Ngõ 41 Phố Đông Tác
894,21.0045758,105.832589,Ngõ 41 Phố Đông Tác
895,21.0029045,105.8328213,Ngõ 41 Phố Đông Tác
896,21.0051717,105.8411568,"21.01,105.84"
897,21.0051611,105.8411038,"21.01,105.84"
898,21.0052725,105.8328997,Ngõ 41 Đông Tác
899,20.9990044,105.8371679,Đường Trường Chinh
900,20.9989584,105.8373224,Đường Trường Chinh
901,20.9989616,105.8383317,"21.0,105.84"
902,20.9991169,105.8383343,"21.0,105.84"
903,20.9987914,105.8383289,"21.0,105.84"
904,20.9987269,105.838314,"21.0,105.84"
905,20.998566,105.8389682,Đường Trường Chinh
906,21.0019872,105.8252013,Đường Trường Chinh
907,21.0032945,105.8223853,Ngách 592/29 Đường Trường Chinh
908,21.0030196,105.8229146,"21.0,105.82"
909,21.003206,105.8226152,"21.0,105.82"
910,21.0089628,105.8311965,Ngõ 75 Phố Đặng Văn Ngữ
911,21.0042612,105.8245169,Phố Khương Thượng
912,21.0034513,105.8241859,Phố Khương Thượng
913,21.0036132,105.8240585,Phố Khương Thượng
914,21.0037425,105.8240456,"21.0,105.82"
915,21.003798,105.8240856,Phố Khương Thượng
916,21.0039307,105.8241607,Phố Khương Thượng
917,21.004096,105.8243055,Phố Khương Thượng
918,20.9981048,105.840007,"21.0,105.84"
919,21.000524,105.8296672,Đường Vành đai 2
920,20.9997179,105.8326588,Đường Vành đai 2
921,20.9992216,105.8352616,Đường Vành đai 2
922,20.998947,105.8368716,Đường Vành đai 2
923,20.9981646,105.8401043,Đường Vành đai 2
924,20.9982301,105.8400858,"21.0,105.84"
925,20.9984203,105.8395695,Đường Trường Chinh
926,20.9982413,105.8399246,Đường Trường Chinh
927,20.9989988,105.8368397,Đường Trường Chinh
928,20.9990819,105.8368294,Đường Trường Chinh
929,20.9988543,105.8374806,Đường Trường Chinh
930,21.0023062,105.823974,Phố Khương Thượng
931,20.99853,105.8411489,"21.0,105.84"
932,20.9981316,105.8404683,Đường Trường Chinh
933,20.9984829,105.8410587,"21.0,105.84"
934,21.0014927,105.8293446,Phố Tôn Thất Tùng
935,21.0016267,105.8290241,Ngõ 72 Tôn Thất Tùng
936,21.0017509,105.8284885,Ngõ 72 Tôn Thất Tùng
937,21.0019146,105.8275031,Ngách 82 Ngõ 72 Phố Tôn Thất Tùng
938,21.0018966,105.8273875,Ngõ 72 Tôn Thất Tùng
939,21.0019543,105.8272766,"21.0,105.83"
940,21.0019513,105.8270387,Ngõ 72 Tôn Thất Tùng
941,21.0019223,105.826966,Ngõ 72 Tôn Thất Tùng
942,21.001917,105.8268536,Ngõ 72 Tôn Thất Tùng
943,21.0019374,105.826495,Ngõ 354 Đường Trường Chinh
944,21.0019129,105.8260918,Ngõ 354 Đường Trường Chinh
945,21.0025667,105.8265736,Ngõ 191 Khương Thượng
946,21.0023617,105.8243937,Ngõ 199 Khương Thượng
947,21.0022961,105.8246315,Ngõ 199 Khương Thượng
948,21.0022508,105.8247525,Ngõ 199 Khương Thượng
949,21.0022264,105.8248527,Ngõ 199 Khương Thượng
950,21.0021938,105.8249094,Ngõ 199 Khương Thượng
951,21.0021808,105.8250125,Ngõ 199 Khương Thượng
952,21.0021602,105.825193,Ngõ 199 Khương Thượng
953,21.0026206,105.8244144,Ngõ 191 Khương Thượng
954,21.0025396,105.8246044,Ngõ 191 Khương Thượng
955,21.0024989,105.824783,Ngõ 191 Khương Thượng
956,21.0024827,105.8248658,Ngõ 191 Khương Thượng
957,21.0024745,105.8249791,Ngõ 191 Khương Thượng
958,21.0024623,105.8250488,Ngõ 191 Khương Thượng
959,21.0024379,105.825075,Ngõ 191 Khương Thượng
960,21.0024176,105.8251273,Ngõ 191 Khương Thượng
961,21.0024314,105.8252053,"21.0,105.83"
962,21.0024176,105.825454,Ngõ 191 Khương Thượng
963,21.0024424,105.8255953,Ngõ 191 Khương Thượng
964,21.0024484,105.8256895,Ngõ 191 Khương Thượng
965,21.002536,105.8261145,"21.0,105.83"
966,21.0025564,105.8262171,Ngõ 191 Khương Thượng
967,21.0025893,105.8263709,Ngõ 191 Khương Thượng
968,21.002586,105.8264326,Ngõ 191 Khương Thượng
969,21.0025124,105.8290098,Ngõ 22 Phố Tôn Thất Tùng
970,21.0025696,105.8290109,Ngõ 22 Phố Tôn Thất Tùng
971,21.0026716,105.8290229,Ngõ 22 Phố Tôn Thất Tùng
972,21.0027554,105.8290332,Ngõ 22 Phố Tôn Thất Tùng
973,21.0027511,105.8289311,Ngõ 22 Phố Tôn Thất Tùng
974,21.0027633,105.8287394,Ngõ 22 Phố Tôn Thất Tùng
975,21.0027877,105.8285869,Ngõ 22 Phố Tôn Thất Tùng
976,21.0028337,105.8284712,Ngõ 22 Phố Tôn Thất Tùng
977,21.0028532,105.8283343,Ngõ 22 Phố Tôn Thất Tùng
978,21.0028806,105.8281413,Ngõ 22 Phố Tôn Thất Tùng
979,21.0029043,105.8279719,Ngõ 22 Phố Tôn Thất Tùng
980,21.0028883,105.8277099,Ngõ 354 Đường Trường Chinh
981,21.00286,105.8274584,Ngách 354/137 Trường Chinh
982,21.0028033,105.8269454,Ngách 22/99 Tôn Thất Tùng
983,21.002756,105.826723,Ngõ 354 Đường Trường Chinh
984,21.0027067,105.8265844,Ngõ 354 Đường Trường Chinh
985,21.0046849,105.8273245,Ngõ 95 Phố Chùa Bộc
986,21.005836,105.8259125,"21.01,105.83"
987,21.0057433,105.8261026,"21.01,105.83"
988,21.0056099,105.8258015,"21.01,105.83"
989,21.0101539,105.8349182,Ngõ 46A Phố Phạm Ngọc Thạch
990,21.0103492,105.8347841,Ngõ 46A Phố Phạm Ngọc Thạch
991,21.0086465,105.8341865,Phố Phạm Ngọc Thạch
992,21.0073563,105.83606,Ngõ 5 Hoàng Tích Trí
993,21.0034061,105.8411313,"21.0,105.84"
994,21.0003818,105.8411246,"21.0,105.84"
995,21.0069615,105.8411878,Đường Giải Phóng
996,21.0059166,105.8340457,Phố Đông Tác
997,21.0081253,105.8353458,Ngõ 65 Phạm Ngọc Thạch
998,21.0084677,105.8348091,"21.01,105.83"
999,21.0040083,105.8408902,"21.0,105.84"
1000,21.0003866,105.8409658,"21.0,105.84"
1001,21.0003827,105.8410582,"21.0,105.84"
1002,21.0019182,105.8410223,"21.0,105.84"
1003,21.0095601,105.8294877,"21.01,105.83"
1004,21.0091417,105.8292759,"21.01,105.83"
1005,21.0095285,105.8284101,"21.01,105.83"
1006,21.0091964,105.8282391,"21.01,105.83"
1007,21.0090296,105.8295088,"21.01,105.83"
1008,21.0086702,105.8293116,"21.01,105.83"
1009,21.0099685,105.8256289,"21.01,105.83"
1010,21.0099319,105.825711,"21.01,105.83"
1011,21.009636,105.8273231,Ngõ 167 Phố Tây Sơn
1012,21.009588,105.8255952,"21.01,105.83"
1013,21.0096446,105.8254652,"21.01,105.83"
1014,21.009705,105.8253335,"21.01,105.83"
1015,21.0098227,105.8253952,"21.01,105.83"
1016,21.0100232,105.8255103,"21.01,105.83"
1017,21.0097719,105.8260595,"21.01,105.83"
1018,21.0101134,105.8262863,Ngách 15 / Ngách 25
1019,21.0100889,105.8262194,"21.01,105.83"
1020,21.0007536,105.8387413,"21.0,105.84"
1021,21.0004887,105.8387352,"21.0,105.84"
1022,21.000469,105.8392396,"21.0,105.84"
1023,21.0076639,105.8410507,"21.01,105.84"
1024,21.0027235,105.8222649,Đường Trường Chinh
1025,21.0021482,105.8245643,Đường Trường Chinh
1026,21.0018842,105.8254746,Đường Vành đai 2
1027,21.001498,105.8267372,Đường Vành đai 2
1028,21.0009664,105.8284248,Đường Vành đai 2
1029,21.0026326,105.8226895,Đường Trường Chinh
1030,21.0107501,105.8371194,"21.01,105.84"
1031,21.0051933,105.8251426,"21.01,105.83"
1032,21.0125632,105.8326283,Phố Đặng Văn Ngữ
1033,21.011927,105.8319815,"21.01,105.83"
1034,21.0075176,105.8314267,"21.01,105.83"
1035,21.0088542,105.8339223,"21.01,105.83"
1036,21.0086203,105.8330044,"21.01,105.83"
1037,21.0071931,105.8309205,"21.01,105.83"
1038,21.0073167,105.8306102,"21.01,105.83"
1039,21.0062837,105.8355818,"21.01,105.84"
1040,21.005892,105.8357485,"21.01,105.84"
1041,21.0031311,105.8362478,Ngõ 65 Phố Lương Định Của
1042,21.004933,105.822489,"21.0,105.82"
1043,21.0052072,105.8226287,"21.01,105.82"
1044,21.0055854,105.8227806,"21.01,105.82"
1045,21.0047329,105.8223823,"21.0,105.82"
1046,21.0044514,105.8221704,"21.0,105.82"
1047,21.0041387,105.8218888,"21.0,105.82"
1048,21.0039688,105.8216879,"21.0,105.82"
1049,21.0036856,105.8213302,"21.0,105.82"
1050,21.0034783,105.8210209,"21.0,105.82"
1051,21.0033097,105.820997,"21.0,105.82"
1052,21.0054445,105.8227391,"21.01,105.82"
1053,21.0066136,105.8232285,Phố Khương Thượng
1054,21.0057865,105.8228849,"21.01,105.82"
1055,21.0071845,105.823471,"21.01,105.82"
1056,21.0078241,105.8237998,"21.01,105.82"
1057,21.0085919,105.8242284,"21.01,105.82"
1058,21.0086796,105.8242821,"21.01,105.82"
1059,21.0087745,105.8245459,"21.01,105.82"
1060,21.0089028,105.8250466,"21.01,105.83"
1061,21.0088976,105.8251379,"21.01,105.83"
1062,21.0075885,105.8280384,"21.01,105.83"
1063,21.0064199,105.8305314,"21.01,105.83"
1064,21.0063233,105.8306964,"21.01,105.83"
1065,21.0061694,105.8308931,"21.01,105.83"
1066,21.0086323,105.8257129,Ngõ 249 Phố Chùa Bộc
1067,21.0084259,105.8261682,"21.01,105.83"
1068,21.0059728,105.8229763,"21.01,105.82"
1069,21.0079576,105.827198,"21.01,105.83"
1070,21.0072843,105.8286808,"21.01,105.83"
1071,21.0070093,105.8292805,"21.01,105.83"
1072,21.0068059,105.8296839,"21.01,105.83"
1073,21.0015153,105.8292804,"21.0,105.83"
1074,21.0018931,105.8294471,"21.0,105.83"
1075,21.0023482,105.8296355,"21.0,105.83"
1076,21.005395,105.8307012,"21.01,105.83"
1077,21.0058056,105.8308524,"21.01,105.83"
1078,21.0030906,105.8210616,"21.0,105.82"
1079,21.0029398,105.821573,"21.0,105.82"
1080,21.0028035,105.8221002,"21.0,105.82"
1081,20.9986392,105.8385174,"21.0,105.84"
1082,20.9990314,105.8368879,"21.0,105.84"
1083,21.0016881,105.8262785,Đường Trường Chinh
1084,21.001663,105.8259898,Đường Trường Chinh
1085,21.0026582,105.8220476,Đường Trường Chinh
1086,21.0029335,105.8216014,"21.0,105.82"
1087,21.0044114,105.8221344,"21.0,105.82"
1088,21.0048853,105.8224636,"21.0,105.82"
1089,21.000714,105.8293059,Đường Trường Chinh
1090,21.00106,105.8291663,Phố Tôn Thất Tùng
1091,21.0008786,105.8290841,Phố Tôn Thất Tùng
1092,21.0006792,105.8294015,"21.0,105.83"
1093,21.0141169,105.834118,Phố Xã Đàn
1094,21.007596,105.8244664,"21.01,105.82"
1095,21.0076038,105.8244396,"21.01,105.82"
1096,21.0076016,105.8244159,"21.01,105.82"
1097,21.0075922,105.8243943,"21.01,105.82"
1098,21.0074737,105.8244382,"21.01,105.82"
1099,21.007478,105.8244597,"21.01,105.82"
1100,21.0074885,105.8244787,"21.01,105.82"
1101,21.0075765,105.8243774,"21.01,105.82"
1102,21.0125772,105.8324339,Phố Đặng Văn Ngữ
1103,21.0004365,105.83019,Đường Trường Chinh
1104,21.0005773,105.829724,Đường Trường Chinh
1105,21.0014607,105.8271192,Đường Trường Chinh
1106,21.0014759,105.827062,Đường Trường Chinh
1107,21.0014484,105.8271696,Đường Trường Chinh
1108,20.9980163,105.8409176,"21.0,105.84"
1109,20.9983983,105.8409049,"21.0,105.84"
1110,21.0096876,105.8336047,Ngõ 4 Đặng Văn Ngữ
1111,21.009885,105.8334184,"21.01,105.83"
1112,21.0094711,105.83333,Ngõ 4 Đặng Văn Ngữ
1113,21.0092542,105.833065,Ngõ 4 Phố Đặng Văn Ngữ
1114,21.0057736,105.8410033,Đường Giải Phóng
1115,21.0057736,105.8407874,Ngõ 24 Giải Phóng
1116,21.0057009,105.8406989,Ngõ 24 Giải Phóng
1117,21.0057175,105.8401999,Ngõ 24 Giải Phóng
1118,21.0056778,105.8398425,Ngõ 24 Giải Phóng
1119,21.0057075,105.8397752,Ngõ 24 Giải Phóng
1120,21.0073632,105.8409587,"21.01,105.84"
1121,21.0073311,105.8410354,"21.01,105.84"
1122,21.0070522,105.8308476,"21.01,105.83"
1123,21.0069626,105.8310859,"21.01,105.83"
1124,21.0067908,105.8263667,"21.01,105.83"
1125,21.0108592,105.8332414,Ngõ 6 Đặng Văn Ngữ
1126,21.0081253,105.8340433,Phố Lương Định Của
1127,21.0015534,105.8306718,Ngõ Hồ Hố Mẻ
1128,21.000506,105.8299421,Đường Trường Chinh
1129,21.0003873,105.830119,Đường Vành đai 2
1130,21.0101346,105.8375902,"21.01,105.84"
1131,21.0093895,105.8381681,"21.01,105.84"
1132,21.00889,105.8385893,"21.01,105.84"
1133,21.0083277,105.8392474,"21.01,105.84"
1134,21.0079252,105.8398974,"21.01,105.84"
1135,21.0077193,105.840333,"21.01,105.84"
1136,21.0076559,105.8405787,"21.01,105.84"
1137,21.0074581,105.8408471,"21.01,105.84"
1138,21.0135921,105.834514,"21.01,105.83"
1139,21.0129167,105.8351431,"21.01,105.84"
1140,21.0125728,105.8354529,"21.01,105.84"
1141,21.0118817,105.836113,"21.01,105.84"
1142,21.0112487,105.8366992,"21.01,105.84"
1143,21.0112191,105.8367171,"21.01,105.84"
1144,21.0109724,105.8367382,"21.01,105.84"
1145,21.0108243,105.8366326,"21.01,105.84"
1146,21.0110704,105.836741,"21.01,105.84"
1147,21.0107985,105.8369891,"21.01,105.84"
1148,21.010793,105.8370461,"21.01,105.84"
1149,21.0104249,105.8264426,Ngách 15 / Ngách 25
1150,21.0106749,105.8258993,Ngách 15 / Ngách 25
1151,21.0048188,105.8337789,Ngõ 19 Đông Tác
1152,21.0048697,105.8337437,Ngõ 19 Đông Tác
1153,21.004936,105.8337309,Ngõ 19 Đông Tác
1154,21.0049981,105.833722,Ngõ 19 Đông Tác
1155,21.0051483,105.833667,"21.01,105.83"
1156,21.0051254,105.8336224,Ngõ 19 Phố Đông Tác
1157,21.0051254,105.8335959,Ngõ 19 Phố Đông Tác
1158,21.0052423,105.8334897,"21.01,105.83"
1159,21.005383,105.8335745,Ngõ 19 Phố Đông Tác
1160,21.0054176,105.8335867,Ngõ 19 Phố Đông Tác
1161,21.005551,105.8335636,"21.01,105.83"
1162,21.0058717,105.8335843,Ngõ 19 Phố Đông Tác
1163,21.0046444,105.8338675,Ngõ 19 Đông Tác
1164,21.0043775,105.8218816,Cầu vượt Ngã Tư Sở
1165,21.0041627,105.8216541,Cầu vượt Ngã Tư Sở
1166,21.0046123,105.8220934,Cầu vượt Ngã Tư Sở
1167,21.0047423,105.8221953,Cầu vượt Ngã Tư Sở
1168,21.0045235,105.8221384,Phố Tây Sơn
1169,21.0079687,105.8399115,Phố Xã Đàn
1170,21.0095064,105.8382126,Hầm chui Kim Liên
1171,21.0080317,105.8399461,Hầm chui Kim Liên
1172,21.0078813,105.8402613,Hầm chui Kim Liên
1173,21.0107798,105.8370687,"21.01,105.84"
1174,21.0093594,105.8385009,Hầm chui Kim Liên
1175,21.0103347,105.8310496,Ngõ 4C Phố Đặng Văn Ngữ
1176,21.008019,105.8342572,"21.01,105.83"
1177,21.0097396,105.8360811,Ngõ 21 Phạm Ngọc Thạch
1178,21.0105115,105.8366341,Phố Đào Duy Anh
1179,21.0087266,105.8348219,Ngõ 65 Phạm Ngọc Thạch
1180,21.0065415,105.8355103,Phố Lương Định Của
1181,21.0071827,105.8332845,Ngõ 97 Phạm Ngọc Thạch
1182,21.0042512,105.8295509,"21.0,105.83"
1183,21.00408,105.8303178,Phố Tôn Thất Tùng
1184,21.0040027,105.8358697,Phố Lương Định Của
1185,21.0031015,105.8343831,"21.0,105.83"
1186,21.0048037,105.8338972,Ngõ 28 Lương Đình Của
1187,21.003685,105.8343092,"21.0,105.83"
1188,21.0049735,105.8355961,Ngõ 27 Lương Định Của
1189,21.0088262,105.8298336,Ngõ 65 Phố Nguyễn Ngọc Doãn
1190,21.0089779,105.8298015,Phố Nguyễn Ngọc Doãn
1191,21.0104072,105.8305782,Phố Nguyễn Ngọc Doãn
1192,21.0023528,105.8236097,Đường Vành đai 2
1193,21.0109025,105.8367085,"21.01,105.84"
1194,21.0100308,105.8357203,"21.01,105.84"
1195,21.0092341,105.8347393,"21.01,105.83"
1196,21.0097199,105.8353376,Ngõ 46A Phạm Ngọc Thạch
1197,21.0101806,105.8358932,"21.01,105.84"
1198,21.0079881,105.8335635,"21.01,105.83"
1199,21.0075533,105.8330412,"21.01,105.83"
1200,21.0083252,105.8339367,"21.01,105.83"
1201,21.0089167,105.8346629,"21.01,105.83"
1202,21.0094258,105.835283,"21.01,105.84"
1203,21.0099399,105.8359098,Ngõ 21 Phạm Ngọc Thạch
1204,21.0064321,105.8311928,"21.01,105.83"
1205,21.0064218,105.8311534,"21.01,105.83"
1206,21.006421,105.8311058,"21.01,105.83"
1207,21.0064745,105.8309783,"21.01,105.83"
1208,21.0075074,105.8286481,"21.01,105.83"
1209,21.007384,105.8289185,"21.01,105.83"
1210,21.0066338,105.8306314,"21.01,105.83"
1211,21.0080465,105.8333019,"21.01,105.83"
1212,21.0070868,105.8320342,"21.01,105.83"
1213,21.0062929,105.8314973,"21.01,105.83"
1214,21.0062118,105.831435,"21.01,105.83"
1215,21.0061707,105.831434,"21.01,105.83"
1216,21.0061266,105.8314554,"21.01,105.83"
1217,21.0060915,105.8315401,"21.01,105.83"
1218,21.0059157,105.8322155,"21.01,105.83"
1219,21.0059137,105.8322928,"21.01,105.83"
1220,21.0068446,105.8321751,"21.01,105.83"
1221,21.0068479,105.8321791,"21.01,105.83"
1222,21.0059637,105.8325246,"21.01,105.83"
1223,21.007009,105.8323795,"21.01,105.83"
1224,21.0062629,105.8314618,"21.01,105.83"
1225,21.006479,105.8312638,"21.01,105.83"
1226,21.0064365,105.831061,"21.01,105.83"
1227,21.0064739,105.8354803,"21.01,105.84"
1228,21.006208,105.8351875,"21.01,105.84"
1229,21.0061654,105.8349175,"21.01,105.83"
1230,21.0060898,105.8345578,"21.01,105.83"
1231,21.0060476,105.8343803,"21.01,105.83"
1232,21.0059886,105.8341495,"21.01,105.83"
1233,21.0059267,105.8339,"21.01,105.83"
1234,21.0059224,105.8335058,"21.01,105.83"
1235,21.0059688,105.8330166,"21.01,105.83"
1236,21.00597,105.8329359,"21.01,105.83"
1237,21.0059888,105.8328288,"21.01,105.83"
1238,21.0059743,105.8328853,"21.01,105.83"
1239,21.0061215,105.8347237,"21.01,105.83"
1240,21.0065043,105.8354691,"21.01,105.84"
1241,21.0065453,105.8354457,"21.01,105.84"
1242,21.0082166,105.8338854,"21.01,105.83"
1243,21.00787,105.8342001,"21.01,105.83"
1244,21.0076633,105.8344013,"21.01,105.83"
1245,21.0074754,105.8345862,"21.01,105.83"
1246,21.0072003,105.8348351,"21.01,105.83"
1247,21.0069909,105.8350403,"21.01,105.84"
1248,21.0067762,105.8352355,"21.01,105.84"
1249,21.0065275,105.8354602,"21.01,105.84"
1250,21.008202,105.8338091,"21.01,105.83"
1251,21.0082236,105.8338403,"21.01,105.83"
1252,21.0082276,105.833865,"21.01,105.83"
1253,21.0083077,105.8339337,"21.01,105.83"
1254,21.0082877,105.8339433,"21.01,105.83"
1255,21.0077078,105.8344927,"21.01,105.83"
1256,21.0081874,105.8340383,"21.01,105.83"
1257,21.0079918,105.8342236,"21.01,105.83"
1258,21.0077357,105.8344664,"21.01,105.83"
1259,21.0074707,105.8347184,"21.01,105.83"
1260,21.0111312,105.8341976,"21.01,105.83"
1261,21.0108784,105.8337611,"21.01,105.83"
1262,21.010582,105.8333731,"21.01,105.83"
1263,21.0108764,105.8348138,"21.01,105.83"
1264,21.0108175,105.830453,"21.01,105.83"
1265,21.0099206,105.8302926,"21.01,105.83"
1266,21.0100678,105.830023,"21.01,105.83"
1267,21.0104878,105.8302806,"21.01,105.83"
1268,21.0105998,105.8300617,"21.01,105.83"
1269,21.0114321,105.8302303,Ngõ 25 Phố Hồ Đắc Di
1270,21.0113308,105.8304098,"21.01,105.83"
1271,21.010799,105.8301818,"21.01,105.83"
1272,21.0104763,105.8295066,"21.01,105.83"
1273,21.0107701,105.8288622,"21.01,105.83"
1274,21.0109722,105.8293632,"21.01,105.83"
1275,21.0111987,105.8293725,"21.01,105.83"
1276,21.0104221,105.8296438,"21.01,105.83"
1277,21.0109182,105.8299231,Ngõ 25 Phố Hồ Đắc Di
1278,21.0098291,105.8306222,Ngõ 81 Phố Đặng Văn Ngữ
1279,21.0104447,105.830863,Ngõ 81 Phố Đặng Văn Ngữ
1280,21.0105574,105.8309251,Ngõ 81 Phố Đặng Văn Ngữ
1281,21.0121713,105.8353095,"21.01,105.84"
1282,21.012134,105.8349895,"21.01,105.83"
1283,21.0108972,105.8359122,"21.01,105.84"
1284,21.0109416,105.8358857,"21.01,105.84"
1285,21.011066,105.8357732,"21.01,105.84"
1286,21.0110502,105.8356547,"21.01,105.84"
1287,21.0103356,105.8357396,"21.01,105.84"
1288,21.010459,105.8359006,"21.01,105.84"
1289,21.0107386,105.835679,"21.01,105.84"
1290,21.0105742,105.8351569,"21.01,105.84"
1291,21.0114342,105.83665,Ngõ 27 Phố Xã Đàn
1292,21.0112401,105.8363879,Ngõ 27 Phố Xã Đàn
1293,21.0120333,105.8355828,"21.01,105.84"
1294,21.0121548,105.8353813,"21.01,105.84"
1295,21.0130381,105.8335621,"21.01,105.83"
1296,21.0128544,105.8333073,"21.01,105.83"
1297,21.0127616,105.8332599,"21.01,105.83"
1298,21.0126516,105.83313,Ngõ 6 Đặng Văn Ngữ
1299,21.013035,105.8342637,"21.01,105.83"
1300,21.0125641,105.833649,"21.01,105.83"
1301,21.0123644,105.8334021,Ngõ 6 Đặng Văn Ngữ
1302,21.0123725,105.8337794,"21.01,105.83"
1303,21.012216,105.8339608,"21.01,105.83"
1304,21.0122236,105.8344157,"21.01,105.83"
1305,21.0120346,105.8341156,"21.01,105.83"
1306,21.0117242,105.834311,"21.01,105.83"
1307,21.0120818,105.8347408,"21.01,105.83"
1308,21.0122589,105.8346444,"21.01,105.83"
1309,21.0118614,105.8348748,"21.01,105.83"
1310,21.0119888,105.8350476,"21.01,105.84"
1311,21.0115685,105.8349346,Ngõ 46 Phố Phạm Ngọc Thạch
1312,21.0119343,105.8354282,"21.01,105.84"
1313,21.011245,105.8360012,Ngõ 29 Phố Xã Đàn
1314,21.0117573,105.8355757,"21.01,105.84"
1315,21.0106924,105.8356202,Ngõ 46 Phố Phạm Ngọc Thạch
1316,21.0109166,105.8354026,"21.01,105.84"
1317,21.0109495,105.8353801,Ngõ 46 Phố Phạm Ngọc Thạch
1318,21.0111509,105.8352201,Ngõ 46 Phố Phạm Ngọc Thạch
1319,21.0113998,105.8350681,Ngõ 46 Phố Phạm Ngọc Thạch
1320,21.0117593,105.8347837,Ngõ 46 Phố Phạm Ngọc Thạch
1321,21.0110601,105.8356132,"21.01,105.84"
1322,21.0106374,105.834993,"21.01,105.83"
1323,21.0105836,105.8346839,Ngõ 46A Phố Phạm Ngọc Thạch
1324,21.0062802,105.8365835,"21.01,105.84"
1325,21.0062644,105.8368897,"21.01,105.84"
1326,21.0065987,105.8365879,"21.01,105.84"
1327,21.006856,105.836825,Ngõ 5 Hoàng Tích Trí
1328,21.0056852,105.8389367,"21.01,105.84"
1329,21.0056668,105.8387076,"21.01,105.84"
1330,21.0057065,105.8384254,"21.01,105.84"
1331,21.0058452,105.837554,"21.01,105.84"
1332,21.0049327,105.8383134,"21.0,105.84"
1333,21.00484,105.8379056,"21.0,105.84"
1334,21.0051529,105.8363776,"21.01,105.84"
1335,21.0039759,105.8361086,Ngõ 46 Phố Phương Mai
1336,21.0037833,105.8364052,Ngõ 46 Phố Phương Mai
1337,21.0037397,105.8362109,"21.0,105.84"
1338,21.0035271,105.8364895,Ngõ 46 Phố Phương Mai
1339,21.0030158,105.8369434,"21.0,105.84"
1340,21.0029536,105.8366588,"21.0,105.84"
1341,21.0028657,105.8366797,"21.0,105.84"
1342,21.0030304,105.8364875,"21.0,105.84"
1343,21.0029541,105.8363215,"21.0,105.84"
1344,21.0028493,105.8363492,"21.0,105.84"
1345,21.0033562,105.8374099,"21.0,105.84"
1346,21.0033457,105.8373838,"21.0,105.84"
1347,21.0033096,105.8372158,"21.0,105.84"
1348,21.0033457,105.8371863,"21.0,105.84"
1349,21.0033022,105.8369671,"21.0,105.84"
1350,21.0035017,105.8375714,"21.0,105.84"
1351,21.0036998,105.8383024,"21.0,105.84"
1352,21.0030549,105.8374644,"21.0,105.84"
1353,21.0030163,105.8373429,"21.0,105.84"
1354,21.0027978,105.8360594,"21.0,105.84"
1355,21.0006681,105.8380651,"21.0,105.84"
1356,21.0006665,105.8375783,"21.0,105.84"
1357,21.0023746,105.8345883,Ngách 167/19 Phố Phương Mai
1358,21.0022553,105.8340153,Ngách 33 Ngõ 167 Phương Mai
1359,21.0024618,105.8339643,"21.0,105.83"
1360,21.0018545,105.8348455,Ngõ 30 Phố Lương Định Của
1361,21.0042957,105.8252414,"21.0,105.83"
1362,21.0041574,105.825346,"21.0,105.83"
1363,21.0044725,105.8255108,"21.0,105.83"
1364,21.0040271,105.8222224,"21.0,105.82"
1365,21.0039283,105.8221357,"21.0,105.82"
1366,21.0038309,105.822027,"21.0,105.82"
1367,21.003497,105.8218004,"21.0,105.82"
1368,21.003381,105.8216752,"21.0,105.82"
1369,21.00327,105.8215418,"21.0,105.82"
1370,21.0032312,105.8214578,"21.0,105.82"
1371,21.0029422,105.8212776,"21.0,105.82"
1372,21.0028164,105.8231538,"21.0,105.82"
1373,21.0030922,105.8233056,"21.0,105.82"
1374,21.0035356,105.8237546,"21.0,105.82"
1375,21.0026643,105.8233301,"21.0,105.82"
1376,21.0024802,105.8233018,"21.0,105.82"
1377,21.003083,105.8294106,"21.0,105.83"
1378,21.0026801,105.8293553,"21.0,105.83"
1379,21.0042195,105.8294865,"21.0,105.83"
1380,21.003771,105.8291983,"21.0,105.83"
1381,21.0042587,105.8265314,Ngõ 123 Khương Thượng
1382,21.0017116,105.8272545,"21.0,105.83"
1383,21.0021626,105.8294936,"21.0,105.83"
1384,21.0022772,105.8290986,"21.0,105.83"
1385,21.0021373,105.8290346,"21.0,105.83"
1386,21.0024484,105.8286736,"21.0,105.83"
1387,21.002775,105.8287922,Ngõ 22 Phố Tôn Thất Tùng
1388,21.0026251,105.8278889,"21.0,105.83"
1389,21.0049521,105.8258333,"21.0,105.83"
1390,21.0051478,105.8254152,"21.01,105.83"
1391,21.0047999,105.8255021,"21.0,105.83"
1392,21.0043628,105.8250439,"21.0,105.83"
1393,21.0044024,105.8256831,Phố Khương Thượng
1394,21.0045392,105.8253467,"21.0,105.83"
1395,21.003799,105.8283975,Ngõ 51 Tam Khương
1396,21.0042264,105.8284081,Ngõ 51 Tam Khương
1397,21.0044988,105.828393,Ngõ 51 Tam Khương
1398,21.0038493,105.828878,Ngõ 31 Tam Khương
1399,21.0044063,105.8289813,Ngõ 31 Tam Khương
1400,21.0034228,105.8291787,"21.0,105.83"
1401,21.0034834,105.828631,"21.0,105.83"
1402,21.0035295,105.828057,Ngách 354/159 Đường Trường Chinh
1403,21.0038,105.8234906,"21.0,105.82"
1404,21.0039242,105.8231618,"21.0,105.82"
1405,21.0047522,105.82369,"21.0,105.82"
1406,21.0045481,105.823474,"21.0,105.82"
1407,21.0041202,105.8232557,"21.0,105.82"
1408,21.0035825,105.8229939,"21.0,105.82"
1409,21.0031408,105.8227421,"21.0,105.82"
1410,21.0036906,105.8234437,"21.0,105.82"
1411,21.0032326,105.8258981,"21.0,105.83"
1412,21.0034007,105.8258355,"21.0,105.83"
1413,21.0036321,105.8257364,"21.0,105.83"
1414,21.0039239,105.8253808,Phố Khương Thượng
1415,21.0036517,105.8274962,Hẻm 21 Ngách 137 Ngõ 354 Trường Chinh
1416,21.0039591,105.8272599,Ngách 137 Ngõ 354 Trường Chinh
1417,21.0044094,105.8270343,Ngõ 91 Tam Khương
1418,21.0040359,105.8274379,Hẻm 34 Ngách 137 Ngõ 354 Trường Chinh
1419,21.004052,105.8275176,Hẻm 34 Ngách 137 Ngõ 354 Trường Chinh
1420,21.0038585,105.8275666,Ngách 137 Ngõ 354 Trường Chinh
1421,21.0037126,105.8280793,Ngách 354/159 Đường Trường Chinh
1422,21.0034675,105.8268648,"21.0,105.83"
1423,21.0026569,105.8249136,"21.0,105.82"
1424,21.002805,105.8244503,"21.0,105.82"
1425,21.002735,105.8243915,"21.0,105.82"
1426,21.0027079,105.8241885,Phố Khương Thượng
1427,21.0030125,105.8251997,"21.0,105.83"
1428,21.0031462,105.8248227,"21.0,105.82"
1429,21.0031699,105.8252256,"21.0,105.83"
1430,21.0030869,105.8258672,"21.0,105.83"
1431,21.0028118,105.8259919,"21.0,105.83"
1432,21.0037176,105.8260656,"21.0,105.83"
1433,21.0034359,105.8262078,"21.0,105.83"
1434,21.0034912,105.8263684,"21.0,105.83"
1435,21.0033247,105.8264391,"21.0,105.83"
1436,21.003348,105.8265306,Ngách 22/99 Tôn Thất Tùng
1437,21.00308,105.8260876,"21.0,105.83"
1438,21.0037808,105.8263711,Ngách 22/99 Tôn Thất Tùng
1439,21.0035333,105.8264843,Ngách 22/99 Tôn Thất Tùng
1440,21.0032173,105.8265633,Ngách 22/99 Tôn Thất Tùng
1441,21.0029961,105.8266502,Ngách 22/99 Tôn Thất Tùng
1442,21.0030593,105.8269241,Ngách 22/99 Tôn Thất Tùng
1443,21.0034712,105.8275056,Ngách 354/137 Trường Chinh
1444,21.0034702,105.8277066,"21.0,105.83"
1445,21.0035952,105.8275021,Hẻm 354/137/21 Đường Trường Chinh
1446,21.0048697,105.8277654,"21.0,105.83"
1447,21.0051238,105.8299234,"21.01,105.83"
1448,21.0054413,105.8289856,"21.01,105.83"
1449,21.0061253,105.8303009,"21.01,105.83"
1450,21.0056276,105.8300671,"21.01,105.83"
1451,21.0071091,105.8285893,Ngõ 95 Phố Chùa Bộc
1452,21.0063279,105.8289143,Ngõ 59 Phố Chùa Bộc
1453,21.0065359,105.8282932,"21.01,105.83"
1454,21.0078938,105.8254885,Ngõ 231 Phố Chùa Bộc
1455,21.0081246,105.8249978,Ngách 32 Ngõ 231 Phố Chùa Bộc
1456,21.0111272,105.8268832,"21.01,105.83"
1457,21.0116105,105.8271557,"21.01,105.83"
1458,21.0122336,105.8279349,"21.01,105.83"
1459,21.012103,105.8278627,"21.01,105.83"
1460,21.0122667,105.8277501,"21.01,105.83"
1461,21.0030193,105.8213082,"21.0,105.82"
1462,21.0082409,105.8340339,"21.01,105.83"
1463,21.0081287,105.8339009,"21.01,105.83"
1464,21.0055175,105.8300072,"21.01,105.83"
1465,21.0034828,105.8314033,"21.0,105.83"
1466,21.0050579,105.827506,Ngõ 95 Phố Chùa Bộc
1467,21.005518,105.8265641,"21.01,105.83"
1468,21.0059108,105.8247117,"21.01,105.82"
1469,21.0068061,105.8251827,"21.01,105.83"
1470,21.0037534,105.8295599,Ngõ 12 Phố Tôn Thất Tùng
1471,21.0036149,105.8301663,Ngõ 12 Phố Tôn Thất Tùng
1472,21.010759,105.8327554,"21.01,105.83"
1473,21.0100457,105.8320188,Ngõ 4C Phố Đặng Văn Ngữ
1474,21.0092679,105.8369514,"21.01,105.84"
1475,21.0096486,105.8374424,"21.01,105.84"
1476,21.0079673,105.8307624,"21.01,105.83"
1477,21.0081734,105.8308448,"21.01,105.83"
1478,21.0116061,105.8330331,"21.01,105.83"
1479,21.0111711,105.8325356,"21.01,105.83"
1480,21.0080628,105.8292428,Ngõ 65 Phố Nguyễn Ngọc Doãn
1481,21.008186,105.8293048,Ngõ 65 Phố Nguyễn Ngọc Doãn
1482,21.0082166,105.8293527,Ngõ 65 Phố Nguyễn Ngọc Doãn
1483,21.0084166,105.8294336,Ngõ 65 Phố Nguyễn Ngọc Doãn
1484,21.008493,105.8294755,Ngõ 65 Phố Nguyễn Ngọc Doãn
1485,21.0086698,105.8295806,Ngõ 65 Phố Nguyễn Ngọc Doãn
1486,21.0087275,105.8296194,Ngõ 65 Phố Nguyễn Ngọc Doãn
1487,21.0087225,105.8297512,Ngõ 65 Phố Nguyễn Ngọc Doãn
1488,21.0097202,105.8282388,Ngõ 12 Chùa Bộc
1489,21.0083805,105.8281156,Ngõ 12 Chùa Bộc
1490,21.00827,105.8282123,Ngõ 12 Chùa Bộc
1491,21.0090101,105.826275,Ngõ 169 Phố Tây Sơn
1492,21.0092718,105.8257493,Ngõ 169 Phố Tây Sơn
1493,21.0094471,105.8254141,Ngõ 169 Phố Tây Sơn
1494,21.0095798,105.8251458,Ngõ 169 Phố Tây Sơn
1495,21.0097896,105.8247576,Ngõ 169 Phố Tây Sơn
1496,21.0076769,105.8249466,"21.01,105.82"
1497,21.0092919,105.8335022,"21.01,105.83"
1498,21.0087739,105.8328575,"21.01,105.83"
1499,21.0008219,105.8400956,"21.0,105.84"
1500,20.9999313,105.8400509,"21.0,105.84"
1501,20.9999101,105.8400562,"21.0,105.84"
1502,20.9998969,105.8400663,"21.0,105.84"
1503,21.0027365,105.8404545,"21.0,105.84"
1504,21.0027551,105.8392514,"21.0,105.84"
1505,21.002429,105.8392455,"21.0,105.84"
1506,21.0051612,105.8390832,"21.01,105.84"
1507,21.0011988,105.8366843,"21.0,105.84"
1508,21.0011918,105.8374333,"21.0,105.84"
1509,20.9982399,105.841195,"21.0,105.84"
1510,21.005163,105.8412837,"21.01,105.84"
1511,21.0008235,105.836685,"21.0,105.84"
1512,21.0008253,105.8374443,"21.0,105.84"
1513,20.9999574,105.8382087,"21.0,105.84"
1514,20.9995724,105.8382244,"21.0,105.84"
1515,21.000468,105.8300772,"21.0,105.83"
1516,21.0007427,105.8301961,"21.0,105.83"
1517,21.000889,105.8302873,"21.0,105.83"
1518,21.0010686,105.830406,"21.0,105.83"
1519,21.0012715,105.8305356,"21.0,105.83"
1520,21.0013474,105.8305844,"21.0,105.83"
1521,21.0014263,105.8306006,"21.0,105.83"
1522,21.0015113,105.8305779,"21.0,105.83"
1523,21.0015918,105.8305291,"21.0,105.83"
1524,20.9992077,105.8359138,Đường Trường Chinh
1525,20.9992355,105.835629,Đường Trường Chinh
1526,21.0042254,105.8247158,Phố Khương Thượng
1527,21.0097445,105.8301403,Phố Nguyễn Ngọc Doãn
1528,21.0042764,105.8245718,Phố Khương Thượng
1529,21.0042677,105.8246295,Phố Khương Thượng
1530,21.0018778,105.8351075,Ngõ 30 Phố Lương Định Của
1531,21.0018883,105.8351679,Ngõ 30 Phố Lương Định Của
1532,21.0018488,105.8350617,Ngõ 30 Phố Lương Định Của
1533,21.0018971,105.835319,Ngõ 30 Phố Lương Định Của
1534,21.0038332,105.8294018,"21.0,105.83"
1535,21.003852,105.8292201,"21.0,105.83"
1536,21.0038576,105.8292362,"21.0,105.83"
1537,21.0038285,105.8293898,"21.0,105.83"
1538,21.003837,105.8292121,"21.0,105.83"
1539,21.0038429,105.8294099,"21.0,105.83"
1540,21.0032091,105.8260551,"21.0,105.83"
1541,21.0031878,105.8260518,"21.0,105.83"
1542,21.0032223,105.8260685,"21.0,105.83"
1543,21.0122667,105.8351972,"21.01,105.84"
1544,21.0121619,105.8348777,"21.01,105.83"
1545,21.0121581,105.8349038,"21.01,105.83"
1546,21.0121218,105.8349339,"21.01,105.83"
1547,21.0121194,105.8349572,"21.01,105.83"
1548,21.0082205,105.8288874,Ngõ 65 Phố Nguyễn Ngọc Doãn
1549,21.0050189,105.8279695,"21.01,105.83"
1550,21.0054742,105.8282247,"21.01,105.83"
1551,21.0050783,105.8280027,"21.01,105.83"
1552,21.0014782,105.8287199,"21.0,105.83"
1553,21.0009981,105.8285077,Đường Trường Chinh
1554,21.0012403,105.828618,"21.0,105.83"
1555,21.009787,105.8301945,Phố Nguyễn Ngọc Doãn
1556,21.0098141,105.8302566,Phố Nguyễn Ngọc Doãn
1557,21.000293,105.8359354,"21.0,105.84"
1558,21.0001754,105.8360716,"21.0,105.84"
1559,21.0002014,105.8359904,"21.0,105.84"
1560,21.0004494,105.8359311,"21.0,105.84"
1561,21.0005166,105.8360259,"21.0,105.84"
1562,21.0022215,105.8356065,Ngõ 28C Lương Định Của
1563,21.0085184,105.8285333,"21.01,105.83"
1564,21.0075699,105.8286831,"21.01,105.83"
1565,21.0074573,105.8289572,"21.01,105.83"
1566,21.0113898,105.8365742,Ngõ 27 Phố Xã Đàn
1567,21.0034353,105.8209593,"21.0,105.82"
1568,21.0032265,105.8207028,"21.0,105.82"
1569,21.0033117,105.8208077,"21.0,105.82"
1570,21.0031891,105.8210222,"21.0,105.82"
1571,21.0031461,105.8207926,"21.0,105.82"
1572,21.0034366,105.821002,"21.0,105.82"
1573,21.0031643,105.8208807,"21.0,105.82"
1574,21.0030425,105.8211325,"21.0,105.82"
1575,21.0030711,105.8210223,"21.0,105.82"
1576,21.0030887,105.8208585,Hầm đường bộ Ngã Tư Sở
1577,21.0076072,105.8406806,"21.01,105.84"
1578,21.0054296,105.8390193,"21.01,105.84"
1579,21.005243,105.8382225,"21.01,105.84"
1580,21.0047283,105.8326219,"21.0,105.83"
1581,21.0046952,105.8327743,"21.0,105.83"
1582,21.0046651,105.8328245,"21.0,105.83"
1583,21.0045811,105.8328312,Ngõ 41 Đông Tác
1584,21.0044664,105.832805,Ngõ 41 Đông Tác
1585,21.0043408,105.8327556,Ngõ 41 Đông Tác
1586,21.0041933,105.8327028,"21.0,105.83"
1587,21.0040843,105.8326674,"21.0,105.83"
1588,21.0040138,105.8326513,"21.0,105.83"
1589,21.0038818,105.8326675,"21.0,105.83"
1590,21.0038048,105.8327369,"21.0,105.83"
1591,21.0043415,105.8328682,Ngõ 41 Đông Tác
1592,21.0043666,105.8329745,Ngõ 41 Đông Tác
1593,21.0043328,105.8330703,Ngõ 41 Đông Tác
1594,21.0041568,105.8334051,Ngách 53 Ngõ 41 Phố Đông Tác
1595,21.004271,105.8332276,Ngõ 41 Đông Tác
1596,21.0042109,105.833333,Ngõ 41 Đông Tác
1597,21.0064858,105.8356954,Ngõ 11 Lương Định Của
1598,21.0063448,105.83589,Ngõ 11 Lương Định Của
1599,21.0061424,105.8358189,Ngõ 11 Lương Định Của
1600,21.0059915,105.8358055,Ngõ 11 Lương Định Của
1601,21.0063108,105.8359745,"21.01,105.84"
1602,21.0066453,105.8365948,"21.01,105.84"
1603,21.0128161,105.8278904,"21.01,105.83"
1604,21.0114654,105.8270717,"21.01,105.83"
1605,21.011434,105.8270565,"21.01,105.83"
1606,20.9995841,105.8391955,"21.0,105.84"
1607,21.005863,105.830179,"21.01,105.83"
1608,21.0061683,105.8295455,"21.01,105.83"
1609,21.0079135,105.835288,"21.01,105.84"
1610,21.0074384,105.8346797,Phố Lương Định Của
1611,21.0084771,105.8350355,"21.01,105.84"
1612,21.0089963,105.8356779,"21.01,105.84"
1613,21.0094913,105.8362935,"21.01,105.84"
1614,21.0069627,105.8380392,"21.01,105.84"
1615,21.0066102,105.8379922,"21.01,105.84"
1616,21.0061783,105.837937,"21.01,105.84"
1617,21.0059495,105.8378958,"21.01,105.84"
1618,21.0068952,105.8386933,"21.01,105.84"
1619,21.0067156,105.838679,"21.01,105.84"
1620,21.0067038,105.8387773,"21.01,105.84"
1621,21.0067862,105.8380157,"21.01,105.84"
1622,21.0066276,105.8394874,"21.01,105.84"
1623,21.0064253,105.8409925,"21.01,105.84"
1624,21.005342,105.8403679,Ngõ 2 Phố Phương Mai
1625,21.0053417,105.8405532,Ngõ 2 Phố Phương Mai
1626,21.0053094,105.8407724,Ngõ 2 Phố Phương Mai
1627,21.0049533,105.8407661,Ngõ 2 Phố Phương Mai
1628,21.004667,105.8407493,Ngõ 2 Phố Phương Mai
1629,21.0046352,105.8401301,Ngõ 2 Phố Phương Mai
1630,21.0048743,105.8401394,"21.0,105.84"
1631,21.0046496,105.8403834,Ngõ 2 Phố Phương Mai
1632,21.0048665,105.8407627,"21.0,105.84"
1633,21.0051404,105.8401542,"21.01,105.84"
1634,21.0051497,105.8407673,"21.01,105.84"
1635,21.0046587,105.8407068,Ngõ 2 Phố Phương Mai
1636,21.0048342,105.8391562,"21.0,105.84"
1637,21.0048418,105.8399532,"21.0,105.84"
1638,21.0046066,105.8392073,"21.0,105.84"
1639,21.0046392,105.8393681,"21.0,105.84"
1640,21.0046435,105.8399463,"21.0,105.84"
1641,21.0044924,105.8394973,"21.0,105.84"
1642,21.0044973,105.8401174,"21.0,105.84"
1643,21.004642,105.8397481,"21.0,105.84"
1644,21.0044893,105.8397523,"21.0,105.84"
1645,21.0046113,105.838397,"21.0,105.84"
1646,21.0047811,105.839169,"21.0,105.84"
1647,21.0055956,105.8376511,"21.01,105.84"
1648,21.0056983,105.8380579,"21.01,105.84"
1649,21.0054599,105.8381302,"21.01,105.84"
1650,21.0040917,105.8259714,Ngách 18 Ngõ 139 Khương Thượng
1651,21.003757,105.826169,Ngách 18 Ngõ 139 Khương Thượng
1652,21.0036332,105.8300936,"21.0,105.83"
1653,21.0120272,105.8326188,"21.01,105.83"
1654,21.0015298,105.8279056,"21.0,105.83"
1655,21.0013587,105.8278771,"21.0,105.83"
1656,21.0012272,105.8278544,Đường Trường Chinh
1657,21.005812,105.8253359,"21.01,105.83"
1658,21.0060604,105.8247966,"21.01,105.82"
1659,21.0057066,105.82559,"21.01,105.83"
1660,21.0058067,105.8275839,"21.01,105.83"
1661,21.0057858,105.8275034,"21.01,105.83"
1662,21.0058114,105.8274062,"21.01,105.83"
1663,21.0041254,105.8224562,"21.0,105.82"
1664,21.0041638,105.8224263,"21.0,105.82"
1665,21.0006905,105.8308499,"21.0,105.83"
1666,21.0007557,105.830585,"21.0,105.83"
1667,21.0040958,105.8228493,"21.0,105.82"
1668,21.002102,105.8308371,"21.0,105.83"
1669,21.0119678,105.8291366,"21.01,105.83"
1670,21.011829,105.829043,"21.01,105.83"
1671,21.0114754,105.8288151,"21.01,105.83"
1672,21.0003102,105.8340039,"21.0,105.83"
1673,20.9995224,105.8337708,"21.0,105.83"
1674,21.0114415,105.82806,"21.01,105.83"
1675,21.0115654,105.8283055,"21.01,105.83"
1676,21.0114878,105.8281419,"21.01,105.83"
1677,21.0114561,105.8278879,Ngõ 119 Hồ Đắc Di
1678,21.0116418,105.8284221,"21.01,105.83"
1679,21.0121897,105.8287519,"21.01,105.83"
1680,21.0043953,105.8336015,"21.0,105.83"
1681,20.9995685,105.8404485,"21.0,105.84"
1682,20.9991385,105.8404586,"21.0,105.84"
1683,20.9995829,105.8401903,"21.0,105.84"
1684,20.99959,105.8400572,"21.0,105.84"
1685,20.9995284,105.8404732,"21.0,105.84"
1686,21.0026204,105.834521,Ngõ 167 Phương Mai
1687,21.0025574,105.8343418,"21.0,105.83"
1688,20.9990791,105.8390246,"21.0,105.84"
1689,20.9990724,105.8385583,"21.0,105.84"
1690,20.9988673,105.8385495,"21.0,105.84"
1691,20.998679,105.8385315,"21.0,105.84"
1692,21.0021896,105.8360538,"21.0,105.84"
1693,21.0021793,105.8366941,"21.0,105.84"
1694,21.0014127,105.8396998,"21.0,105.84"
1695,21.0016993,105.8397078,"21.0,105.84"
1696,21.0040213,105.8330602,"21.0,105.83"
1697,21.003919,105.8326588,"21.0,105.83"
1698,21.0071262,105.8380744,"21.01,105.84"
1699,21.0096442,105.8316061,"21.01,105.83"
1700,21.0089003,105.8319296,"21.01,105.83"
1701,21.0067491,105.8411402,Đường Giải Phóng
1702,21.0104512,105.8340413,Ngách 2 Ngõ 4A Đặng Văn Ngữ
1703,21.0066289,105.8321464,"21.01,105.83"
1704,21.0067504,105.8320311,"21.01,105.83"
1705,21.0067649,105.8319964,"21.01,105.83"
1706,21.0106816,105.8322081,Ngách 2/4D Đặng Văn Ngữ
1707,21.0109715,105.8325571,Ngách 2/4D Đặng Văn Ngữ
1708,21.0112273,105.8357647,"21.01,105.84"
1709,21.0113343,105.8359242,"21.01,105.84"
1710,21.0103497,105.8344343,"21.01,105.83"
1711,21.0103022,105.8343512,"21.01,105.83"
1712,21.0102408,105.8342747,"21.01,105.83"
1713,21.0101945,105.8342077,"21.01,105.83"
1714,21.0101895,105.8341634,"21.01,105.83"
1715,21.0101657,105.8341433,"21.01,105.83"
1716,21.0101144,105.8341125,"21.01,105.83"
1717,21.0100555,105.8340481,"21.01,105.83"
1718,21.0077875,105.8332639,Phố Phạm Ngọc Thạch
1719,21.0071586,105.8267696,Ngách 4/165 Phố Chùa Bộc
1720,20.9995507,105.8404713,"21.0,105.84"
1721,20.9995833,105.8400871,"21.0,105.84"
1722,20.9996064,105.8400442,"21.0,105.84"
1723,20.9990812,105.8385864,"21.0,105.84"
1724,20.9990486,105.8385482,"21.0,105.84"
1725,21.0032419,105.8206948,"21.0,105.82"
1726,21.0036195,105.8340535,Ngõ 41 Đông Tác
1727,21.0037484,105.8338889,"21.0,105.83"
1728,21.0036487,105.833703,Ngõ 41 Đông Tác
1729,21.0037323,105.8336067,Ngõ 41 Đông Tác
1730,21.0038319,105.8334793,Ngõ 41 Đông Tác
1731,21.004035,105.8332685,Ngõ 41 Đông Tác
1732,21.0038991,105.8340329,"21.0,105.83"
1733,21.0038252,105.834142,"21.0,105.83"
1734,21.00368,105.8328906,"21.0,105.83"
1735,21.0041616,105.8412974,"21.0,105.84"
1736,20.9991362,105.8402232,Ngách 78/10 Đường Giải Phóng
1737,20.9992639,105.8402304,Ngách 78/10 Đường Giải Phóng
1738,20.9992684,105.8402888,Ngách 78/10 Đường Giải Phóng
1739,20.9994339,105.8402984,Ngách 78/10 Đường Giải Phóng
1740,20.9992129,105.8404591,"21.0,105.84"
1741,21.0101622,105.8321487,"21.01,105.83"
1742,21.0104564,105.8324638,"21.01,105.83"
1743,21.0105214,105.83249,"21.01,105.83"
1744,21.0025028,105.8333928,Ngõ 28A Phố Lương Định Của
1745,21.0029334,105.8349839,Ngõ 28A Phố Lương Định Của
1746,21.0009231,105.8380733,"21.0,105.84"
1747,21.0011794,105.8380961,Ngách 102/70 Đường Trường Chinh
1748,21.0013277,105.8381236,Ngách 102/70 Đường Trường Chinh
1749,21.0008063,105.8380697,"21.0,105.84"
1750,21.010418,105.8335321,"21.01,105.83"
1751,21.0106622,105.8338338,"21.01,105.83"
1752,21.0075062,105.8267195,Ngách 4/165 Phố Chùa Bộc
1753,21.0072376,105.8265905,Ngách 4 Ngõ 165 Phố Chùa Bộc
1754,21.0072531,105.8265507,Ngách 4 Ngõ 165 Phố Chùa Bộc
1755,21.0071152,105.8264859,Ngách 4 Ngõ 165 Phố Chùa Bộc
1756,21.0071137,105.8261182,"21.01,105.83"
1757,21.0087416,105.825574,Ngõ 257 Phố Chùa Bộc
1758,21.0087068,105.8255563,Ngõ 257 Phố Chùa Bộc
1759,21.0085338,105.8254657,Ngõ 257 Phố Chùa Bộc
1760,21.0075095,105.8252947,Ngõ 231 Phố Chùa Bộc
1761,21.0082006,105.8256587,Ngõ 231 Phố Chùa Bộc
1762,21.007649,105.8253656,Ngách 40 Ngõ 231 Phố Chùa Bộc
1763,21.0078099,105.8250139,"21.01,105.83"
1764,21.0078758,105.825046,"21.01,105.83"
1765,21.0079839,105.8248137,"21.01,105.82"
1766,21.008278,105.8260661,"21.01,105.83"
1767,21.0079801,105.8259072,"21.01,105.83"
1768,21.0080588,105.8251371,"21.01,105.83"
1769,21.0083584,105.8252879,"21.01,105.83"
1770,21.0106969,105.8306615,"21.01,105.83"
1771,21.0113408,105.8311111,Phố Đặng Văn Ngữ
1772,21.0124267,105.8324604,Phố Đặng Văn Ngữ
1773,21.0098649,105.8303255,"21.01,105.83"
1774,21.0088948,105.8245019,"21.01,105.82"
1775,21.0070851,105.8233972,"21.01,105.82"
1776,21.0071939,105.8234555,"21.01,105.82"
1777,21.0093127,105.8246639,"21.01,105.82"
1778,21.0093699,105.8248687,"21.01,105.82"
1779,21.0094274,105.8248446,"21.01,105.82"
1780,21.0095433,105.8248044,"21.01,105.82"
1781,21.009702,105.8247633,"21.01,105.82"
1782,21.0097699,105.8247933,"21.01,105.82"
1783,21.0035822,105.821734,"21.0,105.82"
1784,21.0124581,105.8355564,"21.01,105.84"
1785,21.0125153,105.8356217,"21.01,105.84"
1786,21.0072478,105.8410766,"21.01,105.84"
1787,21.0071763,105.8411515,"21.01,105.84"
1788,21.0071318,105.8411967,"21.01,105.84"
1789,21.0070819,105.8412254,"21.01,105.84"
1790,21.0070322,105.8412345,"21.01,105.84"
1791,21.0068562,105.84123,"21.01,105.84"
1792,21.0063778,105.8412155,"21.01,105.84"
1793,21.0059601,105.8412119,"21.01,105.84"
1794,21.0053487,105.8411919,"21.01,105.84"
1795,21.0047472,105.8411766,"21.0,105.84"
1796,21.0040433,105.8411702,"21.0,105.84"
1797,21.0035656,105.84116,"21.0,105.84"
1798,21.0028879,105.8411472,"21.0,105.84"
1799,21.0020684,105.8411306,"21.0,105.84"
1800,21.0015931,105.8411383,"21.0,105.84"
1801,21.0014396,105.8411329,"21.0,105.84"
1802,21.0013632,105.8411237,"21.0,105.84"
1803,21.0013191,105.8411224,"21.0,105.84"
1804,21.0010737,105.8411364,"21.0,105.84"
1805,21.0009927,105.8411441,"21.0,105.84"
1806,21.0008355,105.8411556,"21.0,105.84"
1807,21.0007021,105.8411569,"21.0,105.84"
1808,21.0004794,105.8411594,"21.0,105.84"
1809,21.0002149,105.8411505,"21.0,105.84"
1810,20.9999171,105.841139,"21.0,105.84"
1811,20.9997111,105.8411275,"21.0,105.84"
1812,20.999449,105.8411122,"21.0,105.84"
1813,20.999237,105.8411033,"21.0,105.84"
1814,20.9989976,105.8410956,"21.0,105.84"
1815,20.9986336,105.8410905,"21.0,105.84"
1816,20.9991451,105.8411003,"21.0,105.84"
1817,21.0000611,105.8411446,"21.0,105.84"
1818,21.001924,105.841133,"21.0,105.84"
1819,21.0003815,105.8411561,"21.0,105.84"
1820,21.0041914,105.8411726,"21.0,105.84"
1821,21.0044353,105.8411812,"21.0,105.84"
1822,21.0051708,105.8411848,"21.01,105.84"
1823,21.0063239,105.8412184,"21.01,105.84"
1824,21.001763,105.8411356,"21.0,105.84"
1825,20.9986086,105.8410886,"21.0,105.84"
1826,20.9985815,105.84108,"21.0,105.84"
1827,20.9985465,105.8410467,"21.0,105.84"
1828,20.9984586,105.8408681,"21.0,105.84"
1829,20.9983534,105.8407005,"21.0,105.84"
1830,20.9982588,105.8405596,"21.0,105.84"
1831,20.9982437,105.8405183,"21.0,105.84"
1832,20.9982425,105.8404605,"21.0,105.84"
1833,20.9983171,105.8401273,"21.0,105.84"
1834,20.99856,105.8410596,"21.0,105.84"
1835,20.9983327,105.8409244,"21.0,105.84"
1836,20.9981063,105.8409213,"21.0,105.84"
1837,21.0059892,105.8313613,"21.01,105.83"
1838,21.005895,105.8317111,"21.01,105.83"
1839,21.0057448,105.8322497,"21.01,105.83"
1840,21.0057448,105.8323066,"21.01,105.83"
1841,21.0057698,105.832416,"21.01,105.83"
1842,21.0058046,105.8325383,"21.01,105.83"
1843,21.0057658,105.8321743,"21.01,105.83"
1844,21.0057545,105.8323492,Ngõ 43 Đông Tác
1845,21.006734,105.8320465,"21.01,105.83"
1846,21.0065849,105.8321769,"21.01,105.83"
1847,21.0060721,105.8323625,"21.01,105.83"
1848,21.00601,105.8323754,"21.01,105.83"
1849,21.0058434,105.8323519,"21.01,105.83"
1850,21.0059219,105.8323619,"21.01,105.83"
1851,21.0058465,105.8328076,"21.01,105.83"
1852,21.0058506,105.8328772,"21.01,105.83"
1853,21.0058456,105.8329501,"21.01,105.83"
1854,21.0058897,105.8342666,"21.01,105.83"
1855,21.0060359,105.8348845,"21.01,105.83"
1856,21.0060785,105.8350741,"21.01,105.84"
1857,21.0058302,105.8330928,"21.01,105.83"
1858,21.0062266,105.8352431,"21.01,105.84"
1859,21.0062607,105.8353124,"21.01,105.84"
1860,21.0063181,105.835388,"21.01,105.84"
1861,21.0063807,105.8354607,"21.01,105.84"
1862,21.0064086,105.8354887,"21.01,105.84"
1863,21.0064412,105.8354899,"21.01,105.84"
1864,21.0069777,105.8351685,"21.01,105.84"
1865,21.0065212,105.8355943,"21.01,105.84"
1866,21.0064421,105.8356665,"21.01,105.84"
1867,21.0064202,105.8356719,"21.01,105.84"
1868,21.0063882,105.8356656,"21.01,105.84"
1869,21.0063503,105.8356421,"21.01,105.84"
1870,21.006138,105.8353615,"21.01,105.84"
1871,21.0062976,105.835572,"21.01,105.84"
1872,21.006454,105.8356556,"21.01,105.84"
1873,21.0061566,105.8353862,"21.01,105.84"
1874,21.0062539,105.8352987,"21.01,105.84"
1875,21.0061912,105.8350519,"21.01,105.84"
1876,21.0060778,105.8351054,"21.01,105.84"
1877,21.0060672,105.8351464,"21.01,105.84"
1878,21.0060367,105.8351858,"21.01,105.84"
1879,21.0060066,105.8352144,"21.01,105.84"
1880,21.0059578,105.8352324,"21.01,105.84"
1881,21.0055119,105.8353611,"21.01,105.84"
1882,21.0047008,105.8356092,"21.0,105.84"
1883,21.0039005,105.8358474,"21.0,105.84"
1884,21.0035026,105.8359801,"21.0,105.84"
1885,21.0052036,105.8354556,"21.01,105.84"
1886,21.0047963,105.83558,"21.0,105.84"
1887,21.0044475,105.8356846,"21.0,105.84"
1888,21.0040662,105.8357981,"21.0,105.84"
1889,21.0037369,105.835902,"21.0,105.84"
1890,21.0061123,105.8353347,"21.01,105.84"
1891,21.0060752,105.8353272,"21.01,105.84"
1892,21.0060442,105.8353283,"21.01,105.84"
1893,21.0056635,105.8354526,"21.01,105.84"
1894,21.0052089,105.8355847,"21.01,105.84"
1895,21.0045077,105.8357832,"21.0,105.84"
1896,21.004024,105.8359141,"21.0,105.84"
1897,21.0035091,105.8360685,"21.0,105.84"
1898,21.0061409,105.8351476,Phố Đông Tác
1899,21.0057861,105.8354201,"21.01,105.84"
1900,21.0053272,105.8355485,"21.01,105.84"
1901,21.00499,105.8356488,"21.0,105.84"
1902,21.004663,105.8357392,"21.0,105.84"
1903,21.0042995,105.8358395,"21.0,105.84"
1904,21.006037,105.8353305,"21.01,105.84"
1905,21.0059819,105.8352253,"21.01,105.84"
1906,21.0053297,105.8354168,"21.01,105.84"
1907,21.0053578,105.8355392,"21.01,105.84"
1908,21.0034788,105.835976,"21.0,105.84"
1909,21.0034518,105.8359534,"21.0,105.84"
1910,21.0034392,105.8359119,"21.0,105.84"
1911,21.0033196,105.8354725,"21.0,105.84"
1912,21.0032194,105.8351117,"21.0,105.84"
1913,21.0030339,105.8344007,Ngõ 281 Phố Phương Mai
1914,21.0032361,105.835172,"21.0,105.84"
1915,21.0034845,105.8359769,"21.0,105.84"
1916,21.0034969,105.8360231,"21.0,105.84"
1917,21.0034913,105.8360842,"21.0,105.84"
1918,21.0034853,105.8361103,"21.0,105.84"
1919,21.0034835,105.836141,"21.0,105.84"
1920,21.0036759,105.8368644,"21.0,105.84"
1921,21.0037414,105.8371374,"21.0,105.84"
1922,21.0038914,105.8377168,"21.0,105.84"
1923,21.0039985,105.8381438,"21.0,105.84"
1924,21.0041187,105.8386083,"21.0,105.84"
1925,21.0042449,105.8392306,"21.0,105.84"
1926,21.004258,105.8393583,"21.0,105.84"
1927,21.004266,105.8400074,"21.0,105.84"
1928,21.004258,105.8403389,"21.0,105.84"
1929,21.0042509,105.8408689,"21.0,105.84"
1930,21.0042479,105.8411275,"21.0,105.84"
1931,21.0042554,105.8411557,"21.0,105.84"
1932,21.0042701,105.8411729,"21.0,105.84"
1933,21.0035767,105.8364768,"21.0,105.84"
1934,21.0036772,105.8368564,"21.0,105.84"
1935,21.0037197,105.8370328,"21.0,105.84"
1936,21.0038337,105.8374939,"21.0,105.84"
1937,21.0039119,105.8377985,"21.0,105.84"
1938,21.0040958,105.8385198,"21.0,105.84"
1939,21.0042505,105.8392854,"21.0,105.84"
1940,21.0042634,105.8401135,"21.0,105.84"
1941,21.0042481,105.8410694,"21.0,105.84"
1942,21.0042534,105.8411484,"21.0,105.84"
1943,21.0041508,105.8407848,"21.0,105.84"
1944,21.0041452,105.841111,"21.0,105.84"
1945,21.0041402,105.8411315,"21.0,105.84"
1946,21.0041282,105.8411565,"21.0,105.84"
1947,21.0041133,105.8411713,"21.0,105.84"
1948,21.0041551,105.8404115,"21.0,105.84"
1949,21.0041593,105.8401134,"21.0,105.84"
1950,21.0041491,105.8408847,"21.0,105.84"
1951,21.0041328,105.8411469,"21.0,105.84"
1952,21.0042615,105.840191,"21.0,105.84"
1953,21.0041583,105.8401891,"21.0,105.84"
1954,21.0041419,105.8393439,"21.0,105.84"
1955,21.004154,105.8396443,"21.0,105.84"
1956,21.0041049,105.8392955,"21.0,105.84"
1957,21.0041155,105.8395662,"21.0,105.84"
1958,21.0041192,105.8399456,"21.0,105.84"
1959,21.0041402,105.8400186,"21.0,105.84"
1960,21.0041585,105.8400424,"21.0,105.84"
1961,21.0040921,105.8390267,"21.0,105.84"
1962,21.0040305,105.8386989,"21.0,105.84"
1963,21.0039611,105.8383553,"21.0,105.84"
1964,21.0038435,105.837913,"21.0,105.84"
1965,21.0037869,105.8376983,"21.0,105.84"
1966,21.0036186,105.8370447,"21.0,105.84"
1967,21.0035202,105.8366832,"21.0,105.84"
1968,21.0033924,105.8361673,"21.0,105.84"
1969,21.0036829,105.8372793,"21.0,105.84"
1970,21.0039514,105.8383188,"21.0,105.84"
1971,21.0041344,105.8392957,"21.0,105.84"
1972,21.0041508,105.8395664,"21.0,105.84"
1973,21.0033786,105.8361268,"21.0,105.84"
1974,21.0033545,105.8360987,"21.0,105.84"
1975,21.0033333,105.8360881,"21.0,105.84"
1976,21.0034894,105.8360927,"21.0,105.84"
1977,21.0034298,105.836111,"21.0,105.84"
1978,21.0040122,105.8386084,"21.0,105.84"
1979,21.0041118,105.8385814,"21.0,105.84"
1980,21.0042038,105.839028,"21.0,105.84"
1981,21.0040959,105.8390508,"21.0,105.84"
1982,21.0117997,105.8317775,"21.01,105.83"
1983,21.012035,105.8320838,"21.01,105.83"
1984,21.012334,105.8324673,"21.01,105.83"
1985,21.0125091,105.8326919,"21.01,105.83"
1986,21.0127708,105.8330171,Ngõ 6 Đặng Văn Ngữ
1987,21.0119486,105.831962,"21.01,105.83"
1988,21.0112816,105.831161,"21.01,105.83"
1989,21.0110824,105.830924,"21.01,105.83"
1990,21.011049,105.8308866,"21.01,105.83"
1991,21.0110036,105.8308523,"21.01,105.83"
1992,21.0109564,105.8308288,"21.01,105.83"
1993,21.0108975,105.8308361,"21.01,105.83"
1994,21.010824,105.8308576,"21.01,105.83"
1995,21.0100715,105.8311692,"21.01,105.83"
1996,21.0096975,105.831327,"21.01,105.83"
1997,21.0092846,105.8315007,"21.01,105.83"
1998,21.0088859,105.8316692,"21.01,105.83"
1999,21.0088211,105.8316978,"21.01,105.83"
2000,21.0087138,105.8317456,"21.01,105.83"
2001,21.0084076,105.8319941,"21.01,105.83"
2002,21.0077689,105.8325706,"21.01,105.83"
2003,21.0086947,105.8317019,Phố Đặng Văn Ngữ
2004,21.008229,105.8321495,"21.01,105.83"
2005,21.0076064,105.832729,"21.01,105.83"
2006,21.0076003,105.8327436,"21.01,105.83"
2007,21.007603,105.8327714,"21.01,105.83"
2008,21.0086283,105.8317991,"21.01,105.83"
2009,21.0109727,105.8307524,Phố Đặng Văn Ngữ
2010,21.0097261,105.8303301,Phố Nguyễn Ngọc Doãn
2011,21.0096507,105.8303298,Phố Nguyễn Ngọc Doãn
2012,21.0101792,105.8304811,Phố Nguyễn Ngọc Doãn
2013,21.0102987,105.8305355,Phố Nguyễn Ngọc Doãn
2014,21.010338,105.8310589,"21.01,105.83"
2015,21.0101143,105.8311515,"21.01,105.83"
2016,21.0098338,105.8312695,"21.01,105.83"
2017,21.0095607,105.8313846,"21.01,105.83"
2018,21.0088046,105.8317051,"21.01,105.83"
2019,21.0083832,105.8320154,"21.01,105.83"
2020,21.0077549,105.8325842,"21.01,105.83"
2021,21.0076721,105.8325419,"21.01,105.83"
2022,21.0075517,105.8326595,"21.01,105.83"
2023,21.0075142,105.8326635,"21.01,105.83"
2024,21.0079629,105.8322791,"21.01,105.83"
2025,21.0082393,105.8320313,"21.01,105.83"
2026,21.0084276,105.8318564,"21.01,105.83"
2027,21.0086139,105.8316901,"21.01,105.83"
2028,21.008672,105.8316558,"21.01,105.83"
2029,21.0087742,105.8316096,"21.01,105.83"
2030,21.0085513,105.83174,"21.01,105.83"
2031,21.009214,105.8314327,"21.01,105.83"
2032,21.0098155,105.8311852,"21.01,105.83"
2033,21.0104039,105.8309466,"21.01,105.83"
2034,21.0106778,105.8308343,"21.01,105.83"
2035,21.0107281,105.8308226,"21.01,105.83"
2036,21.0107437,105.8307998,"21.01,105.83"
2037,21.0107422,105.830761,"21.01,105.83"
2038,21.01073,105.8307351,"21.01,105.83"
2039,21.010691,105.8307144,"21.01,105.83"
2040,21.0105989,105.830694,"21.01,105.83"
2041,21.0104651,105.8306636,"21.01,105.83"
2042,21.0103666,105.8306371,"21.01,105.83"
2043,21.0102469,105.8305877,"21.01,105.83"
2044,21.009941,105.8304353,"21.01,105.83"
2045,21.0097994,105.8303609,"21.01,105.83"
2046,21.0105134,105.8309013,"21.01,105.83"
2047,21.0099897,105.8311146,"21.01,105.83"
2048,21.0090677,105.8314915,"21.01,105.83"
2049,21.0089007,105.8315587,"21.01,105.83"
2050,21.0085793,105.8317177,"21.01,105.83"
2051,21.0082958,105.8319789,"21.01,105.83"
2052,21.0080574,105.8321944,"21.01,105.83"
2053,21.0075404,105.8326719,"21.01,105.83"
2054,21.0075221,105.8326706,"21.01,105.83"
2055,21.007533,105.8326757,"21.01,105.83"
2056,21.0075987,105.8327575,"21.01,105.83"
2057,21.0075434,105.8326686,"21.01,105.83"
2058,21.009874,105.8302669,"21.01,105.83"
2059,21.0101225,105.8304035,"21.01,105.83"
2060,21.0102139,105.8304429,"21.01,105.83"
2061,21.0103761,105.8305104,"21.01,105.83"
2062,21.0104434,105.8305317,"21.01,105.83"
2063,21.0105638,105.8305689,"21.01,105.83"
2064,21.010641,105.8305909,"21.01,105.83"
2065,21.010699,105.8305962,"21.01,105.83"
2066,21.0108336,105.8306007,"21.01,105.83"
2067,21.010988,105.8306106,"21.01,105.83"
2068,21.0111247,105.830622,"21.01,105.83"
2069,21.0114356,105.8306546,"21.01,105.83"
2070,21.0114568,105.8306508,"21.01,105.83"
2071,21.0114894,105.8306371,"21.01,105.83"
2072,21.0115088,105.8306187,"21.01,105.83"
2073,21.0107042,105.8305963,"21.01,105.83"
2074,21.0098893,105.8302754,"21.01,105.83"
2075,21.0098378,105.8303811,"21.01,105.83"
2076,21.0128212,105.8325533,Phố Nam Đồng
2077,21.0127868,105.8325301,Phố Nam Đồng
2078,21.0125327,105.8325197,"21.01,105.83"
2079,21.012446,105.8326109,"21.01,105.83"
2080,21.0125,105.8325558,"21.01,105.83"
2081,21.0126039,105.8325861,"21.01,105.83"
2082,21.006939,105.8296986,Cầu vượt nút giao Chùa Bộc - Phạm Ngọc Thạch
2083,21.006366,105.8309184,Cầu vượt nút giao Chùa Bộc - Phạm Ngọc Thạch
2084,21.0063136,105.8310285,Cầu vượt nút giao Chùa Bộc - Phạm Ngọc Thạch
2085,21.0062977,105.8310848,Cầu vượt nút giao Chùa Bộc - Phạm Ngọc Thạch
2086,21.0062837,105.8311434,Cầu vượt nút giao Chùa Bộc - Phạm Ngọc Thạch
2087,21.0062845,105.8312201,Cầu vượt nút giao Chùa Bộc - Phạm Ngọc Thạch
2088,21.0063094,105.8312932,Cầu vượt nút giao Chùa Bộc - Phạm Ngọc Thạch
2089,21.0063426,105.831343,Cầu vượt nút giao Chùa Bộc - Phạm Ngọc Thạch
2090,21.0069113,105.8320502,Cầu vượt nút giao Chùa Bộc - Phạm Ngọc Thạch
2091,21.0072645,105.8325164,Cầu vượt nút giao Chùa Bộc - Phạm Ngọc Thạch
2092,21.0078188,105.8331924,Cầu vượt nút giao Chùa Bộc - Phạm Ngọc Thạch
2093,21.0009003,105.8287886,Đường Trường Chinh
2094,21.0008172,105.8292411,"21.0,105.83"
2095,21.0008973,105.8292035,"21.0,105.83"
2096,21.0009965,105.8291778,"21.0,105.83"
2097,21.0009439,105.8291896,"21.0,105.83"
2098,21.0008572,105.8292196,"21.0,105.83"
2099,21.006131,105.8309299,"21.01,105.83"
2100,21.0060934,105.8309459,"21.01,105.83"
2101,21.0060462,105.8309441,"21.01,105.83"
2102,21.0060134,105.8309324,"21.01,105.83"
2103,21.0054769,105.8307258,"21.01,105.83"
2104,21.0053,105.8306726,"21.01,105.83"
2105,21.0051189,105.8306085,"21.01,105.83"
2106,21.0048747,105.8305255,"21.0,105.83"
2107,21.0044864,105.8303893,"21.0,105.83"
2108,21.0040038,105.8302143,"21.0,105.83"
2109,21.0035717,105.8300735,"21.0,105.83"
2110,21.0032508,105.8299824,"21.0,105.83"
2111,21.0031531,105.8299526,"21.0,105.83"
2112,21.0029401,105.8298678,"21.0,105.83"
2113,21.0026318,105.829737,"21.0,105.83"
2114,21.0025636,105.8297126,"21.0,105.83"
2115,21.0024962,105.8296937,"21.0,105.83"
2116,21.0020995,105.8295376,"21.0,105.83"
2117,21.0017601,105.8293888,"21.0,105.83"
2118,21.0015495,105.8292949,"21.0,105.83"
2119,21.0011258,105.8291154,"21.0,105.83"
2120,21.0010778,105.8290865,"21.0,105.83"
2121,21.0010475,105.8290468,"21.0,105.83"
2122,21.0009717,105.8288502,"21.0,105.83"
2123,21.0009683,105.8288159,"21.0,105.83"
2124,21.0009936,105.8287435,"21.0,105.83"
2125,21.0007672,105.8294327,"21.0,105.83"
2126,21.0007887,105.8293689,"21.0,105.83"
2127,21.000828,105.8293204,"21.0,105.83"
2128,21.0008995,105.829272,"21.0,105.83"
2129,21.0009662,105.8292528,"21.0,105.83"
2130,21.0010269,105.8292503,"21.0,105.83"
2131,21.0010865,105.8292656,"21.0,105.83"
2132,21.0021335,105.829716,"21.0,105.83"
2133,21.0023419,105.8297951,"21.0,105.83"
2134,21.0027957,105.8299635,"21.0,105.83"
2135,21.0032352,105.830123,"21.0,105.83"
2136,21.00367,105.8302608,"21.0,105.83"
2137,21.0038463,105.8303182,"21.0,105.83"
2138,21.0042298,105.8304445,"21.0,105.83"
2139,21.0048027,105.8306639,"21.0,105.83"
2140,21.0053335,105.8308407,"21.01,105.83"
2141,21.0054936,105.8309288,"21.01,105.83"
2142,21.0058518,105.8310635,"21.01,105.83"
2143,21.0058883,105.8310807,"21.01,105.83"
2144,21.00593,105.8311292,"21.01,105.83"
2145,21.0059651,105.8311917,"21.01,105.83"
2146,21.0059848,105.8312446,"21.01,105.83"
2147,21.0059949,105.8312938,"21.01,105.83"
2148,21.0059961,105.8313301,"21.01,105.83"
2149,21.0019048,105.8296162,"21.0,105.83"
2150,21.0029135,105.8300029,"21.0,105.83"
2151,21.003718,105.8302766,"21.0,105.83"
2152,21.0041072,105.8304041,"21.0,105.83"
2153,21.0044066,105.8305122,"21.0,105.83"
2154,21.0046671,105.830612,"21.0,105.83"
2155,21.0054067,105.8308872,Ngõ 1 Tôn Thất Tùng
2156,21.0061085,105.8314902,"21.01,105.83"
2157,21.0060331,105.8309394,"21.01,105.83"
2158,21.0059415,105.8311498,"21.01,105.83"
2159,21.0049634,105.8305557,"21.0,105.83"
2160,21.0049174,105.830704,"21.0,105.83"
2161,21.0040655,105.8303131,Phố Tôn Thất Tùng
2162,21.0040855,105.8302439,"21.0,105.83"
2163,21.0040451,105.8303836,"21.0,105.83"
2164,21.0041804,105.8303531,Phố Tôn Thất Tùng
2165,21.0041978,105.8302842,"21.0,105.83"
2166,21.0041629,105.8304225,"21.0,105.83"
2167,21.0036934,105.8301132,"21.0,105.83"
2168,21.0036574,105.8302568,"21.0,105.83"
2169,21.0031313,105.8299439,Ngõ 18 Phố Tôn Thất Tùng
2170,21.0030956,105.8300723,"21.0,105.83"
2171,21.0020871,105.8295322,"21.0,105.83"
2172,21.0020401,105.8296739,"21.0,105.83"
2173,21.0009998,105.8289231,"21.0,105.83"
2174,21.0009167,105.8289678,"21.0,105.83"
2175,21.0009588,105.8289451,"21.0,105.83"
2176,21.0008523,105.8291643,"21.0,105.83"
2177,21.0008736,105.829213,"21.0,105.83"
2178,21.0019139,105.8259484,Ngõ 354 Đường Trường Chinh
2179,21.0017626,105.8260558,Đường Trường Chinh
2180,21.0013243,105.8278266,"21.0,105.83"
2181,21.0014035,105.8275794,"21.0,105.83"
2182,21.0014692,105.8273557,"21.0,105.83"
2183,21.0015568,105.8270291,"21.0,105.83"
2184,21.0016662,105.8266033,"21.0,105.83"
2185,21.0017286,105.8263651,"21.0,105.83"
2186,21.001796,105.8261668,"21.0,105.83"
2187,21.0018424,105.8260086,"21.0,105.83"
2188,21.0018924,105.8257942,"21.0,105.83"
2189,21.002083,105.8250249,"21.0,105.83"
2190,21.0023629,105.8239047,"21.0,105.82"
2191,21.0025976,105.8230192,"21.0,105.82"
2192,21.0012864,105.8274575,Đường Vành đai 2
2193,21.0026698,105.8227112,"21.0,105.82"
2194,21.0025214,105.8233232,"21.0,105.82"
2195,21.0023542,105.8240016,"21.0,105.82"
2196,21.0020453,105.8251769,"21.0,105.83"
2197,21.0018808,105.8258442,"21.0,105.83"
2198,21.0018697,105.8258914,"21.0,105.83"
2199,21.0016887,105.8265176,"21.0,105.83"
2200,21.0013092,105.8278686,"21.0,105.83"
2201,21.0010673,105.8285392,"21.0,105.83"
2202,21.0005906,105.8299171,"21.0,105.83"
2203,21.0005356,105.8301006,"21.0,105.83"
2204,21.0003798,105.8306533,"21.0,105.83"
2205,21.0001058,105.831748,"21.0,105.83"
2206,20.999758,105.8330839,"21.0,105.83"
2207,20.9996556,105.8334756,"21.0,105.83"
2208,20.9996067,105.8336682,"21.0,105.83"
2209,20.9995603,105.8338583,"21.0,105.83"
2210,20.9995233,105.8340669,"21.0,105.83"
2211,20.9994943,105.8342363,"21.0,105.83"
2212,20.999403,105.8349198,"21.0,105.83"
2213,20.9993435,105.8353588,"21.0,105.84"
2214,20.9993347,105.8355118,"21.0,105.84"
2215,21.000354,105.8307565,"21.0,105.83"
2216,21.0000766,105.8318605,"21.0,105.83"
2217,20.9995779,105.8337862,"21.0,105.83"
2218,20.9994655,105.8344213,"21.0,105.83"
2219,20.9992687,105.8359619,"21.0,105.84"
2220,20.9992184,105.8364318,"21.0,105.84"
2221,20.9991839,105.8366219,"21.0,105.84"
2222,20.9991112,105.8369727,"21.0,105.84"
2223,20.9989969,105.8373976,"21.0,105.84"
2224,20.9989242,105.8376936,"21.0,105.84"
2225,20.9988311,105.8380572,"21.0,105.84"
2226,20.9988819,105.8378684,"21.0,105.84"
2227,20.9989017,105.8377865,"21.0,105.84"
2228,20.9985723,105.8390967,"21.0,105.84"
2229,20.9987625,105.8383218,"21.0,105.84"
2230,20.9987122,105.8385413,"21.0,105.84"
2231,20.9984466,105.8395569,"21.0,105.84"
2232,20.9984022,105.8397598,"21.0,105.84"
2233,20.9985424,105.8391884,"21.0,105.84"
2234,21.0124752,105.8323737,Phố Đặng Văn Ngữ
2235,21.0125905,105.832664,"21.01,105.83"
2236,21.0126861,105.8325853,"21.01,105.83"
2237,21.0127251,105.8325938,"21.01,105.83"
2238,21.0128002,105.8326593,"21.01,105.83"
2239,21.0129723,105.8328167,"21.01,105.83"
2240,21.0130146,105.8328567,"21.01,105.83"
2241,21.0131237,105.8329618,"21.01,105.83"
2242,21.0133421,105.8332105,"21.01,105.83"
2243,21.0135042,105.8333931,"21.01,105.83"
2244,21.0136867,105.8335956,"21.01,105.83"
2245,21.0138408,105.8337632,"21.01,105.83"
2246,21.013953,105.8338738,"21.01,105.83"
2247,21.0139879,105.8339103,"21.01,105.83"
2248,21.0139838,105.8341021,"21.01,105.83"
2249,21.0139542,105.8341588,"21.01,105.83"
2250,21.012706,105.8325861,"21.01,105.83"
2251,21.0126416,105.8326227,"21.01,105.83"
2252,21.0140008,105.8339567,"21.01,105.83"
2253,21.0084476,105.8363397,Phố Hoàng Tích Trí
2254,21.0089646,105.8369704,Phố Hoàng Tích Trí
2255,20.9995164,105.8341072,"21.0,105.83"
2256,20.9994554,105.8340964,"21.0,105.83"
2257,20.9994905,105.8335975,Đường Vành đai 2
2258,21.0107648,105.8252306,Phố Tây Sơn
2259,21.0102688,105.8250014,Phố Tây Sơn
2260,21.009028,105.8243765,Phố Tây Sơn
2261,21.0090109,105.8246396,Phố Chùa Bộc
2262,21.0089861,105.824726,Phố Chùa Bộc
2263,21.0089657,105.8249499,Phố Chùa Bộc
2264,21.008939,105.8251248,Phố Chùa Bộc
2265,21.0088936,105.8252396,Phố Chùa Bộc
2266,21.0087749,105.8257944,"21.01,105.83"
2267,21.0084053,105.82663,"21.01,105.83"
2268,21.0077918,105.827929,"21.01,105.83"
2269,21.0077819,105.8279598,"21.01,105.83"
2270,21.0077813,105.8279968,"21.01,105.83"
2271,21.0081256,105.8272151,"21.01,105.83"
2272,21.0079793,105.8271506,"21.01,105.83"
2273,21.0105635,105.8363181,"21.01,105.84"
2274,21.0103912,105.8364738,"21.01,105.84"
2275,21.0095825,105.8375938,"21.01,105.84"
2276,21.0105302,105.836703,"21.01,105.84"
2277,21.0105519,105.8366944,"21.01,105.84"
2278,21.0105715,105.8366946,"21.01,105.84"
2279,21.0095822,105.8376109,"21.01,105.84"
2280,21.0095845,105.8376273,"21.01,105.84"
2281,21.009753,105.837834,"21.01,105.84"
2282,21.0097691,105.8378442,"21.01,105.84"
2283,21.0097907,105.8378447,"21.01,105.84"
2284,21.0101009,105.8370929,"21.01,105.84"
2285,21.0090024,105.8369541,"21.01,105.84"
2286,21.0093179,105.8373372,"21.01,105.84"
2287,21.0094411,105.8374863,"21.01,105.84"
2288,21.0094631,105.8375035,"21.01,105.84"
2289,21.0094861,105.837497,"21.01,105.84"
2290,21.0095472,105.8374434,"21.01,105.84"
2291,21.0100089,105.8370078,"21.01,105.84"
2292,21.0103174,105.8367047,"21.01,105.84"
2293,21.0103836,105.8366262,"21.01,105.84"
2294,21.0103887,105.8365942,"21.01,105.84"
2295,21.0103933,105.8364904,"21.01,105.84"
2296,21.0101814,105.8368377,"21.01,105.84"
2297,21.0098845,105.8371252,"21.01,105.84"
2298,21.0096053,105.8373886,"21.01,105.84"
2299,21.0104106,105.8368109,"21.01,105.84"
2300,21.0095901,105.8375766,"21.01,105.84"
2301,21.0095019,105.8374831,"21.01,105.84"
2302,21.0088063,105.8367138,"21.01,105.84"
2303,21.0084741,105.8363042,"21.01,105.84"
2304,21.0080315,105.8357534,"21.01,105.84"
2305,21.0077914,105.8354765,"21.01,105.84"
2306,21.0074961,105.8351199,"21.01,105.84"
2307,21.0073296,105.8349197,"21.01,105.83"
2308,21.0073211,105.8348931,"21.01,105.83"
2309,21.0073208,105.8348597,"21.01,105.83"
2310,21.0077747,105.8354563,"21.01,105.84"
2311,21.0078184,105.8355079,"21.01,105.84"
2312,21.0084066,105.8362201,"21.01,105.84"
2313,21.0089724,105.8369174,"21.01,105.84"
2314,21.0072279,105.8349451,"21.01,105.83"
2315,21.0072468,105.8349457,"21.01,105.83"
2316,21.0072595,105.8349511,"21.01,105.83"
2317,21.0072717,105.8349647,"21.01,105.83"
2318,21.0078057,105.8356024,"21.01,105.84"
2319,21.0080205,105.8358722,"21.01,105.84"
2320,21.0084121,105.8363575,"21.01,105.84"
2321,21.0088501,105.8368916,"21.01,105.84"
2322,21.0090017,105.8370757,"21.01,105.84"
2323,21.0093765,105.8375304,"21.01,105.84"
2324,21.0078223,105.8356232,"21.01,105.84"
2325,21.0073254,105.8348463,"21.01,105.83"
2326,21.0072131,105.8349487,"21.01,105.83"
2327,21.0084786,105.8363097,"21.01,105.84"
2328,21.0084196,105.8363667,"21.01,105.84"
2329,21.0089927,105.8369423,"21.01,105.84"
2330,21.0089374,105.8369976,"21.01,105.84"
2331,21.0093885,105.8375454,"21.01,105.84"
2332,21.0093905,105.837562,"21.01,105.84"
2333,21.009385,105.8375776,"21.01,105.84"
2334,21.0093778,105.8375996,"21.01,105.84"
2335,21.0091098,105.8378633,"21.01,105.84"
2336,21.008768,105.8381827,"21.01,105.84"
2337,21.0085805,105.838374,"21.01,105.84"
2338,21.0082791,105.8386136,"21.01,105.84"
2339,21.0080534,105.8388436,"21.01,105.84"
2340,21.0079504,105.8390048,"21.01,105.84"
2341,21.0078831,105.8394989,"21.01,105.84"
2342,21.0078526,105.8395554,"21.01,105.84"
2343,21.0078302,105.8396795,"21.01,105.84"
2344,21.0077878,105.8400075,"21.01,105.84"
2345,21.0077763,105.8400969,"21.01,105.84"
2346,21.0078958,105.8396712,Phố Đào Duy Anh
2347,21.0079616,105.8389402,"21.01,105.84"
2348,21.0086152,105.8383037,"21.01,105.84"
2349,21.009383,105.8375386,"21.01,105.84"
2350,21.0094168,105.8375082,Phố Hoàng Tích Trí
2351,21.0096751,105.8379342,"21.01,105.84"
2352,21.0096858,105.837915,"21.01,105.84"
2353,21.0096822,105.8378774,"21.01,105.84"
2354,21.0095024,105.8376777,"21.01,105.84"
2355,21.0094875,105.8376668,"21.01,105.84"
2356,21.009469,105.8376694,"21.01,105.84"
2357,21.0094172,105.8377147,"21.01,105.84"
2358,21.0096877,105.8378946,"21.01,105.84"
2359,21.0097216,105.8378631,"21.01,105.84"
2360,21.0095131,105.8376896,"21.01,105.84"
2361,21.0094482,105.8376876,"21.01,105.84"
2362,21.0091113,105.8380046,"21.01,105.84"
2363,21.0087519,105.8383254,"21.01,105.84"
2364,21.0089595,105.8385782,"21.01,105.84"
2365,21.0089401,105.8385758,"21.01,105.84"
2366,21.0089235,105.8385605,"21.01,105.84"
2367,21.0087502,105.8383608,"21.01,105.84"
2368,21.0087472,105.8383462,"21.01,105.84"
2369,21.0088565,105.8386847,"21.01,105.84"
2370,21.0088797,105.8386573,"21.01,105.84"
2371,21.008879,105.8386361,"21.01,105.84"
2372,21.0088733,105.8386178,"21.01,105.84"
2373,21.0086934,105.8384145,"21.01,105.84"
2374,21.0086768,105.8384054,"21.01,105.84"
2375,21.008663,105.8384047,"21.01,105.84"
2376,21.0083875,105.8386679,"21.01,105.84"
2377,21.0081184,105.8389554,"21.01,105.84"
2378,21.0080508,105.8391353,"21.01,105.84"
2379,21.0080379,105.839156,"21.01,105.84"
2380,21.0080258,105.8391977,"21.01,105.84"
2381,21.0080131,105.8392501,"21.01,105.84"
2382,21.007943,105.8397712,"21.01,105.84"
2383,21.0088661,105.8386096,"21.01,105.84"
2384,21.0087105,105.8383959,"21.01,105.84"
2385,21.0081174,105.8389903,"21.01,105.84"
2386,21.0081258,105.8390174,"21.01,105.84"
2387,21.0083322,105.8391653,"21.01,105.84"
2388,21.0083524,105.8391708,"21.01,105.84"
2389,21.008372,105.8391665,"21.01,105.84"
2390,21.0083296,105.8392319,"21.01,105.84"
2391,21.0083199,105.8392148,"21.01,105.84"
2392,21.0081426,105.8390988,"21.01,105.84"
2393,21.0081203,105.8390961,"21.01,105.84"
2394,21.0080816,105.8391088,"21.01,105.84"
2395,21.0080643,105.8391169,"21.01,105.84"
2396,21.0081001,105.8391011,"21.01,105.84"
2397,21.0105448,105.8342137,Ngách 2 Ngõ 4A Đặng Văn Ngữ
2398,21.0090895,105.8298063,Phố Nguyễn Ngọc Doãn
2399,21.0110827,105.8368415,"21.01,105.84"
2400,21.0108628,105.8369818,"21.01,105.84"
2401,21.0045843,105.8259782,Ngõ 123 Khương Thượng
2402,21.0045135,105.8261308,Ngách 123/2 Phố Khương Thượng
2403,21.0042017,105.8259671,Ngách 123/2 Phố Khương Thượng
2404,21.0041855,105.8260078,Ngách 123/2 Phố Khương Thượng
2405,21.0041805,105.8260438,Ngách 123/2 Phố Khương Thượng
2406,21.0041861,105.8260691,Ngách 123/2 Phố Khương Thượng
2407,21.010618,105.8252264,"21.01,105.83"
2408,21.0106313,105.8252256,"21.01,105.83"
2409,21.0106479,105.825231,"21.01,105.83"
2410,21.0107874,105.8253044,"21.01,105.83"
2411,21.0110493,105.8254663,"21.01,105.83"
2412,21.0112908,105.8256264,"21.01,105.83"
2413,21.0116314,105.8258525,"21.01,105.83"
2414,21.0117469,105.8259276,"21.01,105.83"
2415,21.0119983,105.8260869,"21.01,105.83"
2416,21.0122348,105.826234,"21.01,105.83"
2417,21.0124232,105.8263478,"21.01,105.83"
2418,21.0126208,105.8264707,"21.01,105.83"
2419,21.0128772,105.8266217,"21.01,105.83"
2420,21.0131923,105.8268137,"21.01,105.83"
2421,21.0133616,105.826913,"21.01,105.83"
2422,21.0133757,105.8269282,"21.01,105.83"
2423,21.0133779,105.8269487,"21.01,105.83"
2424,21.0133729,105.8269752,"21.01,105.83"
2425,21.0133471,105.8269045,"21.01,105.83"
2426,21.0108606,105.8253496,"21.01,105.83"
2427,21.0110096,105.8254418,"21.01,105.83"
2428,21.0113235,105.8256481,"21.01,105.83"
2429,21.0124777,105.8263824,"21.01,105.83"
2430,21.0126876,105.8265101,"21.01,105.83"
2431,21.0128179,105.8265868,"21.01,105.83"
2432,21.0130488,105.8267263,"21.01,105.83"
2433,21.0107026,105.8309079,"21.01,105.83"
2434,21.0106903,105.8308714,"21.01,105.83"
2435,21.0082432,105.8321372,"21.01,105.83"
2436,21.0081941,105.8320718,"21.01,105.83"
2437,21.0089878,105.8308969,"21.01,105.83"
2438,21.0088724,105.8309427,"21.01,105.83"
2439,21.0088479,105.8309653,"21.01,105.83"
2440,21.0088083,105.8310124,"21.01,105.83"
2441,20.9984455,105.8410873,"21.0,105.84"
2442,20.9981542,105.8410873,"21.0,105.84"
2443,20.9985001,105.8410878,"21.0,105.84"
2444,21.0020498,105.8275105,Ngách 82 Ngõ 72 Phố Tôn Thất Tùng
2445,21.002105,105.8275303,Ngách 82 Ngõ 72 Phố Tôn Thất Tùng
2446,21.0021988,105.8275398,Ngách 82 Ngõ 72 Phố Tôn Thất Tùng
2447,21.0024135,105.8275769,Ngách 82 Ngõ 72 Phố Tôn Thất Tùng
2448,21.0059056,105.8336478,"21.01,105.83"
2449,21.005907,105.8337903,"21.01,105.83"
2450,21.0015136,105.8271902,"21.0,105.83"
2451,21.010101,105.8349681,Ngách 1 Ngõ 46 Phố Phạm Ngọc Thạch
2452,21.0102902,105.8351989,Ngách 1 Ngõ 46 Phố Phạm Ngọc Thạch
2453,21.0099249,105.8351341,"21.01,105.84"
2454,21.0103966,105.8356802,"21.01,105.84"
2455,21.0089849,105.824469,"21.01,105.82"
2456,21.0054749,105.8227505,"21.01,105.82"
2457,21.0104496,105.8313746,Ngõ 4C Phố Đặng Văn Ngữ
2458,21.0080686,105.831758,Ngõ 47 Phố Đặng Văn Ngữ
2459,21.0080936,105.8317254,Ngõ 40 Phố Nguyễn Ngọc Doãn
2460,21.0082158,105.8315998,Ngõ 40 Phố Nguyễn Ngọc Doãn
2461,21.0067224,105.8366571,"21.01,105.84"
2462,21.0066904,105.8366149,"21.01,105.84"
2463,21.0008221,105.8375687,"21.0,105.84"
2464,21.0001463,105.8315863,"21.0,105.83"
2465,21.0000884,105.8315687,"21.0,105.83"
2466,20.9993491,105.8346866,Đường Trường Chinh
2467,20.999329,105.834818,Đường Trường Chinh
2468,20.9998365,105.8325183,Đường Trường Chinh
2469,21.0031408,105.8210323,"21.0,105.82"
2470,21.007879,105.8333343,Phố Phạm Ngọc Thạch
2471,21.0056692,105.8228262,"21.01,105.82"
2472,21.004223,105.8334868,Ngách 53 Ngõ 41 Phố Đông Tác
2473,21.0042719,105.8335389,Ngách 53 Ngõ 41 Phố Đông Tác
2474,20.9978418,105.8411346,"21.0,105.84"
2475,21.0052689,105.836354,"21.01,105.84"
2476,21.0053584,105.8364547,"21.01,105.84"
2477,21.0094081,105.8299118,"21.01,105.83"
2478,21.0089065,105.8297661,"21.01,105.83"
2479,21.0039688,105.8227822,Ngách 75 Ngõ 592 Đường Trường Chinh
2480,21.0040543,105.8226089,Ngách 75 Ngõ 592 Đường Trường Chinh
2481,21.0033855,105.8221266,Ngách 592/29 Đường Trường Chinh
2482,21.0040149,105.8229927,"21.0,105.82"
2483,21.0029391,105.8221761,Ngõ 592 Trường Chinh
2484,21.0030102,105.8222099,Ngách 13 Ngõ 592 Đường Trường Chinh
2485,21.0030815,105.8220118,Ngách 13 Ngõ 592 Đường Trường Chinh
2486,21.0036434,105.8222912,Ngách 592/29 Đường Trường Chinh
2487,21.0033464,105.8222201,Ngách 592/29 Đường Trường Chinh
2488,21.0027527,105.8220838,Đường Trường Chinh
2489,21.0027129,105.8220683,Đường Vành đai 2
2490,21.0016971,105.8382994,"21.0,105.84"
2491,21.0020635,105.8381048,"21.0,105.84"
2492,21.002029,105.8380661,"21.0,105.84"
2493,21.0020092,105.837664,"21.0,105.84"
2494,21.0020952,105.8374893,"21.0,105.84"
2495,21.0023233,105.8371267,"21.0,105.84"
2496,21.0035108,105.8258087,"21.0,105.83"
2497,21.0091565,105.8243959,"21.01,105.82"
2498,21.0050873,105.836401,"21.01,105.84"
2499,21.0084971,105.8284741,Ngõ 12 Chùa Bộc
2500,21.0085265,105.8284074,Ngõ 12 Chùa Bộc
2501,21.0084995,105.828394,"21.01,105.83"
2502,21.0082579,105.8289069,Ngách 12/2 Phố Chùa Bộc
2503,21.0082516,105.8290275,Ngách 12/2 Phố Chùa Bộc
2504,21.0081798,105.8292268,Ngách 12/2 Phố Chùa Bộc
2505,21.0082319,105.8290888,Ngách 12/2 Phố Chùa Bộc
2506,21.0084704,105.8284618,"21.01,105.83"
2507,21.0082941,105.8289272,Ngách 12/2 Phố Chùa Bộc
2508,21.0019102,105.8262015,Ngõ 354 Đường Trường Chinh
2509,21.0017167,105.8261838,Ngõ 354 Đường Trường Chinh
2510,21.001788,105.8261903,Ngõ 354 Đường Trường Chinh
2511,21.0019207,105.8258514,Ngõ 354 Đường Trường Chinh
2512,21.0021236,105.8381349,"21.0,105.84"
2513,21.002136,105.8382009,"21.0,105.84"
2514,21.0126495,105.832467,Phố Đặng Văn Ngữ
2515,21.0047797,105.8284907,"21.0,105.83"
2516,21.0047069,105.8286036,Ngõ 43 Phố Chùa Bộc
2517,21.0046912,105.8286143,Ngõ 43 Phố Chùa Bộc
2518,21.0046789,105.8286501,Ngõ 43 Phố Chùa Bộc
2519,21.0046694,105.8286773,Ngõ 43 Phố Chùa Bộc
2520,21.0046644,105.8286921,Ngõ 43 Phố Chùa Bộc
2521,21.0046513,105.8286983,Ngõ 43 Phố Chùa Bộc
2522,21.0046367,105.8286929,Ngõ 43 Phố Chùa Bộc
2523,21.0045113,105.8286385,Phố Tam Khương
2524,21.0046581,105.8286967,Ngõ 43 Phố Chùa Bộc
2525,21.0046991,105.8286067,Ngõ 43 Phố Chùa Bộc
2526,21.0047227,105.8286005,Ngõ 43 Phố Chùa Bộc
2527,21.0052368,105.8287399,"21.01,105.83"
2528,21.0052875,105.8287671,"21.01,105.83"
2529,21.0078656,105.8331555,Phố Phạm Ngọc Thạch
2530,21.0069215,105.8318575,"21.01,105.83"
2531,21.0069906,105.8319376,"21.01,105.83"
2532,21.0070168,105.8319581,"21.01,105.83"
2533,21.007046,105.8319852,"21.01,105.83"
2534,21.0064491,105.8312208,"21.01,105.83"
2535,21.0063919,105.8305939,"21.01,105.83"
2536,21.0063275,105.830825,Phố Chùa Bộc
2537,21.0069909,105.8297287,Phố Chùa Bộc
2538,21.00634,105.8309707,Cầu vượt nút giao Chùa Bộc - Phạm Ngọc Thạch
2539,21.0063522,105.8307843,"21.01,105.83"
2540,21.0064788,105.8308437,"21.01,105.83"
2541,21.0063899,105.831516,Phố Phạm Ngọc Thạch
2542,21.0064356,105.8315728,Phố Phạm Ngọc Thạch
2543,21.0064526,105.8308977,Phố Chùa Bộc
2544,21.0064165,105.830667,Phố Chùa Bộc
2545,21.0062842,105.8311872,Cầu vượt nút giao Chùa Bộc - Phạm Ngọc Thạch
2546,21.0042169,105.827375,Hẻm 34 Ngách 137 Ngõ 354 Trường Chinh
2547,21.0041523,105.8275962,"21.0,105.83"
2548,21.0036389,105.8273757,Hẻm 21 Ngách 137 Ngõ 354 Trường Chinh
2549,21.0037314,105.8273524,Hẻm 21 Ngách 137 Ngõ 354 Trường Chinh
2550,21.0038413,105.8274541,Ngách 137 Ngõ 354 Trường Chinh
2551,21.003817,105.8273251,Ngách 137 Ngõ 354 Trường Chinh
2552,21.0039643,105.8272917,Ngách 137 Ngõ 354 Trường Chinh
2553,21.0040002,105.8275308,"21.0,105.83"
2554,21.0040208,105.8276201,"21.0,105.83"
2555,21.0034551,105.8278496,"21.0,105.83"
2556,21.003587,105.8273638,Hẻm 354/137/21 Đường Trường Chinh
2557,21.0035629,105.827249,Hẻm 354/137/21 Đường Trường Chinh
2558,21.0035529,105.8271353,Hẻm 354/137/21 Đường Trường Chinh
2559,21.0035489,105.8270012,Hẻm 354/137/21 Đường Trường Chinh
2560,21.0037692,105.8269615,Hẻm 354/137/21 Đường Trường Chinh
2561,21.0038373,105.8269347,Hẻm 354/137/21 Đường Trường Chinh
2562,21.0038744,105.8271149,Hẻm 354/137/21 Đường Trường Chinh
2563,21.0020461,105.834724,Ngách 17 Ngõ 167 Phương Mai
2564,21.0002929,105.8408843,"21.0,105.84"
2565,21.0003051,105.840664,"21.0,105.84"
2566,21.0004453,105.8406774,"21.0,105.84"
2567,21.000435,105.840968,"21.0,105.84"
2568,20.9999818,105.8412693,"21.0,105.84"
2569,21.0027171,105.8404853,"21.0,105.84"
2570,21.002687,105.8405095,"21.0,105.84"
2571,21.0024541,105.8405068,"21.0,105.84"
2572,21.0023965,105.8405175,"21.0,105.84"
2573,21.002354,105.8405497,"21.0,105.84"
2574,21.0023064,105.8405685,"21.0,105.84"
2575,21.002076,105.8405739,"21.0,105.84"
2576,21.002054,105.8392388,"21.0,105.84"
2577,21.0024325,105.8391228,"21.0,105.84"
2578,21.0021361,105.8391228,"21.0,105.84"
2579,21.0020936,105.8391416,"21.0,105.84"
2580,21.002066,105.8391711,"21.0,105.84"
2581,21.0009567,105.8383551,"21.0,105.84"
2582,21.000973,105.8388559,"21.0,105.84"
2583,21.0009905,105.8390302,"21.0,105.84"
2584,21.0009561,105.8384201,"21.0,105.84"
2585,21.0007739,105.8384173,"21.0,105.84"
2586,21.0008316,105.8384182,"21.0,105.84"
2587,21.000814,105.838986,"21.0,105.84"
2588,21.0008215,105.8390101,"21.0,105.84"
2589,21.0008516,105.8390235,"21.0,105.84"
2590,21.0008215,105.8387429,"21.0,105.84"
2591,21.0009683,105.83883,"21.0,105.84"
2592,21.0013646,105.8388331,"21.0,105.84"
2593,21.0009943,105.8391308,"21.0,105.84"
2594,21.0010143,105.839163,"21.0,105.84"
2595,21.0010444,105.8391791,"21.0,105.84"
2596,21.001107,105.8391979,"21.0,105.84"
2597,21.001127,105.8392408,"21.0,105.84"
2598,21.0011345,105.8395895,"21.0,105.84"
2599,21.0011621,105.8388315,"21.0,105.84"
2600,21.001152,105.8391147,"21.0,105.84"
2601,21.0012797,105.8388324,"21.0,105.84"
2602,21.0012774,105.8395692,"21.0,105.84"
2603,21.0009275,105.8400994,"21.0,105.84"
2604,21.0010226,105.8401051,"21.0,105.84"
2605,21.0011388,105.8400655,"21.0,105.84"
2606,21.001284,105.8400146,"21.0,105.84"
2607,21.0013104,105.8399863,"21.0,105.84"
2608,21.0013315,105.8399495,"21.0,105.84"
2609,21.0013289,105.8396384,"21.0,105.84"
2610,21.0013091,105.839592,"21.0,105.84"
2611,21.000814,105.8404134,"21.0,105.84"
2612,21.0006978,105.8404105,"21.0,105.84"
2613,21.0006529,105.8404332,"21.0,105.84"
2614,20.9996456,105.8335151,"21.0,105.83"
2615,21.0060986,105.8397447,"21.01,105.84"
2616,21.0025939,105.8344734,"21.0,105.83"
2617,21.0025836,105.8350287,Ngách 10 Ngõ 135 Phương Mai
2618,21.0023218,105.8346453,Ngách 17 Ngõ 167 Phương Mai
2619,21.0022656,105.8341434,Ngõ 167 Phố Phương Mai
2620,21.002251,105.8340814,Ngách 31 Ngõ 167 Phương Mai
2621,21.0022915,105.8342534,"21.0,105.83"
2622,21.0023581,105.8346133,Ngách 17 Ngõ 167 Phương Mai
2623,21.002341,105.8346325,Ngách 17 Ngõ 167 Phương Mai
2624,21.0022028,105.8347015,"21.0,105.83"
2625,21.0022623,105.8352039,"21.0,105.84"
2626,21.0022481,105.8350692,"21.0,105.84"
2627,21.0023555,105.834861,"21.0,105.83"
2628,21.0022466,105.8345876,Ngách 167/19 Phố Phương Mai
2629,21.0022077,105.8345768,Ngách 167/19 Phố Phương Mai
2630,21.0021823,105.8345579,Ngách 167/19 Phố Phương Mai
2631,21.0018044,105.8346399,Ngách 167/19 Phố Phương Mai
2632,21.0023069,105.8343154,Ngõ 167 Phố Phương Mai
2633,21.0022502,105.8340442,Ngõ 167 Phố Phương Mai
2634,21.0022079,105.8342748,"21.0,105.83"
2635,21.0021961,105.8340906,Ngách 31 Ngõ 167 Phương Mai
2636,21.0021615,105.8341014,Ngách 31 Ngõ 167 Phương Mai
2637,21.0021112,105.8341188,Ngách 31 Ngõ 167 Phương Mai
2638,21.0021576,105.8339937,Ngách 33 Ngõ 167 Phương Mai
2639,21.0022655,105.8338148,Ngách 167/35 Phố Phương Mai
2640,21.0023221,105.8340012,Ngách 167/35 Phố Phương Mai
2641,21.0024863,105.8339829,"21.0,105.83"
2642,21.002516,105.8339891,"21.0,105.83"
2643,21.0025721,105.8339747,"21.0,105.83"
2644,21.0026444,105.8339546,"21.0,105.83"
2645,21.0023042,105.833629,"21.0,105.83"
2646,21.0023874,105.8336617,"21.0,105.83"
2647,21.0023412,105.8333185,Ngõ 167 Phố Phương Mai
2648,21.0005043,105.8375937,"21.0,105.84"
2649,21.0004167,105.8382431,"21.0,105.84"
2650,21.0102927,105.8298856,"21.01,105.83"
2651,21.0063998,105.8306978,"21.01,105.83"
2652,21.0061385,105.830573,"21.01,105.83"
2653,21.0063425,105.8306677,"21.01,105.83"
2654,21.0037779,105.8302201,Phố Tôn Thất Tùng
2655,21.0039285,105.8295295,"21.0,105.83"
2656,21.0037941,105.830146,"21.0,105.83"
2657,21.003907,105.8302618,Phố Tôn Thất Tùng
2658,21.0040665,105.829565,"21.0,105.83"
2659,21.0039238,105.8301883,"21.0,105.83"
2660,21.0043876,105.8264883,"21.0,105.83"
2661,21.0045292,105.82656,"21.0,105.83"
2662,21.0046283,105.8263476,"21.0,105.83"
2663,21.0046579,105.8262677,"21.0,105.83"
2664,21.0046862,105.8261215,"21.0,105.83"
2665,21.0045593,105.8260322,"21.0,105.83"
2666,21.0044302,105.8265099,"21.0,105.83"
2667,21.0043811,105.8266055,"21.0,105.83"
2668,21.0043024,105.8266772,"21.0,105.83"
2669,21.0105952,105.8346174,Ngõ 46A Phố Phạm Ngọc Thạch
2670,21.0105864,105.8345222,Ngõ 46A Phố Phạm Ngọc Thạch
2671,21.0107179,105.8344568,Ngõ 46A Phố Phạm Ngọc Thạch
2672,21.0085398,105.8260207,Phố Chùa Bộc
2673,21.0075802,105.8255276,Ngõ 231 Phố Chùa Bộc
2674,21.0080574,105.8257768,Ngõ 231 Phố Chùa Bộc
2675,21.0083589,105.8259371,Ngõ 231 Phố Chùa Bộc
2676,21.0085341,105.8260333,Ngõ 231 Phố Chùa Bộc
2677,21.0084974,105.8260132,Ngõ 231 Phố Chùa Bộc
2678,21.0082836,105.8264811,Ngõ 203 Chùa Bộc
2679,21.0028139,105.8392533,"21.0,105.84"
2680,21.0077973,105.8402977,"21.01,105.84"
2681,21.0070338,105.8408261,"21.01,105.84"
2682,21.0122625,105.8321817,Phố Đặng Văn Ngữ
2683,21.0089739,105.8385727,"21.01,105.84"
2684,21.0066585,105.8232412,"21.01,105.82"
2685,21.0068014,105.8232815,"21.01,105.82"
2686,21.0089072,105.8249749,"21.01,105.82"
2687,21.007629,105.8242244,"21.01,105.82"
2688,21.0081796,105.8244995,"21.01,105.82"
2689,21.0063872,105.8235877,"21.01,105.82"
2690,21.0076572,105.8241692,"21.01,105.82"
2691,21.0075644,105.8243712,"21.01,105.82"
2692,21.0071048,105.82444,"21.01,105.82"
2693,21.0077689,105.8247791,"21.01,105.82"
2694,21.0079519,105.8243857,"21.01,105.82"
2695,21.0072826,105.8240513,"21.01,105.82"
2696,21.00748,105.8244061,"21.01,105.82"
2697,21.0071894,105.8242551,"21.01,105.82"
2698,21.0078523,105.8245999,"21.01,105.82"
2699,21.0075983,105.8244627,"21.01,105.82"
2700,21.0074355,105.8246091,"21.01,105.82"
2701,21.0074213,105.824639,"21.01,105.82"
2702,21.0073548,105.8247869,"21.01,105.82"
2703,21.0117004,105.8322017,"21.01,105.83"
2704,21.0116988,105.832227,"21.01,105.83"
2705,21.0076478,105.8410974,"21.01,105.84"
2706,21.0075664,105.8410936,"21.01,105.84"
2707,21.0115611,105.8365327,Ngõ 29 Phố Xã Đàn
2708,21.0114916,105.8363357,Ngõ 29 Phố Xã Đàn
2709,21.01144,105.8363944,Ngõ 29 Phố Xã Đàn
2710,21.0111604,105.8363305,Ngõ 27 Phố Xã Đàn
2711,21.0113096,105.8364498,Ngõ 27 Phố Xã Đàn
2712,21.0106373,105.8355503,Ngõ 46 Phố Phạm Ngọc Thạch
2713,21.011548,105.8360666,Ngõ 43 Xã Đàn
2714,21.0116017,105.8361452,Ngõ 43 Xã Đàn
2715,21.01165,105.8362036,Ngõ 43 Xã Đàn
2716,21.0117753,105.8363376,Ngõ 43 Xã Đàn
2717,21.0089807,105.8321369,Ngõ 4A Phố Đặng Văn Ngữ
2718,21.0089971,105.8322464,Ngõ 4A Phố Đặng Văn Ngữ
2719,21.0088666,105.8357972,Ngõ B6 Phạm Ngọc Thạch
2720,21.0093602,105.8364046,Ngõ B6 Phạm Ngọc Thạch
2721,21.0044452,105.8410062,"21.0,105.84"
2722,21.0043695,105.8410674,"21.0,105.84"
2723,21.005523,105.8229195,"21.01,105.82"
2724,21.0058614,105.8231039,"21.01,105.82"
2725,21.0059169,105.8233402,"21.01,105.82"
2726,21.0044116,105.8220448,Phố Tây Sơn
2727,21.0091559,105.8329448,Ngõ 4 Phố Đặng Văn Ngữ
2728,21.0140632,105.8340569,"21.01,105.83"
2729,21.0139747,105.8341304,"21.01,105.83"
2730,21.0139967,105.8339284,"21.01,105.83"
2731,21.0140474,105.8338904,"21.01,105.83"
2732,21.0139899,105.8340503,"21.01,105.83"
2733,21.0140255,105.8340535,"21.01,105.83"
2734,21.0083077,105.8392068,"21.01,105.84"
2735,21.0081713,105.83905,"21.01,105.84"
2736,21.0083204,105.8391853,"21.01,105.84"
2737,21.0081551,105.8390776,"21.01,105.84"
2738,21.0081427,105.8393559,"21.01,105.84"
2739,21.0081637,105.8393584,"21.01,105.84"
2740,21.0081843,105.8393532,"21.01,105.84"
2741,21.0082021,105.839341,"21.01,105.84"
2742,21.0081811,105.8392293,"21.01,105.84"
2743,21.0081616,105.8392254,"21.01,105.84"
2744,21.008142,105.8392282,"21.01,105.84"
2745,21.0081242,105.8392376,"21.01,105.84"
2746,21.008215,105.839323,"21.01,105.84"
2747,21.0082216,105.8393014,"21.01,105.84"
2748,21.008221,105.8392788,"21.01,105.84"
2749,21.0082133,105.8392576,"21.01,105.84"
2750,21.0081995,105.8392405,"21.01,105.84"
2751,21.00811,105.8392524,"21.01,105.84"
2752,21.0081009,105.8392713,"21.01,105.84"
2753,21.0080979,105.8392923,"21.01,105.84"
2754,21.0081012,105.8393133,"21.01,105.84"
2755,21.0081105,105.8393321,"21.01,105.84"
2756,21.0081248,105.8393468,"21.01,105.84"
2757,21.0082279,105.8391546,"21.01,105.84"
2758,21.008209,105.8393314,"21.01,105.84"
2759,21.0082571,105.8393614,"21.01,105.84"
2760,21.0080165,105.83975,"21.01,105.84"
2761,21.008107,105.8392588,"21.01,105.84"
2762,21.0089986,105.8383332,"21.01,105.84"
2763,21.0090188,105.8383504,"21.01,105.84"
2764,21.0090431,105.8383595,"21.01,105.84"
2765,21.0090689,105.8383595,"21.01,105.84"
2766,21.0090933,105.8383504,"21.01,105.84"
2767,21.0091196,105.8382306,"21.01,105.84"
2768,21.0091021,105.8382112,"21.01,105.84"
2769,21.0090797,105.8381989,"21.01,105.84"
2770,21.0090548,105.838195,"21.01,105.84"
2771,21.0090301,105.8381998,"21.01,105.84"
2772,21.0091135,105.8383333,"21.01,105.84"
2773,21.0091273,105.83831,"21.01,105.84"
2774,21.0091332,105.8382831,"21.01,105.84"
2775,21.0091306,105.8382556,"21.01,105.84"
2776,21.0090081,105.8382128,"21.01,105.84"
2777,21.0089911,105.8382328,"21.01,105.84"
2778,21.0089811,105.8382575,"21.01,105.84"
2779,21.008979,105.8382843,"21.01,105.84"
2780,21.008985,105.8383105,"21.01,105.84"
2781,21.0088499,105.8384757,"21.01,105.84"
2782,21.0091114,105.8382215,"21.01,105.84"
2783,21.0092521,105.8380861,"21.01,105.84"
2784,21.0091069,105.8383389,"21.01,105.84"
2785,21.0091529,105.8383984,"21.01,105.84"
2786,21.0089995,105.8382229,"21.01,105.84"
2787,21.008944,105.8381539,"21.01,105.84"
2788,21.0138004,105.8336246,Phố Nam Đồng
2789,21.0077032,105.8404297,"21.01,105.84"
2790,21.0076764,105.8405241,"21.01,105.84"
2791,21.0076907,105.8404788,"21.01,105.84"
2792,21.0108053,105.8346353,Ngõ 46A Phố Phạm Ngọc Thạch
2793,21.0032554,105.8293314,Ngõ 18 Phố Tôn Thất Tùng
2794,21.0033859,105.8300208,"21.0,105.83"
2795,21.003504,105.8294627,Ngõ 14 Phố Tôn Thất Tùng
2796,20.9987546,105.8385492,"21.0,105.84"
2797,21.0118017,105.8281014,Ngõ 119 Hồ Đắc Di
2798,21.0070065,105.829791,"21.01,105.83"
2799,21.0066432,105.831492,"21.01,105.83"
2800,21.0067349,105.8302978,Phố Chùa Bộc
2801,21.0067417,105.8308296,"21.01,105.83"
2802,21.0068806,105.8309039,"21.01,105.83"
2803,21.0067927,105.8311065,"21.01,105.83"
2804,21.0066678,105.8310413,"21.01,105.83"
2805,21.0065036,105.8309556,"21.01,105.83"
2806,21.0064405,105.8309227,"21.01,105.83"
2807,21.0067133,105.831065,"21.01,105.83"
2808,21.0066391,105.831237,"21.01,105.83"
2809,21.0064689,105.8313711,"21.01,105.83"
2810,21.0065428,105.8313128,"21.01,105.83"
2811,21.0064885,105.8309478,"21.01,105.83"
2812,21.0065246,105.8313272,"21.01,105.83"
2813,21.0019251,105.8297967,"21.0,105.83"
2814,21.0019697,105.8295496,Phố Tôn Thất Tùng
2815,21.0026671,105.8313503,"21.0,105.83"
2816,21.0026821,105.8313878,"21.0,105.83"
2817,21.0027272,105.8314093,"21.0,105.83"
2818,21.0029701,105.8314468,"21.0,105.83"
2819,21.0027085,105.8310984,"21.0,105.83"
2820,21.003253,105.8311867,"21.0,105.83"
2821,21.0026833,105.8312517,"21.0,105.83"
2822,21.0031103,105.8313154,"21.0,105.83"
2823,21.0006026,105.8301305,"21.0,105.83"
2824,21.0015504,105.8307921,Ngõ Hồ Hố Mẻ
2825,21.0003868,105.8307658,"21.0,105.83"
2826,21.0004908,105.8326362,"21.0,105.83"
2827,20.9996975,105.83353,"21.0,105.83"
2828,21.0004121,105.8309625,"21.0,105.83"
2829,21.0002561,105.8315825,"21.0,105.83"
2830,21.0003894,105.8310529,"21.0,105.83"
2831,21.0004288,105.8313809,"21.0,105.83"
2832,21.0003669,105.8316183,"21.0,105.83"
2833,21.0002851,105.8319222,"21.0,105.83"
2834,21.0002528,105.8309178,"21.0,105.83"
2835,21.0003694,105.8309505,"21.0,105.83"
2836,21.0003096,105.8309337,"21.0,105.83"
2837,21.0002958,105.8318825,"21.0,105.83"
2838,21.0031637,105.8203673,"21.0,105.82"
2839,21.0032545,105.8205392,"21.0,105.82"
2840,21.0032054,105.8206422,Đường Láng
2841,21.003329,105.8207106,"21.0,105.82"
2842,21.0031716,105.8209225,"21.0,105.82"
2843,21.0029502,105.8212484,"21.0,105.82"
2844,21.0035553,105.8210059,Phố Tây Sơn
2845,21.0054084,105.8227257,"21.01,105.82"
2846,21.011569,105.8286494,"21.01,105.83"
2847,21.0062064,105.8290067,"21.01,105.83"
2848,21.0070551,105.8293063,Ngõ 59 Phố Chùa Bộc
2849,21.0052728,105.8256288,"21.01,105.83"
2850,21.0090368,105.8251194,Phố Chùa Bộc
2851,21.0089556,105.8254224,"21.01,105.83"
2852,21.0014507,105.8317117,"21.0,105.83"
2853,21.0058303,105.8359588,Ngõ 11 Lương Định Của
2854,21.0029924,105.8343036,Ngõ 180 Phố Phương Mai
2855,21.0029605,105.8342351,Ngõ 281 Phố Phương Mai
2856,21.0028355,105.8339938,Ngõ 281 Phố Phương Mai
2857,21.0031116,105.8342211,Ngõ 180 Phố Phương Mai
2858,21.0030665,105.8340452,Ngõ 180 Phố Phương Mai
2859,21.0029823,105.8339035,Ngõ 180 Phố Phương Mai
2860,21.0028805,105.8338304,Ngõ 180 Phố Phương Mai
2861,21.0025447,105.8327832,Ngõ 120 Đường Trường Chinh
2862,21.0025675,105.8328171,"21.0,105.83"
2863,21.0026451,105.8329388,"21.0,105.83"
2864,21.0019139,105.8324505,"21.0,105.83"
2865,21.0018603,105.8331422,"21.0,105.83"
2866,21.0019529,105.8324167,"21.0,105.83"
2867,21.0020165,105.8324302,"21.0,105.83"
2868,21.0017486,105.8334671,"21.0,105.83"
2869,21.0016128,105.8337509,"21.0,105.83"
2870,21.0013798,105.8340914,Ký túc xá Đại học Y Hà Nội
2871,21.0008464,105.8341324,Ký túc xá Đại học Y Hà Nội
2872,21.0051374,105.8299846,"21.01,105.83"
2873,21.0055416,105.8293531,"21.01,105.83"
2874,21.0059659,105.8295757,"21.01,105.83"
2875,21.0060182,105.8294605,"21.01,105.83"
2876,21.0051669,105.8298864,"21.01,105.83"
2877,21.0056168,105.8244775,"21.01,105.82"
2878,21.0065918,105.8331412,Ngõ 97 Phạm Ngọc Thạch
2879,21.0064625,105.834456,Ngõ 97 Phố Phạm Ngọc Thạch
2880,21.0063511,105.8336048,Ngõ 97 Phạm Ngọc Thạch
2881,21.0063299,105.8337184,Ngõ 97 Phạm Ngọc Thạch
2882,21.0067737,105.8347919,"21.01,105.83"
2883,21.0066524,105.8331479,Ngõ 97 Phạm Ngọc Thạch
2884,21.0066662,105.8342032,Ngõ 97 Phạm Ngọc Thạch
2885,21.0063346,105.8329944,Ngõ 97 Phạm Ngọc Thạch
2886,21.0064692,105.8343956,Ngõ 97 Phố Phạm Ngọc Thạch
2887,21.0066868,105.8331603,Ngõ 97 Phạm Ngọc Thạch
2888,21.0062682,105.8330926,Ngõ 97 Phạm Ngọc Thạch
2889,21.0063929,105.8327292,Ngõ 26 Đông Tác
2890,21.0064614,105.8330406,Ngõ 97 Phạm Ngọc Thạch
2891,21.0084432,105.8281463,Ngõ 12 Chùa Bộc
2892,21.008658,105.8282632,Ngõ 12 Chùa Bộc
2893,21.0087222,105.8282166,Ngõ 12 Chùa Bộc
2894,21.0087823,105.8280859,Ngõ 12 Chùa Bộc
2895,21.0110523,105.8277727,"21.01,105.83"
2896,21.0110921,105.8278645,"21.01,105.83"
2897,21.0110491,105.827978,"21.01,105.83"
2898,21.0110033,105.8280973,"21.01,105.83"
2899,21.0109312,105.8282369,"21.01,105.83"
2900,21.0108453,105.8283965,"21.01,105.83"
2901,21.0107288,105.8285578,"21.01,105.83"
2902,21.010641,105.8287246,"21.01,105.83"
2903,21.0089269,105.8278164,Ngõ 12 Chùa Bộc
2904,21.0100123,105.8278109,Ngõ 119 Hồ Đắc Di
2905,21.0088089,105.8280363,Ngõ 12 Chùa Bộc
2906,21.0083098,105.8281484,Ngõ 12 Chùa Bộc
2907,21.0089993,105.8274709,"21.01,105.83"
2908,21.0089231,105.8273798,"21.01,105.83"
2909,21.0116114,105.8285744,"21.01,105.83"
2910,21.0114389,105.8285737,"21.01,105.83"
2911,21.0113597,105.8284942,"21.01,105.83"
2912,21.0112344,105.8282023,"21.01,105.83"
2913,21.0113994,105.8289661,"21.01,105.83"
2914,21.0112362,105.828966,"21.01,105.83"
2915,21.0111165,105.8288416,"21.01,105.83"
2916,21.011028,105.8286363,"21.01,105.83"
2917,21.0110046,105.8285742,"21.01,105.83"
2918,21.0109901,105.8302793,"21.01,105.83"
2919,21.0004014,105.8379176,"21.0,105.84"
2920,21.0005009,105.8378683,"21.0,105.84"
2921,21.0017866,105.8371214,Ngõ 89 Phố Lương Định Của
2922,21.0018267,105.8366655,Ngõ 89 Phố Lương Định Của
2923,21.001783,105.8372426,Ngõ 89 Phố Lương Định Của
2924,21.0019639,105.8372684,Ngõ 89 Phố Lương Định Của
2925,21.0014556,105.8375453,Ngõ 102 Trường Chinh
2926,21.0023888,105.8350499,"21.0,105.84"
2927,21.0025248,105.8347035,Ngách 10 Ngõ 135 Phương Mai
2928,21.0026577,105.8346685,Ngách 10 Ngõ 135 Phương Mai
2929,21.0008397,105.8360168,"21.0,105.84"
2930,21.0007349,105.8359836,"21.0,105.84"
2931,21.0007314,105.8358683,"21.0,105.84"
2932,21.000531,105.8358445,"21.0,105.84"
2933,21.0002724,105.8358635,"21.0,105.84"
2934,21.0001428,105.8359045,"21.0,105.84"
2935,21.0000683,105.8357745,"21.0,105.84"
2936,21.0010817,105.8362555,"21.0,105.84"
2937,21.0010887,105.8365205,"21.0,105.84"
2938,21.0006936,105.8358406,"21.0,105.84"
2939,21.0006859,105.8356492,"21.0,105.84"
2940,20.999599,105.8363542,"21.0,105.84"
2941,21.0001037,105.8360267,"21.0,105.84"
2942,21.0005127,105.8359739,"21.0,105.84"
2943,21.0001396,105.8359681,"21.0,105.84"
2944,21.0018813,105.8341031,Ngõ 120 Đường Trường Chinh
2945,21.0019235,105.8341477,Ngách 41/36 Đông Tác
2946,21.0019683,105.8343293,Ngách 41/36 Đông Tác
2947,21.0020676,105.8344204,Ngách 41/36 Đông Tác
2948,21.0010809,105.8356448,Ngách 120/68 Đường Trường Chinh
2949,21.0010526,105.835589,Ngách 120/68 Đường Trường Chinh
2950,21.0009254,105.8355943,Ngách 120/68 Đường Trường Chinh
2951,21.0012232,105.8356345,Ngách 120/68 Đường Trường Chinh
2952,21.0011855,105.8353641,Ngách 120/68 Đường Trường Chinh
2953,21.0008828,105.8362513,"21.0,105.84"
2954,20.999686,105.8358922,"21.0,105.84"
2955,21.0036989,105.8218816,Ngõ 317 Phố Tây Sơn
2956,21.0033272,105.8216174,"21.0,105.82"
2957,21.0033565,105.8300836,Ngõ 14 Phố Tôn Thất Tùng
2958,21.0033724,105.830017,Ngõ 14 Phố Tôn Thất Tùng
2959,21.0040427,105.8284043,Ngõ 51 Tam Khương
2960,21.0040158,105.8286785,Ngõ 51 Tam Khương
2961,21.0038139,105.8281698,Ngách 354/159 Đường Trường Chinh
2962,21.0041615,105.8281622,Ngõ 51 Tam Khương
2963,21.0037383,105.8281266,Ngách 354/159 Đường Trường Chinh
2964,21.0037659,105.8281577,Ngách 354/159 Đường Trường Chinh
2965,21.0091527,105.8249539,"21.01,105.82"
2966,21.0094771,105.8249681,Ngõ 161A Tây Sơn
2967,21.0095638,105.8247976,"21.01,105.82"
2968,21.0095996,105.8247219,Ngõ 161A Tây Sơn
2969,21.0093491,105.8247896,"21.01,105.82"
2970,21.0016201,105.8356983,Ngõ 32 Phố Lương Định Của
2971,21.0025013,105.8240937,Phố Khương Thượng
2972,21.0043378,105.8267953,Phố Tam Khương
2973,21.008954,105.8250361,Phố Chùa Bộc
2974,21.0089408,105.8243268,"21.01,105.82"
2975,21.0089724,105.8243063,"21.01,105.82"
2976,21.0101329,105.8262413,"21.01,105.83"
2977,21.0092885,105.826455,"21.01,105.83"
2978,21.0092514,105.8264009,"21.01,105.83"
2979,21.009265,105.8264327,"21.01,105.83"
2980,21.0098565,105.8258769,"21.01,105.83"
2981,21.0098296,105.8259403,"21.01,105.83"
2982,21.0087386,105.8283188,"21.01,105.83"
2983,21.0093336,105.8280222,Ngõ 12 Chùa Bộc
2984,21.0083523,105.8281183,Ngõ 12 Chùa Bộc
2985,21.0105405,105.8252332,"21.01,105.83"
2986,21.0099854,105.8251409,"21.01,105.83"
2987,21.0100003,105.825095,"21.01,105.83"
2988,21.0100009,105.8250459,"21.01,105.83"
2989,21.0099873,105.8249991,"21.01,105.82"
2990,21.0099607,105.8249592,"21.01,105.82"
2991,21.0099238,105.82493,"21.01,105.82"
2992,21.0098803,105.8249147,"21.01,105.82"
2993,21.0098346,105.8249146,"21.01,105.82"
2994,21.009791,105.8249297,"21.01,105.82"
2995,21.0097273,105.8249982,"21.01,105.82"
2996,21.0097128,105.8250498,"21.01,105.83"
2997,21.0097155,105.8251035,"21.01,105.83"
2998,21.009735,105.8251529,"21.01,105.83"
2999,21.0097691,105.8251923,"21.01,105.83"
3000,21.0098136,105.825217,"21.01,105.83"
3001,21.0098633,105.825224,"21.01,105.83"
3002,21.0099123,105.8252124,"21.01,105.83"
3003,21.0099547,105.8251838,"21.01,105.83"
3004,21.009754,105.8249586,"21.01,105.82"
3005,21.0099501,105.8248412,"21.01,105.82"
3006,21.0097281,105.8253456,"21.01,105.83"
3007,21.0099261,105.8248957,"21.01,105.82"
3008,21.0099127,105.8249261,"21.01,105.82"
3009,21.0097718,105.8252461,"21.01,105.83"
3010,21.0097904,105.8252041,"21.01,105.83"
3011,21.0098972,105.8249599,"21.01,105.82"
3012,21.0097599,105.8250162,"21.01,105.83"
3013,21.0098056,105.8251694,"21.01,105.83"
3014,21.0099458,105.8251188,"21.01,105.83"
3015,21.0096751,105.8249694,"21.01,105.82"
3016,21.0100484,105.8251737,"21.01,105.83"
3017,21.0100051,105.8251509,"21.01,105.83"
3018,21.0100243,105.825161,"21.01,105.83"
3019,21.0106038,105.8252421,"21.01,105.83"
3020,21.0100698,105.8251849,"21.01,105.83"
3021,21.010325,105.8253558,"21.01,105.83"
3022,21.0103435,105.8253253,"21.01,105.83"
3023,21.0103572,105.8252777,"21.01,105.83"
3024,21.0103545,105.8252345,"21.01,105.83"
3025,21.0103391,105.8251945,"21.01,105.83"
3026,21.0103127,105.8251618,"21.01,105.83"
3027,21.0102779,105.8251397,"21.01,105.83"
3028,21.0101322,105.8251832,"21.01,105.83"
3029,21.0101125,105.8252235,"21.01,105.83"
3030,21.0101064,105.8252686,"21.01,105.83"
3031,21.0101146,105.8253132,"21.01,105.83"
3032,21.0101363,105.8253524,"21.01,105.83"
3033,21.0101689,105.8253816,"21.01,105.83"
3034,21.0102087,105.8253975,"21.01,105.83"
3035,21.0102384,105.8251306,"21.01,105.83"
3036,21.0101983,105.8251354,"21.01,105.83"
3037,21.0101616,105.8251535,"21.01,105.83"
3038,21.0102512,105.8253982,"21.01,105.83"
3039,21.0102915,105.8253838,"21.01,105.83"
3040,21.0102837,105.8251434,"21.01,105.83"
3041,21.0101225,105.8255063,"21.01,105.83"
3042,21.0103369,105.8256203,"21.01,105.83"
3043,21.0099377,105.8254081,"21.01,105.83"
3044,21.0102816,105.8250834,"21.01,105.83"
3045,21.0105142,105.8251996,"21.01,105.83"
3046,21.0105218,105.8252063,"21.01,105.83"
3047,21.0105235,105.825216,"21.01,105.83"
3048,21.0105172,105.8252338,"21.01,105.83"
3049,21.0103791,105.8255567,"21.01,105.83"
3050,21.0101527,105.8254382,"21.01,105.83"
3051,21.0100125,105.8253628,"21.01,105.83"
3052,21.0100065,105.8253532,"21.01,105.83"
3053,21.0100078,105.82534,"21.01,105.83"
3054,21.0101561,105.8250226,"21.01,105.83"
3055,21.010091,105.8249868,"21.01,105.82"
3056,21.0099313,105.8253324,"21.01,105.83"
3057,21.0100132,105.8251552,"21.01,105.83"
3058,21.0104534,105.8253828,"21.01,105.83"
3059,21.0102629,105.8250875,"21.01,105.83"
3060,21.0102429,105.8251316,"21.01,105.83"
3061,21.0103065,105.8253059,"21.01,105.83"
3062,21.0102651,105.8251854,"21.01,105.83"
3063,21.0101554,105.8252286,"21.01,105.83"
3064,21.0101922,105.8253495,"21.01,105.83"
3065,21.0101191,105.8252101,"21.01,105.83"
3066,21.0101766,105.8253846,"21.01,105.83"
3067,21.0100783,105.8251892,"21.01,105.83"
3068,21.0096979,105.824982,"21.01,105.82"
3069,21.0103197,105.8255256,"21.01,105.83"
3070,21.0103946,105.825352,"21.01,105.83"
3071,21.0103999,105.8253379,"21.01,105.83"
3072,21.0104007,105.825292,"21.01,105.83"
3073,21.0104528,105.8251689,"21.01,105.83"
3074,21.0104282,105.825227,"21.01,105.83"
3075,21.0103557,105.8252539,"21.01,105.83"
3076,21.0097218,105.8247669,"21.01,105.82"
3077,21.0103044,105.8250947,"21.01,105.83"
3078,21.0105955,105.8252597,"21.01,105.83"
3079,21.0105207,105.8252237,"21.01,105.83"
3080,21.010572,105.825249,"21.01,105.83"
3081,21.0065542,105.8365318,Ngách 14/9  Lương Đình Của
3082,21.0116968,105.8356255,"21.01,105.84"
3083,21.0120502,105.8354852,"21.01,105.84"
3084,21.011942,105.8346454,"21.01,105.83"
3085,21.0121396,105.8342336,"21.01,105.83"
3086,21.0101229,105.8337037,Ngõ 4A Phố Đặng Văn Ngữ
3087,21.0101526,105.8337348,Ngõ 4A Phố Đặng Văn Ngữ
3088,21.0033965,105.832518,Ngõ 41 Phố Đông Tác
3089,21.0036459,105.8329546,"21.0,105.83"
3090,21.0017786,105.833879,Ngõ 120 Đường Trường Chinh
3091,21.0010171,105.8336552,"21.0,105.83"
3092,21.0012385,105.8342324,Ký túc xá Đại học Y Hà Nội
3093,21.0079204,105.8354028,"21.01,105.84"
3094,21.0022051,105.8331236,Ngõ 120 Đường Trường Chinh
3095,21.0055664,105.8332697,"21.01,105.83"
3096,21.0037923,105.8326832,"21.0,105.83"
3097,21.002828,105.8278964,"21.0,105.83"
3098,21.0061491,105.8331189,"21.01,105.83"
3099,21.0059677,105.8331152,"21.01,105.83"
3100,21.006933,105.8340602,"21.01,105.83"
3101,21.0070049,105.8340161,Ngõ 8 Phố Lương Định Của
3102,21.0068945,105.8340676,Ngách 97/63 Phạm Ngọc Thạch
3103,21.006504,105.8343536,Ngõ 97 Phố Phạm Ngọc Thạch
3104,21.0011966,105.8354437,Ngách 120/68 Đường Trường Chinh
3105,21.0075688,105.8319781,Phố Nguyễn Ngọc Doãn
3106,21.0072269,105.8322112,"21.01,105.83"
3107,21.0073587,105.8321254,Phố Nguyễn Ngọc Doãn
3108,21.0071954,105.8322428,"21.01,105.83"
3109,21.0086614,105.8313873,"21.01,105.83"
3110,21.0119089,105.8288716,"21.01,105.83"
3111,21.0119394,105.8281581,"21.01,105.83"
3112,21.0112669,105.8269621,Ngách 48/119 Hồ Đắc Di
3113,21.0109509,105.8275537,Ngách 48/119 Hồ Đắc Di
3114,21.0122676,105.8268092,Ngõ 61 Phố Tây Sơn
3115,21.0116536,105.8265153,Ngõ 61 Phố Tây Sơn
3116,21.0116954,105.8265047,Ngõ 61 Phố Tây Sơn
3117,21.0008144,105.8359907,"21.0,105.84"
3118,21.0018167,105.8369337,Ngõ 89 Phố Lương Định Của
3119,21.0015409,105.8374082,Phố Lương Định Của
3120,21.0054128,105.824813,"21.01,105.82"
3121,21.0055456,105.824879,"21.01,105.82"
3122,21.0131294,105.8346759,Ngõ 89 Phố Xã Đàn
3123,21.0131486,105.8346449,Ngõ 89 Phố Xã Đàn
3124,21.0132076,105.8344967,Ngõ 89 Phố Xã Đàn
3125,21.0128506,105.8348784,Ngõ 89 Phố Xã Đàn
3126,21.0128688,105.8348313,Ngõ 89 Phố Xã Đàn
3127,21.0129058,105.8347999,Ngõ 89 Phố Xã Đàn
3128,21.0129674,105.8348095,Ngõ 89 Phố Xã Đàn
3129,21.0130146,105.8347877,Ngõ 89 Phố Xã Đàn
3130,21.0130489,105.8347291,Ngõ 89 Phố Xã Đàn
3131,21.0130778,105.8346786,Ngõ 89 Phố Xã Đàn
3132,21.0024218,105.8253779,Ngách 35 Ngõ 191 Khương Thượng
3133,21.0025691,105.8253711,Ngách 35 Ngõ 191 Khương Thượng
3134,21.0029476,105.8234348,"21.0,105.82"
3135,21.0031152,105.8235807,"21.0,105.82"
3136,21.0031078,105.8243811,Phố Khương Thượng
3137,21.002047,105.829677,"21.0,105.83"
3138,21.0019479,105.8296346,"21.0,105.83"
3139,21.0024955,105.8356,Ngõ 28C Lương Định Của
3140,21.0026717,105.8355517,Ngõ 28C Phố Lương Định Của
3141,21.0030017,105.8351279,Ngõ 28A Phố Lương Định Của
3142,21.0015774,105.8338027,"21.0,105.83"
3143,21.0060364,105.8328795,Ngõ 26 Phố Đông Tác
3144,21.0063641,105.8326197,Ngõ 101 Phạm Ngọc Thạch
3145,21.0063886,105.8345902,Ngõ 97 Phố Phạm Ngọc Thạch
3146,21.0059512,105.8332667,"21.01,105.83"
3147,21.0052654,105.8334933,Ngõ 19 Phố Đông Tác
3148,21.0037381,105.8359065,"21.0,105.84"
3149,21.0069918,105.833442,Ngõ 97 Phạm Ngọc Thạch
3150,21.0069732,105.8334522,Ngõ 97 Phạm Ngọc Thạch
3151,21.0016705,105.8359475,Ngõ 32 Phố Lương Định Của
3152,21.0085954,105.8317631,Phố Đặng Văn Ngữ
3153,21.0066159,105.8346167,"21.01,105.83"
3154,21.0058647,105.8357582,"21.01,105.84"
3155,21.0062218,105.8356293,"21.01,105.84"
3156,21.0055088,105.835433,"21.01,105.84"
3157,21.0054751,105.8353086,"21.01,105.84"
3158,21.005491,105.8353675,"21.01,105.84"
3159,21.0045093,105.8274418,Phố Tam Khương
3160,21.0067355,105.8289923,"21.01,105.83"
3161,21.0069446,105.8286077,"21.01,105.83"
3162,21.006847,105.8285567,"21.01,105.83"
3163,21.0068176,105.828559,"21.01,105.83"
3164,21.006797,105.8285712,"21.01,105.83"
3165,21.0067589,105.8286394,"21.01,105.83"
3166,21.008114,105.8263884,"21.01,105.83"
3167,21.0082746,105.826473,Ngõ 203 Chùa Bộc
3168,21.0060968,105.833031,"21.01,105.83"
3169,21.0075444,105.8317431,Phố Nguyễn Ngọc Doãn
3170,21.0077176,105.8315401,"21.01,105.83"
3171,21.0076613,105.8314985,"21.01,105.83"
3172,21.0073332,105.8313403,"21.01,105.83"
3173,21.0078915,105.8314753,Phố Nguyễn Ngọc Doãn
3174,21.0080056,105.8306461,"21.01,105.83"
3175,21.007809,105.8311208,"21.01,105.83"
3176,21.0077126,105.8313206,"21.01,105.83"
3177,21.0091941,105.8298381,Phố Nguyễn Ngọc Doãn
3178,21.0089875,105.8300526,Phố Nguyễn Ngọc Doãn
3179,21.0091474,105.8300868,Phố Nguyễn Ngọc Doãn
3180,21.0089135,105.830063,Phố Nguyễn Ngọc Doãn
3181,21.0077664,105.8318496,Phố Nguyễn Ngọc Doãn
3182,21.0087371,105.829657,Ngõ 65 Phố Nguyễn Ngọc Doãn
3183,21.0087379,105.8296356,Ngõ 65 Phố Nguyễn Ngọc Doãn
3184,21.0087192,105.8297209,Ngõ 65 Phố Nguyễn Ngọc Doãn
3185,21.0087349,105.8297761,Ngõ 65 Phố Nguyễn Ngọc Doãn
3186,21.0068576,105.8292009,Ngõ 59 Phố Chùa Bộc
3187,21.0053066,105.8315344,Ngõ 1 Tôn Thất Tùng
3188,21.004875,105.8298093,"21.0,105.83"
3189,21.0052941,105.8293784,"21.01,105.83"
3190,21.0038928,105.8314837,Ngõ 1A Phố Tôn Thất Tùng
3191,21.0038332,105.8318628,Ngõ 1A Phố Tôn Thất Tùng
3192,21.0037909,105.8321084,Ngõ 1A Phố Tôn Thất Tùng
3193,21.0038155,105.8321789,Ngõ 1A Phố Tôn Thất Tùng
3194,21.0045499,105.8322823,Ngõ 43 Phố Đông Tác
3195,21.0045778,105.8322662,Ngõ 43 Phố Đông Tác
3196,21.0082771,105.8264779,Ngõ 203 Chùa Bộc
3197,21.0071058,105.8251147,"21.01,105.83"
3198,21.0071792,105.8249574,"21.01,105.82"
3199,21.0070763,105.8249023,"21.01,105.82"
3200,21.0070029,105.8250596,"21.01,105.83"
3201,21.0071287,105.8249304,"21.01,105.82"
3202,21.0071992,105.8247758,"21.01,105.82"
3203,21.0070561,105.8250881,"21.01,105.83"
3204,21.0069742,105.8252653,"21.01,105.83"
3205,21.0071441,105.8250328,"21.01,105.83"
3206,21.0072268,105.825075,"21.01,105.83"
3207,21.0070397,105.8249808,"21.01,105.82"
3208,21.006925,105.8249212,"21.01,105.82"
3209,21.0058429,105.8358778,Ngõ 11 Lương Định Của
3210,21.0058998,105.8375467,Ngõ 34 Phố Phương Mai
3211,21.0056945,105.8376219,Ngõ 34 Phố Phương Mai
3212,21.0068748,105.8367438,Ngõ 5 Hoàng Tích Trí
3213,21.0068687,105.8367925,Ngõ 5 Hoàng Tích Trí
3214,21.0063579,105.8358557,Ngõ 11 Lương Định Của
3215,21.0064973,105.836329,Ngách 14/9  Lương Đình Của
3216,21.0064905,105.8363654,Ngách 14/9  Lương Đình Của
3217,21.0065108,105.836452,Ngách 14/9  Lương Đình Của
3218,21.0063397,105.8361804,"21.01,105.84"
3219,21.0064674,105.8363239,"21.01,105.84"
3220,21.0064943,105.8363452,"21.01,105.84"
3221,21.006632,105.8361999,"21.01,105.84"
3222,21.0064824,105.8360222,"21.01,105.84"
3223,21.0070016,105.8364517,"21.01,105.84"
3224,21.0069044,105.8363625,"21.01,105.84"
3225,21.0068924,105.8363625,"21.01,105.84"
3226,21.0068761,105.8363719,"21.01,105.84"
3227,21.0068063,105.8364454,"21.01,105.84"
3228,21.0119929,105.8277776,"21.01,105.83"
3229,21.0123471,105.8266888,Ngõ 61 Phố Tây Sơn
3230,21.012374,105.8265997,Ngõ 61 Phố Tây Sơn
3231,21.012373,105.8266289,Ngõ 61 Phố Tây Sơn
3232,21.012369,105.8266579,Ngõ 61 Phố Tây Sơn
3233,21.0111047,105.8276468,Ngách 48/119 Hồ Đắc Di
3234,21.0111385,105.8276764,Ngách 48/119 Hồ Đắc Di
3235,21.0117453,105.8265169,Ngõ 61 Phố Tây Sơn
3236,21.0114503,105.8270644,"21.01,105.83"
3237,21.0117204,105.8265068,Ngõ 61 Phố Tây Sơn
3238,21.0051887,105.833825,"21.01,105.83"
3239,21.0052362,105.8336232,"21.01,105.83"
3240,21.0051715,105.83348,"21.01,105.83"
3241,21.0050478,105.8334584,"21.01,105.83"
3242,21.004996,105.8334476,"21.0,105.83"
3243,21.0049011,105.8333921,"21.0,105.83"
3244,21.0048206,105.8333475,"21.0,105.83"
3245,21.0046638,105.8332936,"21.0,105.83"
3246,21.0045531,105.8332335,"21.0,105.83"
3247,21.0043949,105.8331626,"21.0,105.83"
3248,21.0043112,105.8331215,"21.0,105.83"
3249,21.0045196,105.8332185,"21.0,105.83"
3250,21.0045747,105.833054,"21.0,105.83"
3251,21.004602,105.8329585,"21.0,105.83"
3252,21.0046226,105.8328279,"21.0,105.83"
3253,21.004779,105.8328742,Ngõ 41 Đông Tác
3254,21.0048926,105.8329112,Ngõ 41 Đông Tác
3255,21.0050493,105.8329436,Ngõ 41 Đông Tác
3256,21.0052522,105.8329218,Ngõ 41 Đông Tác
3257,21.0052033,105.8329342,Ngõ 41 Đông Tác
3258,21.0051761,105.8329358,Ngõ 41 Đông Tác
3259,21.0042987,105.8327323,"21.0,105.83"
3260,21.0038014,105.8327682,"21.0,105.83"
3261,21.0037741,105.8327959,"21.0,105.83"
3262,21.003718,105.8328391,"21.0,105.83"
3263,21.003649,105.8329276,"21.0,105.83"
3264,21.0036564,105.8329758,"21.0,105.83"
3265,21.0048082,105.8337951,"21.0,105.83"
3266,21.0045926,105.8335897,"21.0,105.83"
3267,21.0045308,105.8335373,"21.0,105.83"
3268,21.0049556,105.8337281,"21.0,105.83"
3269,21.0049622,105.8336421,"21.0,105.83"
3270,21.004991,105.8335265,"21.0,105.83"
3271,21.0050206,105.8334527,"21.01,105.83"
3272,21.0050615,105.8333478,"21.01,105.83"
3273,21.0037435,105.8337929,Ngõ 41 Đông Tác
3274,21.0037792,105.8338338,Ngõ 41 Đông Tác
3275,21.003778,105.8338522,Ngõ 41 Đông Tác
3276,21.0036725,105.8329882,"21.0,105.83"
3277,21.0035659,105.833114,"21.0,105.83"
3278,21.0034946,105.8332052,"21.0,105.83"
3279,21.0047224,105.8333137,"21.0,105.83"
3280,21.0047365,105.8332402,"21.0,105.83"
3281,21.0047415,105.8330981,"21.0,105.83"
3282,21.0047215,105.8330699,"21.0,105.83"
3283,21.0046501,105.8330257,"21.0,105.83"
3284,21.0045904,105.8329991,"21.0,105.83"
3285,21.0048772,105.8329062,"21.0,105.83"
3286,21.0048266,105.8331021,"21.0,105.83"
3287,21.0050652,105.8329426,"21.01,105.83"
3288,21.0050424,105.8330811,"21.01,105.83"
3289,21.0050311,105.833139,"21.01,105.83"
3290,21.0043827,105.8340117,"21.0,105.83"
3291,21.0042985,105.8339162,"21.0,105.83"
3292,21.0042175,105.8338666,"21.0,105.83"
3293,21.0041366,105.8338436,"21.0,105.83"
3294,21.0040787,105.8337994,"21.0,105.83"
3295,21.003973,105.8336879,"21.0,105.83"
3296,21.0038039,105.8335152,"21.0,105.83"
3297,21.0036835,105.8334318,"21.0,105.83"
3298,21.0035821,105.8333629,"21.0,105.83"
3299,21.003544,105.8333349,"21.0,105.83"
3300,21.0052256,105.8334874,"21.01,105.83"
3301,21.005247,105.8333194,"21.01,105.83"
3302,21.0027304,105.8375357,"21.0,105.84"
3303,21.0029408,105.8370086,"21.0,105.84"
3304,21.0028903,105.8365478,"21.0,105.84"
3305,21.0028509,105.8365782,"21.0,105.84"
3306,21.0028857,105.836562,"21.0,105.84"
3307,21.0028705,105.8365719,"21.0,105.84"
3308,21.0028431,105.8366033,"21.0,105.84"
3309,21.0028437,105.8365873,"21.0,105.84"
3310,21.0028117,105.8361671,"21.0,105.84"
3311,21.0029873,105.8363379,"21.0,105.84"
3312,21.0030054,105.8363663,"21.0,105.84"
3313,21.0033761,105.8373716,"21.0,105.84"
3314,21.0033977,105.8373487,"21.0,105.84"
3315,21.0033812,105.8378712,"21.0,105.84"
3316,21.0032771,105.8374452,"21.0,105.84"
3317,21.0023899,105.8372801,"21.0,105.84"
3318,21.0026646,105.8372169,"21.0,105.84"
3319,21.0024067,105.8376815,"21.0,105.84"
3320,21.0023669,105.8371929,"21.0,105.84"
3321,20.9997825,105.8382565,"21.0,105.84"
3322,20.999982,105.8382084,"21.0,105.84"
3323,21.0000094,105.8382299,"21.0,105.84"
3324,21.0000353,105.8382869,"21.0,105.84"
3325,21.0000583,105.8387352,"21.0,105.84"
3326,21.0002093,105.8382407,"21.0,105.84"
3327,21.0000266,105.8382569,"21.0,105.84"
3328,21.000039,105.8383593,"21.0,105.84"
3329,20.9999432,105.8383624,"21.0,105.84"
3330,20.999854,105.8383393,"21.0,105.84"
3331,20.9997965,105.838307,"21.0,105.84"
3332,20.9995035,105.8398682,"21.0,105.84"
3333,20.9991322,105.8398727,"21.0,105.84"
3334,20.9994611,105.8400037,"21.0,105.84"
3335,20.9991336,105.8399984,"21.0,105.84"
3336,21.0034624,105.8324957,Ngõ 41 Phố Đông Tác
3337,21.0080456,105.8374227,Ngõ 9 Lương Định Của
3338,21.0061632,105.8387084,"21.01,105.84"
3339,21.0055282,105.8383722,"21.01,105.84"
3340,21.0055613,105.8385877,"21.01,105.84"
3341,21.0056499,105.8389523,"21.01,105.84"
3342,21.0056051,105.8387938,"21.01,105.84"
3343,21.0107496,105.8306831,"21.01,105.83"
3344,21.010775,105.8307387,"21.01,105.83"
3345,21.0107827,105.8307889,"21.01,105.83"
3346,21.0107692,105.8308268,"21.01,105.83"
3347,21.0123862,105.8330949,"21.01,105.83"
3348,21.0117938,105.8334584,"21.01,105.83"
3349,21.0117647,105.833466,"21.01,105.83"
3350,21.0113938,105.8332392,"21.01,105.83"
3351,21.0113652,105.8332488,"21.01,105.83"
3352,21.0119109,105.8357062,"21.01,105.84"
3353,21.0014061,105.8356195,Ngõ 120 Đường Trường Chinh
3354,21.0043124,105.8358954,Ngõ 31 Lương Định Của
3355,21.0040336,105.8363409,Ngõ 46 Phố Phương Mai
3356,21.0058242,105.8355682,"21.01,105.84"
3357,21.005828,105.8363237,Ngõ 11 Lương Định Của
3358,21.0038689,105.8311451,"21.0,105.83"
3359,20.9998432,105.8390622,"21.0,105.84"
3360,21.0082718,105.8239721,Phố Tây Sơn
3361,21.0076427,105.8371247,Ngách 66 Ngõ 9 Lương Định Của
3362,21.0076242,105.8372957,Ngách 66 Ngõ 9 Lương Định Của
3363,21.0076864,105.8374049,Ngách 66 Ngõ 9 Lương Định Của
3364,21.0077801,105.8371236,Ngõ 9 Lương Định Của
3365,21.0115034,105.8364677,Ngõ 29 Phố Xã Đàn
3366,21.0117126,105.8362715,Ngõ 43 Xã Đàn
3367,21.0080016,105.8333441,Phố Phạm Ngọc Thạch
3368,20.9996151,105.8376339,Ngõ 102 Trường Chinh
3369,21.0045505,105.8257612,Phố Khương Thượng
3370,21.0090807,105.8368245,Ngõ 21 Phạm Ngọc Thạch
3371,21.0010341,105.832191,Ngõ Hồ Hố Mẻ
3372,21.0012582,105.8313923,Ngõ Hồ Hố Mẻ
3373,21.0012214,105.8325722,Ngõ Hồ Hố Mẻ
3374,21.0008535,105.8324608,Ngõ Hồ Hố Mẻ
3375,21.0007881,105.8327046,Ngõ Hồ Hố Mẻ
3376,21.0072471,105.8380594,"21.01,105.84"
3377,21.0072685,105.8379179,"21.01,105.84"
3378,21.006747,105.8409109,Ngõ 10 Giải Phóng
3379,21.0067302,105.8405731,Ngõ 10 Giải Phóng
3380,21.0065855,105.8400751,Ngõ 10 Giải Phóng
3381,21.0069589,105.8413234,Đường Giải Phóng
3382,21.0069654,105.8411458,Đường Giải Phóng
3383,21.006961,105.8412331,Đường Giải Phóng
3384,21.0045389,105.8410031,"21.0,105.84"
3385,21.0065767,105.8405729,Ngõ 10 Giải Phóng
3386,21.0064208,105.8408592,"21.01,105.84"
3387,21.0061633,105.8408499,"21.01,105.84"
3388,21.0064105,105.8410383,"21.01,105.84"
3389,21.0080273,105.8374053,Ngách 39 Ngõ 9 Lương Định Của
3390,21.0079194,105.8374878,Ngách 39 Ngõ 9 Lương Định Của
3391,21.0077849,105.8373057,Ngách 39 Ngõ 9 Lương Định Của
3392,21.0057352,105.8411396,Ngõ 24 Giải Phóng
3393,21.0057351,105.8410419,Ngõ 24 Giải Phóng
3394,21.0051214,105.840951,"21.01,105.84"
3395,21.0051215,105.8411025,Đường Giải Phóng
3396,21.0047824,105.8410983,Đường Giải Phóng
3397,21.0048429,105.8410991,Đường Giải Phóng
3398,20.9983473,105.839829,Đường Trường Chinh
3399,20.9982933,105.8399659,Đường Trường Chinh
3400,21.0127992,105.835348,Ngõ 83 Xã Đàn
3401,21.0126949,105.8351813,Ngõ 83 Xã Đàn
3402,21.0126332,105.8350665,Ngõ 83 Xã Đàn
3403,21.0125598,105.8349258,Ngõ 83 Xã Đàn
3404,21.0126567,105.8348704,Ngõ 83 Xã Đàn
3405,21.012589,105.8349788,Ngõ 83 Xã Đàn
3406,21.0124496,105.8350696,Ngõ 83 Xã Đàn
3407,21.006324,105.8331715,"21.01,105.83"
3408,21.0062273,105.8332682,"21.01,105.83"
3409,21.0082141,105.8385607,"21.01,105.84"
3410,21.0078915,105.8389233,"21.01,105.84"
3411,21.0014026,105.8309608,Ngõ Hồ Hố Mẻ
3412,21.0014727,105.830816,Ngõ Hồ Hố Mẻ
3413,21.0013164,105.8318044,"21.0,105.83"
3414,21.0011559,105.8317569,"21.0,105.83"
3415,21.00764,105.8283127,"21.01,105.83"
3416,21.0074965,105.8282568,"21.01,105.83"
3417,21.000383,105.8411641,"21.0,105.84"
3418,21.0059005,105.827695,"21.01,105.83"
3419,21.0019058,105.8266236,Ngõ 72 Tôn Thất Tùng
3420,21.0103383,105.8375159,Phố Xã Đàn
3421,21.0098708,105.8378683,Phố Xã Đàn
3422,21.0092903,105.838422,Hầm chui Kim Liên
3423,21.0077022,105.8405904,Phố Xã Đàn
3424,21.0127581,105.8352859,Ngõ 83 Xã Đàn
3425,21.0084341,105.8264393,Ngõ 20 Chùa Bộc
3426,21.0085087,105.826502,Ngõ 20 Chùa Bộc
3427,21.0085254,105.8264669,Ngõ 20 Chùa Bộc
3428,21.0086402,105.8265457,Ngõ 20 Chùa Bộc
3429,21.0086332,105.8260033,Ngõ 60 Chùa Bộc
3430,21.0088156,105.8261024,Ngõ 60 Chùa Bộc
3431,21.008569,105.826144,Ngõ 56 Chùa Bộc
3432,21.0087376,105.8262408,Ngõ 56 Chùa Bộc
3433,21.0087651,105.8261807,Ngõ 56 Chùa Bộc
3434,21.0017298,105.8260762,Đường Vành đai 2
3435,21.0002375,105.8306621,Đường Vành đai 2
3436,20.9993467,105.8343537,Đường Vành đai 2
3437,20.9990949,105.8363167,"21.0,105.84"
3438,20.9991915,105.835736,"21.0,105.84"
3439,20.9990524,105.8363519,Đường Vành đai 2
3440,20.9984643,105.8388608,Đường Vành đai 2
3441,21.009784,105.8379433,Phố Xã Đàn
3442,21.0100789,105.8359808,Phố Phạm Ngọc Thạch
3443,21.0104466,105.8364343,Phố Phạm Ngọc Thạch
3444,21.0102191,105.83599,Phố Phạm Ngọc Thạch
3445,21.0083505,105.8332997,"21.01,105.83"
3446,21.0082282,105.8331799,"21.01,105.83"
3447,21.0081848,105.8331796,Ngõ 46D Phạm Ngọc Thạch
3448,21.0082554,105.8331806,Ngõ 46D Phạm Ngọc Thạch
3449,21.0083498,105.8332547,"21.01,105.83"
3450,21.0083905,105.833217,"21.01,105.83"
3451,21.0089093,105.8338694,"21.01,105.83"
3452,21.0028454,105.8302799,"21.0,105.83"
3453,21.0026121,105.8309805,"21.0,105.83"
3454,21.0084217,105.8257192,Ngõ 257 Phố Chùa Bộc
3455,21.0084104,105.8257138,Ngõ 257 Phố Chùa Bộc
3456,21.0073675,105.8260962,"21.01,105.83"
3457,21.0073477,105.8261304,"21.01,105.83"
3458,21.0073213,105.8261594,"21.01,105.83"
3459,21.0072283,105.8261778,"21.01,105.83"
3460,21.0072837,105.8261891,"21.01,105.83"
3461,21.0084294,105.8257876,Ngõ 231 Phố Chùa Bộc
3462,21.0041186,105.8413347,"21.0,105.84"
3463,21.0074212,105.8413113,Đường Giải Phóng
3464,21.0026249,105.830138,"21.0,105.83"
3465,21.0025491,105.8300662,"21.0,105.83"
3466,21.0050742,105.8313758,"21.01,105.83"
3467,21.0049105,105.8321326,"21.0,105.83"
3468,21.0034052,105.841233,"21.0,105.84"
3469,21.0034075,105.8409601,"21.0,105.84"
3470,21.0033458,105.8409589,"21.0,105.84"
3471,21.0033436,105.8412322,Đường Giải Phóng
3472,21.0031771,105.8379615,"21.0,105.84"
3473,21.0033149,105.8379272,"21.0,105.84"
3474,21.0032646,105.8377108,"21.0,105.84"
3475,20.998028,105.8408719,Đường Trường Chinh
3476,21.0033442,105.8411558,"21.0,105.84"
3477,21.0034058,105.841157,"21.0,105.84"
3478,21.0033444,105.8411296,"21.0,105.84"
3479,21.0086729,105.8260249,Ngõ 60 Chùa Bộc
3480,21.0086099,105.8261675,Ngõ 56 Chùa Bộc
3481,21.0084746,105.8264733,Ngõ 20 Chùa Bộc
3482,21.003916,105.8216212,Ngõ 317 Phố Tây Sơn
3483,21.0107202,105.8281489,"21.01,105.83"
3484,21.0106011,105.8282429,"21.01,105.83"
3485,21.0107325,105.8282424,Ngõ 119 Hồ Đắc Di
3486,21.0107444,105.8282988,Ngõ 119 Hồ Đắc Di
3487,21.0025097,105.8376774,"21.0,105.84"
3488,21.0025666,105.8380756,"21.0,105.84"
3489,21.0031587,105.8223015,"21.0,105.82"
3490,21.0032161,105.8221763,"21.0,105.82"
3491,21.0115423,105.8302215,Ngõ 25 Phố Hồ Đắc Di
3492,21.0114891,105.8302151,Ngõ 25 Phố Hồ Đắc Di
3493,21.0110628,105.8296437,"21.01,105.83"
3494,21.0114286,105.8298518,"21.01,105.83"
3495,21.0111665,105.8294367,"21.01,105.83"
3496,21.0115314,105.8296445,"21.01,105.83"
3497,21.0112565,105.8292516,"21.01,105.83"
3498,21.0116193,105.8294644,"21.01,105.83"
3499,21.0117081,105.8292908,"21.01,105.83"
3500,21.0113436,105.8290769,"21.01,105.83"
3501,21.0121023,105.8347759,"21.01,105.83"
3502,21.0089547,105.8263482,Ngõ 169 Phố Tây Sơn
3503,21.0088307,105.8265883,Ngõ 169 Phố Tây Sơn
3504,21.0088845,105.8266205,Ngõ 169 Phố Tây Sơn
3505,21.0087339,105.8269539,Ngõ 169 Phố Tây Sơn
3506,21.0101887,105.8300918,"21.01,105.83"
3507,21.0098964,105.8303411,"21.01,105.83"
3508,21.0101379,105.8291127,"21.01,105.83"
3509,21.0101705,105.8290402,"21.01,105.83"
3510,21.0096508,105.8292981,"21.01,105.83"
3511,21.0090241,105.8284331,"21.01,105.83"
3512,21.0097815,105.8290274,"21.01,105.83"
3513,21.0099225,105.8286331,"21.01,105.83"
3514,21.00913,105.8281865,"21.01,105.83"
3515,21.0099751,105.8294725,"21.01,105.83"
3516,21.0101131,105.8291706,"21.01,105.83"
3517,21.0101012,105.8292058,"21.01,105.83"
3518,21.0095862,105.8295016,"21.01,105.83"
3519,21.0082456,105.829046,Ngách 12/2 Phố Chùa Bộc
3520,21.0101073,105.8291856,"21.01,105.83"
3521,21.0091124,105.8282274,"21.01,105.83"
3522,21.0085872,105.8289613,"21.01,105.83"
3523,21.0087601,105.8290735,"21.01,105.83"
3524,21.0090143,105.8284562,"21.01,105.83"
3525,21.0093989,105.8286578,"21.01,105.83"
3526,21.0091312,105.8292438,"21.01,105.83"
3527,21.0087764,105.8290578,"21.01,105.83"
3528,21.0087678,105.8290767,"21.01,105.83"
3529,21.0090999,105.8285011,"21.01,105.83"
3530,21.0088384,105.8290903,"21.01,105.83"
3531,21.0089697,105.8285193,"21.01,105.83"
3532,21.0092406,105.8286581,"21.01,105.83"
3533,21.0090488,105.829088,"21.01,105.83"
3534,21.0087752,105.8289381,"21.01,105.83"
3535,21.010242,105.8288821,"21.01,105.83"
3536,21.0103258,105.8289285,"21.01,105.83"
3537,21.0103403,105.8289017,"21.01,105.83"
3538,21.0103945,105.8289304,"21.01,105.83"
3539,21.0105107,105.8286795,"21.01,105.83"
3540,21.0102933,105.828775,"21.01,105.83"
3541,21.0102861,105.828703,"21.01,105.83"
3542,21.0099758,105.8285189,"21.01,105.83"
3543,21.0100664,105.8283154,"21.01,105.83"
3544,21.0098217,105.8281905,"21.01,105.83"
3545,21.0096341,105.8285861,"21.01,105.83"
3546,21.0098382,105.8289055,"21.01,105.83"
3547,21.0095818,105.8294439,"21.01,105.83"
3548,21.0090156,105.8287009,"21.01,105.83"
3549,21.0089413,105.8288665,"21.01,105.83"
3550,21.0091718,105.829155,"21.01,105.83"
3551,21.0093675,105.8287265,"21.01,105.83"
3552,21.0090694,105.8285708,"21.01,105.83"
3553,21.0088796,105.8289944,"21.01,105.83"
3554,21.0093106,105.8288511,"21.01,105.83"
3555,21.009233,105.8290211,"21.01,105.83"
3556,21.0088125,105.8283463,"21.01,105.83"
3557,21.008822,105.8283245,"21.01,105.83"
3558,21.008983,105.8285262,"21.01,105.83"
3559,21.008818,105.8289606,"21.01,105.83"
3560,21.0096043,105.8286507,"21.01,105.83"
3561,21.0098524,105.8287835,"21.01,105.83"
3562,21.0086117,105.8283928,"21.01,105.83"
3563,21.0085141,105.8283385,"21.01,105.83"
3564,21.0085033,105.8283608,"21.01,105.83"
3565,21.0084915,105.8283898,"21.01,105.83"
3566,21.0085564,105.828362,"21.01,105.83"
3567,21.0100383,105.8293417,"21.01,105.83"
3568,21.0097128,105.8291696,"21.01,105.83"
3569,21.00995,105.829523,"21.01,105.83"
3570,21.0099417,105.8291142,"21.01,105.83"
3571,21.0098203,105.8293909,"21.01,105.83"
3572,21.0098813,105.8292584,"21.01,105.83"
3573,21.0094857,105.8285055,"21.01,105.83"
3574,21.0091814,105.8287862,"21.01,105.83"
3575,21.009107,105.8289519,"21.01,105.83"
3576,21.0099307,105.8295641,"21.01,105.83"
3577,21.0089308,105.829709,"21.01,105.83"
3578,21.0085618,105.8294961,"21.01,105.83"
3579,21.0101309,105.8291289,"21.01,105.83"
3580,21.0092722,105.8285914,"21.01,105.83"
3581,21.0090104,105.8291805,"21.01,105.83"
3582,21.010239,105.8286552,"21.01,105.83"
3583,21.0103285,105.828444,"21.01,105.83"
3584,21.010552,105.8285565,"21.01,105.83"
3585,21.0099051,105.8292711,"21.01,105.83"
3586,21.0098909,105.8292867,"21.01,105.83"
3587,21.0098703,105.8292822,"21.01,105.83"
3588,21.0098577,105.8292687,"21.01,105.83"
3589,21.0098601,105.8292473,"21.01,105.83"
3590,21.0096381,105.8286688,"21.01,105.83"
3591,21.0096028,105.8287422,"21.01,105.83"
3592,21.0097754,105.8287425,"21.01,105.83"
3593,21.0097429,105.828816,"21.01,105.83"
3594,21.0094936,105.828488,"21.01,105.83"
3595,21.0101664,105.8286176,"21.01,105.83"
3596,21.0097985,105.8286878,"21.01,105.83"
3597,21.0096651,105.8286103,"21.01,105.83"
3598,21.009819,105.8288558,"21.01,105.83"
3599,21.0098375,105.8288658,"21.01,105.83"
3600,21.0099378,105.8286003,"21.01,105.83"
3601,21.0099642,105.8286262,"21.01,105.83"
3602,21.0100064,105.8285343,"21.01,105.83"
