id,lat,lng,street_count
0,21.010617,105.8251515,3
1,21.0088234,105.82426,3
2,21.0045074,105.8220087,2
3,21.0038464,105.821264,2
4,21.0096135,105.8380906,3
5,21.0089992,105.8387044,2
6,21.0086932,105.8390501,2
7,21.0084474,105.839323,2
8,21.0077543,105.8406131,2
9,21.0107386,105.8367231,4
10,21.0080247,105.8389618,4
11,21.009484,105.837589,4
12,21.0103746,105.8367617,4
13,21.0100165,105.835844,4
14,21.0064882,105.8316381,3
15,21.0058426,105.8322644,3
16,21.0058451,105.8321987,3
17,21.006077,105.8313959,4
18,21.0046831,105.830539,3
19,21.0063463,105.8387295,3
20,21.0029956,105.8344107,3
21,21.0034138,105.8360473,4
22,21.0038709,105.8378106,3
23,21.0040554,105.8385279,3
24,21.0041922,105.8411482,2
25,21.0015565,105.8360583,3
26,21.0061472,105.8352445,3
27,21.0064226,105.8356204,3
28,21.0083505,105.8338348,3
29,21.0110954,105.8307755,3
30,21.0113157,105.831076,3
31,21.0058788,105.8325348,3
32,21.0128613,105.8344207,1
33,21.0135226,105.8338457,2
34,21.0128263,105.8329637,3
35,21.0126973,105.8324889,4
36,21.012374,105.83229,3
37,21.0105372,105.8329664,3
38,21.0112756,105.8292118,2
39,21.0116755,105.828461,4
40,21.010155,105.8275429,2
41,21.0111623,105.8277266,3
42,21.0111326,105.8277284,2
43,21.0109952,105.8278042,2
44,21.0109311,105.8278471,2
45,21.0108629,105.8279393,3
46,21.0094598,105.8277324,2
47,21.0098562,105.8268471,3
48,21.0102741,105.8259306,2
49,21.0103607,105.8257409,3
50,21.011869,105.8317114,3
51,21.006011,105.8228783,2
52,21.0075831,105.8330153,3
53,21.008788,105.8316582,3
54,21.0096613,105.8331474,3
55,21.0072345,105.8348649,4
56,21.0035042,105.8208098,2
57,21.0109782,105.8370646,4
58,21.0041897,105.8412431,4
59,21.0040797,105.8215542,2
60,21.007575,105.8412097,2
61,21.0005633,105.8409738,3
62,21.0069596,105.8322406,2
63,21.0058685,105.8338321,2
64,21.0066906,105.8342326,3
65,21.0063772,105.8338469,2
66,21.0063422,105.8337718,2
67,21.0063287,105.833654,2
68,21.0065128,105.8334,2
69,21.0065074,105.8343504,3
70,21.0068728,105.8340624,3
71,21.0065027,105.8335969,1
72,21.006993,105.8340084,2
73,21.0069184,105.8340681,2
74,21.007695,105.8344419,3
75,21.0071861,105.8338348,2
76,21.0074656,105.8286267,3
77,21.0091472,105.8248463,3
78,21.0063287,105.8311553,4
79,21.0080615,105.8272568,2
80,21.0065914,105.8306082,3
81,21.0062207,105.8375751,3
82,21.0064716,105.8375874,3
83,21.0016749,105.8411606,2
84,21.0079136,105.835249,2
85,21.0046693,105.8267871,1
86,21.0052113,105.8255933,3
87,21.0061365,105.8235974,2
88,21.0062834,105.8234419,2
89,21.0063568,105.8261513,4
90,21.0067615,105.8231971,3
91,21.0030372,105.8209319,3
92,21.0031275,105.8205363,2
93,21.0031869,105.8207108,2
94,21.0033001,105.8207165,2
95,21.0033732,105.8207826,3
96,21.0037795,105.8212909,2
97,21.0039796,105.8215448,3
98,21.0041975,105.8218166,2
99,21.0042935,105.8219245,2
100,21.0044497,105.8220767,3
101,21.0047302,105.8222675,2
102,21.0048548,105.8223217,3
103,21.0092908,105.8244986,4
104,21.007045,105.8413254,3
105,21.0072019,105.8411998,2
106,21.0073795,105.841021,2
107,21.0076693,105.8407052,3
108,20.9994782,105.8358265,2
109,20.9997351,105.8356572,2
110,20.9999646,105.8355199,2
111,21.0002407,105.8353638,2
112,21.0006907,105.8351564,2
113,21.0011285,105.8348897,2
114,21.0012407,105.834804,4
115,21.0013057,105.8351508,2
116,21.0015057,105.8359904,3
117,21.0015257,105.837473,2
118,21.0015498,105.8362421,3
119,21.0015521,105.8372829,2
120,21.0047385,105.8286033,2
121,21.0052119,105.8275868,3
122,21.0070673,105.8295224,3
123,21.0121079,105.8261096,2
124,21.0076004,105.8410389,2
125,21.0078235,105.8402267,3
126,21.0079834,105.8391407,2
127,21.0099262,105.8371762,3
128,21.0106055,105.8365444,4
129,21.0108251,105.8369867,4
130,21.0080304,105.8354258,3
131,21.0082022,105.8352788,3
132,21.0083218,105.835173,3
133,21.0083741,105.83625,3
134,21.0085546,105.8360841,4
135,21.0085787,105.8349456,3
136,21.009495,105.8352194,3
137,21.0030394,105.8412283,3
138,21.0044181,105.8340344,3
139,21.0045946,105.8347557,4
140,21.00481,105.835639,3
141,21.0081797,105.839558,2
142,21.0086192,105.8390015,2
143,21.0031935,105.8351851,3
144,21.0034368,105.8333388,1
145,21.0036744,105.8370455,3
146,21.0038572,105.8349817,4
147,21.0039344,105.8369795,2
148,21.0040786,105.8358462,3
149,21.0043331,105.8369088,2
150,21.0049826,105.8367868,2
151,21.0049926,105.8346337,3
152,21.005467,105.8366086,3
153,21.005873,105.8358103,3
154,21.0058256,105.8363536,2
155,21.0058479,105.8360788,2
156,21.0059028,105.8364815,3
157,21.0063474,105.8355282,3
158,21.0064302,105.8379659,4
159,21.0075279,105.8327433,3
160,21.0086164,105.8341507,3
161,21.0086949,105.8340754,4
162,21.0109806,105.8367882,2
163,21.0111615,105.8367893,2
164,21.0113025,105.8367718,3
165,21.014199,105.834042,4
166,21.0118709,105.8282054,4
167,21.0075596,105.8413008,4
168,21.0082463,105.8396046,2
169,21.0094658,105.8381595,2
170,21.0061748,105.8356538,2
171,21.0077076,105.8370409,3
172,21.0061473,105.8311916,4
173,21.0080473,105.8238278,3
174,21.0099099,105.8248203,2
175,21.0109781,105.8298128,3
176,21.0041199,105.8255086,3
177,21.005017,105.8260116,3
178,21.0073278,105.8287027,3
179,21.008971,105.8247865,3
180,21.0068632,105.8297112,3
181,21.0080031,105.8272261,3
182,21.0061784,105.8311035,4
183,21.006531,105.8304293,2
184,21.0086668,105.8257309,3
185,21.0091334,105.8244253,4
186,21.0076605,105.8279926,3
187,21.0005809,105.8412798,2
188,21.0008729,105.84123,3
189,21.0089278,105.8246206,2
190,21.0055474,105.8277666,3
191,21.0041204,105.8303312,4
192,21.0040287,105.8322107,3
193,21.0044219,105.8304416,3
194,21.005092,105.8323166,3
195,21.0054227,105.8308146,3
196,21.0043188,105.8322633,3
197,21.0045897,105.8322266,3
198,21.0052903,105.8314027,3
199,21.0090684,105.8324531,3
200,21.0115019,105.8339582,2
201,21.0107383,105.8332158,3
202,21.0103229,105.8310199,3
203,21.0098374,105.8321006,4
204,21.0103625,105.8318945,3
205,21.0106006,105.8318017,2
206,21.0119927,105.8337544,2
207,21.0101008,105.8311112,3
208,21.0095462,105.8313437,3
209,21.0098211,105.8312331,3
210,21.0100899,105.8320008,4
211,21.0102199,105.8337232,3
212,21.006079,105.8347368,3
213,21.0059141,105.8331048,4
214,21.0007608,105.8384611,2
215,21.000953,105.8387459,3
216,21.0007925,105.8383551,2
217,21.0013646,105.8383551,2
218,21.0013646,105.8388959,2
219,21.0018577,105.8409163,3
220,21.0016568,105.8409157,3
221,21.0017196,105.8388986,3
222,21.0033256,105.8343197,3
223,21.0035242,105.8350838,4
224,21.0036632,105.8342242,3
225,21.0037513,105.8359453,3
226,21.0041156,105.8343585,1
227,21.004242,105.8348637,4
228,21.0042874,105.8357868,3
229,21.0044728,105.8364702,1
230,21.0044608,105.8357381,3
231,21.0046505,105.8356848,3
232,21.0047811,105.8338366,3
233,21.0048192,105.8364345,1
234,21.0052226,105.8355193,3
235,21.0057675,105.8353592,3
236,21.0059273,105.8328841,3
237,21.005915,105.8327861,4
238,21.0062214,105.8328429,3
239,21.0062479,105.8330106,4
240,21.0063053,105.8331488,2
241,21.0062955,105.8346466,3
242,21.0063982,105.8340488,2
243,21.0064072,105.8328073,3
244,21.0064392,105.8329883,3
245,21.0064956,105.8339929,3
246,21.0064826,105.8344907,3
247,21.006521,105.8371803,3
248,21.0065439,105.8331195,2
249,21.0067134,105.8331848,2
250,21.0067958,105.8328028,1
251,21.0068057,105.8352671,3
252,21.0069549,105.8334498,2
253,21.0070139,105.8350694,3
254,21.0069834,105.8364759,2
255,21.006983,105.83227,2
256,21.0070954,105.8363268,4
257,21.007166,105.8332736,3
258,21.0072298,105.8333397,2
259,21.0077067,105.8344311,3
260,21.0077463,105.8354845,3
261,21.0077923,105.8355396,3
262,21.0078461,105.8356008,3
263,21.0078999,105.835332,2
264,21.0087322,105.8359207,4
265,21.0089436,105.8369444,3
266,21.009048,105.8366884,3
267,21.0092338,105.8365137,3
268,21.0042474,105.831251,3
269,21.0045143,105.8313097,4
270,21.0047696,105.8313379,4
271,21.0119062,105.8362072,3
272,21.0018447,105.8381935,1
273,21.0098276,105.8303068,3
274,21.008651,105.8283456,2
275,21.0093967,105.8299354,3
276,21.0079037,105.8281729,2
277,21.0085784,105.8284342,3
278,21.0088138,105.8283201,2
279,21.0098533,105.8288741,4
280,21.0082453,105.8282609,4
281,21.0079298,105.8280924,2
282,21.0082146,105.8283309,3
283,21.0077298,105.8280274,4
284,21.0085377,105.828495,3
285,21.0083876,105.8288513,2
286,21.0113952,105.8275542,1
287,21.0115655,105.8272484,2
288,21.0117074,105.8322455,2
289,21.0122998,105.832979,3
290,21.0120159,105.8318934,3
291,21.0117124,105.8321757,2
292,21.0058955,105.8388501,4
293,21.0058087,105.8397586,3
294,21.0058726,105.8387421,2
295,21.0059861,105.8375505,3
296,21.00577,105.8375848,2
297,21.0054296,105.8376877,2
298,21.0052662,105.8377156,2
299,21.0051048,105.8377317,2
300,21.0049005,105.8377418,2
301,21.0047848,105.8377288,2
302,21.0046889,105.837698,2
303,21.0046336,105.8376536,2
304,21.0045335,105.8375866,2
305,21.0044263,105.8375042,2
306,21.0042813,105.8374486,2
307,21.0041586,105.8374143,2
308,21.004081,105.8374143,2
309,21.0037912,105.8375076,3
310,21.0046395,105.8368619,2
311,21.0002122,105.8404947,3
312,20.9998889,105.8400978,2
313,21.0005761,105.8405152,3
314,21.0072776,105.8406381,2
315,21.0075057,105.8408993,2
316,21.0078489,105.8400025,4
317,20.9991258,105.839314,2
318,21.0030568,105.8211885,3
319,21.0034855,105.8209171,2
320,21.002983,105.8209791,2
321,21.0024545,105.8240705,3
322,21.0028559,105.8242687,2
323,21.0030195,105.8243454,2
324,21.0032326,105.8243869,2
325,21.0033236,105.8243928,4
326,21.0034601,105.8245484,2
327,21.0036347,105.8246704,2
328,21.0039627,105.8248497,2
329,21.0041247,105.8249209,3
330,20.9991448,105.8410633,2
331,21.0040054,105.8383215,3
332,21.0042129,105.840113,4
333,21.0053382,105.8401652,2
334,20.9991174,105.8364845,3
335,20.9993015,105.8349974,2
336,21.0008036,105.829059,4
337,21.0009223,105.8287164,4
338,20.999195,105.8360086,3
339,21.0057238,105.8328041,2
340,21.0055872,105.8327822,2
341,21.0052901,105.8327148,3
342,21.0050128,105.8326688,2
343,21.0043422,105.8325359,2
344,21.0041615,105.8324956,2
345,21.0039447,105.8324546,2
346,21.0036828,105.8324568,2
347,21.0035398,105.8324796,2
348,21.0033001,105.832565,2
349,21.0031848,105.8326379,2
350,21.0030199,105.8327513,2
351,21.0028039,105.8328875,2
352,21.0026681,105.8329806,3
353,21.0025052,105.8331162,2
354,21.0024163,105.8332182,3
355,21.0020032,105.833901,2
356,21.001813,105.8342164,2
357,21.0016817,105.8344126,2
358,21.0016063,105.8344994,2
359,21.0014814,105.8346135,2
360,21.0121658,105.8274791,3
361,21.0122156,105.8273672,2
362,21.0117875,105.8271175,1
363,20.9988484,105.8377772,3
364,20.999553,105.8378157,3
365,20.9995604,105.8376363,3
366,21.0009428,105.8375658,3
367,21.0013984,105.8375616,2
368,21.0022089,105.8353535,1
369,21.0029287,105.8299304,3
370,21.0096716,105.8300876,2
371,21.0090313,105.8297995,2
372,21.0088774,105.8298192,3
373,21.0087354,105.82987,2
374,21.0086389,105.8299387,2
375,21.0085396,105.8300401,2
376,21.0084638,105.8301349,2
377,21.0083772,105.8302797,2
378,21.0083219,105.8304171,2
379,21.0082051,105.830764,2
380,21.008046,105.8311774,2
381,21.0079348,105.831399,2
382,21.0078445,105.8315288,2
383,21.0077502,105.8315973,3
384,21.0070219,105.8320781,3
385,21.0090692,105.8300628,2
386,21.0087287,105.8302247,2
387,21.0085347,105.8305437,2
388,21.0083232,105.8311378,2
389,21.0081488,105.8314907,2
390,21.0079479,105.8317396,2
391,21.007164,105.8322742,3
392,21.0086185,105.8303815,2
393,21.0088094,105.830127,2
394,21.0095651,105.8302985,2
395,21.0084174,105.8308532,2
396,21.0082426,105.8313169,3
397,21.0080689,105.8316149,2
398,21.0061964,105.828121,3
399,21.0068953,105.8266292,3
400,21.0074179,105.8269103,3
401,21.0063248,105.8411847,2
402,21.0063215,105.8413094,3
403,21.0017104,105.839237,3
404,21.0022438,105.8360515,3
405,21.0042157,105.8395667,3
406,21.0027729,105.8344746,4
407,21.0057662,105.8309463,3
408,21.0058873,105.8309928,2
409,21.0059896,105.8310399,4
410,21.0060273,105.8310576,3
411,21.0059917,105.8327377,4
412,21.0047772,105.822756,1
413,21.0049273,105.8223585,3
414,21.0043916,105.8227546,1
415,21.0041874,105.822385,3
416,21.0042736,105.8223295,2
417,21.0027599,105.821931,4
418,21.0042484,105.8229364,1
419,21.0030498,105.8230388,2
420,21.0031891,105.8231479,3
421,21.0032773,105.8231717,2
422,21.0038357,105.8235124,2
423,21.0046575,105.824006,3
424,21.0056371,105.8226959,4
425,21.0052687,105.8254724,3
426,21.0045659,105.8248296,2
427,21.0057159,105.8245142,2
428,21.0059446,105.8237418,1
429,21.0054497,105.8230824,3
430,21.004905,105.8240766,3
431,21.0059666,105.8304244,1
432,21.004925,105.8266801,2
433,21.0050786,105.8263459,2
434,21.0048777,105.8274183,3
435,21.0051503,105.8267959,3
436,21.0053106,105.8264588,4
437,21.0055284,105.8259854,2
438,21.0049935,105.8280178,3
439,21.0044292,105.8277127,3
440,21.0059851,105.8280056,3
441,21.005736,105.828552,1
442,21.0061057,105.8313438,3
443,21.0062201,105.8312827,4
444,21.0053625,105.8307904,3
445,21.0057513,105.8294682,3
446,21.0037348,105.8302083,3
447,21.0028685,105.8301832,3
448,21.0036684,105.830517,3
449,21.0034388,105.8315988,2
450,21.0026941,105.8309831,4
451,21.0035506,105.8310651,4
452,21.0042689,105.829609,2
453,21.0042213,105.8293784,2
454,21.0043052,105.8291839,2
455,21.0044442,105.8288956,2
456,21.0045143,105.8286971,2
457,21.0044943,105.8283055,2
458,21.0044242,105.8278871,2
459,21.0044292,105.8276564,2
460,21.0045143,105.8275598,4
461,21.0045071,105.8274316,3
462,21.0044542,105.8271843,2
463,21.0040335,105.8257762,2
464,21.0036289,105.8368689,3
465,21.0038118,105.8368186,1
466,21.0053131,105.835493,3
467,21.0052167,105.8320036,3
468,21.005828,105.8410141,2
469,21.0063309,105.8410428,3
470,21.0061558,105.8410382,3
471,21.004196,105.840884,3
472,21.0040246,105.8398317,3
473,21.0042016,105.8392963,4
474,21.0018255,105.8258343,3
475,21.0019935,105.8258645,2
476,21.0024646,105.8258048,3
477,21.0023281,105.8309376,3
478,21.0011364,105.8307436,1
479,21.0002974,105.8307408,3
480,21.0010749,105.8309567,2
481,21.0010541,105.8283545,2
482,21.0024812,105.8300255,2
483,21.002413,105.8299578,2
484,21.0018748,105.829513,3
485,21.0019252,105.8293489,2
486,21.0020053,105.8293354,2
487,21.0019292,105.8295337,3
488,21.0016724,105.8304449,3
489,21.0008569,105.8364623,1
490,21.0008374,105.8361376,1
491,20.9992445,105.8354992,3
492,20.999963,105.8352116,1
493,21.0009086,105.8347146,1
494,21.0026597,105.836061,3
495,21.001952,105.8360484,3
496,20.9993929,105.8343962,4
497,21.0000949,105.8346108,1
498,20.9995826,105.8334989,3
499,21.0001273,105.833653,1
500,21.0006493,105.8320285,3
501,21.000018,105.8318431,3
502,21.000735,105.8317245,1
503,20.9996398,105.8362048,2
504,20.9997316,105.8361323,3
505,20.9998352,105.8360907,2
506,20.9999613,105.8360767,2
507,21.0001691,105.8361639,2
508,20.9995834,105.8365917,3
509,21.0001669,105.836594,3
510,21.000258,105.8376052,3
511,21.0002775,105.8366105,3
512,21.0005091,105.8365934,3
513,21.0006823,105.8365999,1
514,21.0012199,105.8347348,2
515,21.0011803,105.8346337,2
516,21.0011493,105.8345641,3
517,21.0030379,105.8324519,1
518,21.0028274,105.832578,2
519,21.0023665,105.832927,2
520,21.0020869,105.8333233,2
521,21.0018815,105.8337026,2
522,21.0016127,105.8341334,2
523,21.0014075,105.8343821,2
524,21.0011318,105.8329957,1
525,21.0012561,105.8323947,2
526,21.0012256,105.8322385,3
527,21.0015183,105.8309105,2
528,21.0017995,105.8329142,1
529,21.002739,105.8386856,1
530,21.0017217,105.8385342,2
531,21.0017278,105.838659,3
532,21.0024452,105.8386779,3
533,21.0017624,105.8411588,2
534,21.0019229,105.8412244,3
535,21.0030387,105.8409279,1
536,21.0018485,105.8406007,2
537,21.0019227,105.8409165,3
538,21.0020422,105.8409174,3
539,21.0020369,105.8406003,3
540,21.0016869,105.8379912,2
541,21.0016147,105.837991,1
542,21.0030279,105.8392603,2
543,20.9993747,105.8364475,1
544,20.9992336,105.8378072,3
545,20.997976,105.8410628,2
546,20.9995914,105.8388787,2
547,20.9979543,105.8411369,4
548,20.9991422,105.8411762,3
549,21.0001991,105.8408778,2
550,20.9998819,105.8404157,2
551,21.0001349,105.8404317,2
552,21.0015824,105.8410019,2
553,20.9994966,105.8392125,3
554,21.0000785,105.8389939,1
555,20.9994915,105.8390035,2
556,20.9995363,105.8389512,2
557,21.0107817,105.8372067,3
558,21.0126185,105.8269948,1
559,21.0120535,105.8283201,3
560,21.0114041,105.832299,1
561,21.0118304,105.8328114,3
562,21.0109536,105.8327692,1
563,21.0113404,105.8332332,2
564,21.0114788,105.8331589,3
565,21.0117354,105.8334458,2
566,21.0099181,105.8254496,3
567,21.0101564,105.8249485,3
568,21.0100041,105.828031,1
569,21.0101485,105.8278901,3
570,21.0103095,105.8279786,3
571,21.0104577,105.8277159,3
572,21.0105304,105.8267893,1
573,21.0100146,105.8264992,3
574,21.0105923,105.8272216,1
575,21.0096771,105.8266614,3
576,21.0092539,105.8263679,2
577,21.0094606,105.8259013,3
578,21.009912,105.8261278,3
579,21.0093927,105.8272751,3
580,21.0086508,105.8269134,1
581,21.0096128,105.8273767,3
582,21.0105233,105.8273871,1
583,21.0103857,105.8276719,3
584,21.0100779,105.8276827,2
585,21.0089868,105.8346042,3
586,21.0099026,105.8308864,1
587,21.0100044,105.8311532,3
588,21.0105137,105.8281124,2
589,21.0086119,105.8317529,3
590,21.0087175,105.8310973,1
591,21.0086123,105.8312509,2
592,21.0087169,105.8314868,2
593,21.0088461,105.8314377,2
594,21.008917,105.8316035,3
595,21.0094222,105.8286471,5
596,21.0103706,105.8352965,3
597,21.0105558,105.8355368,3
598,21.0109745,105.8360463,2
599,21.0108292,105.8357942,2
600,21.0105973,105.8354994,2
601,21.0079399,105.833274,3
602,21.0089481,105.8326908,3
603,21.0083554,105.8319822,3
604,21.0091446,105.8336436,4
605,21.0096992,105.8342967,3
606,21.0098806,105.8351758,3
607,21.009405,105.8345738,3
608,21.0091608,105.8348066,3
609,21.0099454,105.834032,2
610,21.0099378,105.8339301,3
611,21.0107348,105.8281555,2
612,21.0106615,105.8281982,4
613,21.0079401,105.8301877,1
614,21.0072855,105.8298517,2
615,21.0071334,105.8298739,2
616,21.0067505,105.8306871,3
617,21.0080413,105.8289211,1
618,21.0078308,105.8280752,3
619,21.0066219,105.8283369,2
620,21.0064569,105.8288415,1
621,21.0066934,105.8289881,2
622,21.0067643,105.8289805,2
623,21.0069848,105.8285248,3
624,21.0075716,105.8256848,2
625,21.00747,105.8258888,3
626,21.0081687,105.8262611,2
627,21.008388,105.8257643,3
628,21.0084671,105.8256221,3
629,21.0078515,105.8237318,3
630,21.0069582,105.8302474,2
631,21.0063023,105.8278958,3
632,21.0074499,105.8246165,3
633,21.007031,105.8246881,2
634,21.0065728,105.825695,3
635,21.0068806,105.8258432,2
636,21.0071108,105.8253325,3
637,21.0075359,105.8243646,2
638,21.0075564,105.8243671,2
639,21.0075859,105.8244826,2
640,21.007568,105.8244967,2
641,21.0075244,105.8245025,2
642,21.0075039,105.8244933,3
643,21.0074758,105.8244163,2
644,21.0074841,105.8243962,2
645,21.0074979,105.8243799,2
646,21.0075158,105.824369,2
647,21.0075467,105.8245036,2
648,21.0081255,105.8384303,1
649,21.0083173,105.8386602,3
650,21.008332,105.8332711,2
651,21.0077279,105.8325515,3
652,21.0073421,105.831849,3
653,21.0060871,105.8386921,3
654,21.0058696,105.8386455,3
655,21.0056028,105.8397238,1
656,21.0056042,105.8389717,3
657,21.0062303,105.8387147,3
658,21.0061398,105.8394074,4
659,21.0064257,105.8394563,2
660,21.0068131,105.8396106,1
661,21.0069035,105.8387952,2
662,21.0071518,105.8388227,3
663,21.0066352,105.837775,1
664,21.0065218,105.8387531,4
665,21.0083377,105.8379401,2
666,21.0074389,105.8378964,1
667,21.0073508,105.8388465,3
668,21.0096242,105.8361798,3
669,21.0102306,105.8368958,3
670,21.0093213,105.8364376,3
671,21.0080979,105.8376484,1
672,21.0086548,105.838343,4
673,21.0070854,105.8324708,3
674,21.0071278,105.832444,3
675,21.0070919,105.8393909,1
676,21.0075182,105.8392788,1
677,21.0075597,105.8388808,3
678,21.0073307,105.8248443,3
679,21.0078018,105.8381403,1
680,21.0074232,105.8380805,4
681,21.0064887,105.8363991,3
682,21.0067929,105.8360458,3
683,21.0079655,105.8341913,3
684,21.0076479,105.8290556,2
685,21.0077681,105.828788,3
686,21.0080956,105.8264258,2
687,21.0073939,105.8260508,3
688,21.0041947,105.8410713,3
689,21.0056436,105.8411399,2
690,21.0063246,105.8411375,4
691,21.0072746,105.8411266,2
692,21.0079281,105.8394448,2
693,21.0083914,105.8392555,3
694,21.0044822,105.8242213,2
695,21.0055812,105.8301995,3
696,21.0050715,105.8278696,2
697,21.0058289,105.8261423,2
698,21.0056166,105.8266141,3
699,21.0060057,105.8268124,3
700,21.0043665,105.8264474,3
701,21.0046567,105.8258173,4
702,21.0060369,105.829303,2
703,21.0039497,105.8311655,3
704,21.0032173,105.8365935,1
705,21.0030795,105.8360626,3
706,21.0032388,105.8360592,3
707,21.0058431,105.8393668,3
708,21.0054431,105.8380563,1
709,21.0049999,105.8382952,3
710,21.0047171,105.8383718,2
711,21.0030895,105.8375309,3
712,21.0032424,105.8382824,3
713,21.0040511,105.8395674,2
714,21.0040348,105.8395775,2
715,21.0040317,105.8395996,2
716,21.004031,105.8396304,2
717,21.0032798,105.8398289,1
718,21.0026124,105.8380971,3
719,21.002611,105.8379005,2
720,21.0025999,105.8376511,3
721,21.0027216,105.8375918,2
722,21.0027066,105.8374347,3
723,21.0026075,105.8369713,1
724,21.0026185,105.8382447,3
725,21.002328,105.8380566,1
726,21.0021143,105.8319062,3
727,21.0013419,105.8316824,2
728,21.0033697,105.8319435,1
729,21.001923,105.8410892,2
730,21.0042535,105.8217591,2
731,21.0112402,105.825529,3
732,21.0108807,105.8257732,1
733,21.0096805,105.824699,3
734,21.0110281,105.8253888,3
735,21.0122754,105.8352471,3
736,21.012629,105.8355081,3
737,21.0110527,105.8364334,1
738,21.0129411,105.835217,3
739,21.0128435,105.8349271,2
740,21.0088159,105.8272768,1
741,21.0129849,105.8268489,1
742,21.0112198,105.8258703,1
743,21.0113449,105.8256022,3
744,21.0031969,105.8217426,1
745,21.002864,105.8215609,3
746,21.002473,105.8290886,2
747,21.0023344,105.8296911,3
748,21.0074689,105.833713,1
749,21.0079073,105.8342453,3
750,21.0055342,105.8330552,1
751,21.0019349,105.8357382,2
752,21.0041207,105.8377372,1
753,20.9985154,105.8391842,3
754,21.0029004,105.8355443,1
755,21.0026719,105.8356148,2
756,21.0029018,105.8360586,3
757,20.9991234,105.8392063,3
758,21.0053544,105.8412936,4
759,21.0074015,105.8409983,4
760,21.0105235,105.8363554,4
761,21.0110771,105.8367953,4
762,21.0111798,105.8368974,4
763,21.0108797,105.8369694,4
764,21.0110089,105.836891,4
765,21.0075925,105.8410955,4
766,21.0070308,105.8323301,2
767,21.0069085,105.832178,2
768,21.0080943,105.8388719,2
769,21.0094117,105.8376464,4
770,21.0095491,105.8375337,4
771,21.0095489,105.8376584,4
772,21.0074346,105.8410312,2
773,21.0074621,105.8410621,2
774,21.0074915,105.8410808,2
775,21.0075397,105.8410922,2
776,21.004432,105.8412682,4
777,20.9981531,105.8411411,4
778,21.0000578,105.841058,1
779,21.0000593,105.8412002,3
780,21.0000608,105.8411169,2
781,21.00176,105.8301464,2
782,21.0080894,105.8271943,4
783,21.0080286,105.8271671,4
784,21.0090573,105.8245318,4
785,21.0092349,105.8246237,4
786,21.0083225,105.8265004,3
787,21.0069778,105.8294801,3
788,21.0076611,105.8283022,3
789,21.0074992,105.8282268,3
790,21.0075962,105.8284087,2
791,21.007456,105.8283428,2
792,21.0063882,105.8310305,4
793,21.0062474,105.8309478,4
794,21.0064426,105.830619,2
795,21.0073434,105.8288975,3
796,21.0077733,105.8280466,4
797,21.0104207,105.8250477,3
798,21.0058306,105.8227842,4
799,21.0054936,105.8226298,4
800,21.0046118,105.841001,1
801,21.0040869,105.8408857,2
802,21.0042094,105.8401901,4
803,21.004159,105.8390374,4
804,21.0040685,105.8385931,4
805,21.0040839,105.8395653,2
806,21.00373,105.8372675,3
807,21.0013757,105.8412209,2
808,21.0017416,105.8412279,2
809,21.0033212,105.8206451,2
810,21.00335,105.8205673,2
811,21.0095894,105.8382737,2
812,21.0107034,105.8371789,3
813,21.0013301,105.8275581,2
814,21.0016158,105.8265124,2
815,21.0063121,105.8314193,4
816,21.0064256,105.8313145,4
817,21.0065963,105.8315376,3
818,21.0020704,105.8295885,4
819,21.0031139,105.830006,4
820,21.003675,105.8301865,4
821,21.0041344,105.8302616,4
822,21.0048585,105.8309557,1
823,21.0049401,105.83063,4
824,21.0033324,105.8206028,2
825,21.0032688,105.8206996,2
826,21.0031473,105.8207341,3
827,21.0057325,105.8323704,2
828,21.0056712,105.8324683,2
829,21.0059057,105.8327195,2
830,21.0068852,105.832147,3
831,21.0067918,105.8322171,2
832,21.0066915,105.8322805,2
833,21.0061995,105.8324884,2
834,21.0062013,105.835346,4
835,21.0060222,105.8352738,4
836,21.0061475,105.835061,4
837,21.0072718,105.8349059,4
838,21.0082004,105.8339738,2
839,21.0085189,105.8338633,3
840,21.0081583,105.8339383,3
841,21.00822,105.8340074,3
842,21.0084806,105.8338013,2
843,21.0083103,105.8339743,3
844,21.0082014,105.8338349,2
845,21.0075028,105.8346205,3
846,21.0106449,105.8371999,3
847,21.0101565,105.8359137,3
848,21.0096526,105.835409,3
849,21.0046691,105.8357656,2
850,21.0053342,105.835576,1
851,21.0053447,105.8354821,4
852,21.0082579,105.83372,3
853,21.0089445,105.8386416,3
854,21.0082389,105.8336224,2
855,21.0081731,105.833676,2
856,21.0070575,105.8323625,3
857,21.0122971,105.8281158,1
858,21.0124024,105.8287822,3
859,21.0108849,105.8367867,3
860,21.011103,105.8369661,4
861,21.0108009,105.8368691,3
862,21.0082183,105.832104,4
863,21.0089044,105.8315669,2
864,21.0087241,105.8309121,1
865,21.0090824,105.8315328,3
866,21.0080292,105.831663,3
867,21.0083226,105.8320118,3
868,21.0079133,105.8320054,1
869,21.0080794,105.8322228,3
870,21.0075711,105.8327051,4
871,21.0140257,105.8341953,3
872,21.013998,105.8338429,2
873,21.0141362,105.8339759,4
874,21.0015193,105.835213,1
875,21.0016776,105.8360523,3
876,21.0019912,105.8371424,1
877,21.0018341,105.8360524,3
878,20.9982128,105.8412245,2
879,20.998282,105.8411437,3
880,21.004697,105.8412795,2
881,20.999988,105.8319564,3
882,21.0104436,105.8251554,2
883,21.010308,105.8250863,2
884,21.0095161,105.8246137,3
885,21.0095091,105.8245859,2
886,21.0095097,105.8245631,2
887,21.0114014,105.8264038,1
888,21.0124958,105.8263454,3
889,21.0107529,105.8255911,1
890,21.0108828,105.8252977,3
891,21.0125919,105.8267069,1
892,21.0127067,105.8264707,3
893,21.0051202,105.832686,2
894,21.0045758,105.832589,2
895,21.0029045,105.8328213,2
896,21.0051717,105.8411568,2
897,21.0051611,105.8411038,3
898,21.0052725,105.8328997,2
899,20.9990044,105.8371679,2
900,20.9989584,105.8373224,2
901,20.9989616,105.8383317,2
902,20.9991169,105.8383343,1
903,20.9987914,105.8383289,2
904,20.9987269,105.838314,3
905,20.998566,105.8389682,2
906,21.0019872,105.8252013,3
907,21.0032945,105.8223853,4
908,21.0030196,105.8229146,3
909,21.003206,105.8226152,2
910,21.0089628,105.8311965,2
911,21.0042612,105.8245169,3
912,21.0034513,105.8241859,2
913,21.0036132,105.8240585,2
914,21.0037425,105.8240456,3
915,21.003798,105.8240856,2
916,21.0039307,105.8241607,2
917,21.004096,105.8243055,2
918,20.9981048,105.840007,2
919,21.000524,105.8296672,2
920,20.9997179,105.8326588,2
921,20.9992216,105.8352616,3
922,20.998947,105.8368716,2
923,20.9981646,105.8401043,2
924,20.9982301,105.8400858,4
925,20.9984203,105.8395695,2
926,20.9982413,105.8399246,2
927,20.9989988,105.8368397,2
928,20.9990819,105.8368294,2
929,20.9988543,105.8374806,3
930,21.0023062,105.823974,3
931,20.99853,105.8411489,3
932,20.9981316,105.8404683,3
933,20.9984829,105.8410587,2
934,21.0014927,105.8293446,3
935,21.0016267,105.8290241,2
936,21.0017509,105.8284885,2
937,21.0019146,105.8275031,3
938,21.0018966,105.8273875,2
939,21.0019543,105.8272766,3
940,21.0019513,105.8270387,2
941,21.0019223,105.826966,2
942,21.001917,105.8268536,2
943,21.0019374,105.826495,3
944,21.0019129,105.8260918,2
945,21.0025667,105.8265736,3
946,21.0023617,105.8243937,2
947,21.0022961,105.8246315,2
948,21.0022508,105.8247525,2
949,21.0022264,105.8248527,2
950,21.0021938,105.8249094,2
951,21.0021808,105.8250125,2
952,21.0021602,105.825193,2
953,21.0026206,105.8244144,2
954,21.0025396,105.8246044,2
955,21.0024989,105.824783,2
956,21.0024827,105.8248658,2
957,21.0024745,105.8249791,2
958,21.0024623,105.8250488,2
959,21.0024379,105.825075,2
960,21.0024176,105.8251273,2
961,21.0024314,105.8252053,3
962,21.0024176,105.825454,2
963,21.0024424,105.8255953,2
964,21.0024484,105.8256895,2
965,21.002536,105.8261145,3
966,21.0025564,105.8262171,2
967,21.0025893,105.8263709,2
968,21.002586,105.8264326,2
969,21.0025124,105.8290098,2
970,21.0025696,105.8290109,2
971,21.0026716,105.8290229,2
972,21.0027554,105.8290332,3
973,21.0027511,105.8289311,2
974,21.0027633,105.8287394,2
975,21.0027877,105.8285869,2
976,21.0028337,105.8284712,2
977,21.0028532,105.8283343,2
978,21.0028806,105.8281413,2
979,21.0029043,105.8279719,4
980,21.0028883,105.8277099,2
981,21.00286,105.8274584,3
982,21.0028033,105.8269454,3
983,21.002756,105.826723,2
984,21.0027067,105.8265844,2
985,21.0046849,105.8273245,2
986,21.005836,105.8259125,3
987,21.0057433,105.8261026,2
988,21.0056099,105.8258015,3
989,21.0101539,105.8349182,2
990,21.0103492,105.8347841,2
991,21.0086465,105.8341865,2
992,21.0073563,105.83606,2
993,21.0034061,105.8411313,2
994,21.0003818,105.8411246,2
995,21.0069615,105.8411878,2
996,21.0059166,105.8340457,2
997,21.0081253,105.8353458,2
998,21.0084677,105.8348091,2
999,21.0040083,105.8408902,2
1000,21.0003866,105.8409658,3
1001,21.0003827,105.8410582,2
1002,21.0019182,105.8410223,2
1003,21.0095601,105.8294877,3
1004,21.0091417,105.8292759,5
1005,21.0095285,105.8284101,2
1006,21.0091964,105.8282391,1
1007,21.0090296,105.8295088,3
1008,21.0086702,105.8293116,1
1009,21.0099685,105.8256289,2
1010,21.0099319,105.825711,2
1011,21.009636,105.8273231,2
1012,21.009588,105.8255952,2
1013,21.0096446,105.8254652,2
1014,21.009705,105.8253335,2
1015,21.0098227,105.8253952,2
1016,21.0100232,105.8255103,2
1017,21.0097719,105.8260595,3
1018,21.0101134,105.8262863,3
1019,21.0100889,105.8262194,2
1020,21.0007536,105.8387413,3
1021,21.0004887,105.8387352,2
1022,21.000469,105.8392396,1
1023,21.0076639,105.8410507,2
1024,21.0027235,105.8222649,2
1025,21.0021482,105.8245643,2
1026,21.0018842,105.8254746,2
1027,21.001498,105.8267372,2
1028,21.0009664,105.8284248,2
1029,21.0026326,105.8226895,3
1030,21.0107501,105.8371194,3
1031,21.0051933,105.8251426,1
1032,21.0125632,105.8326283,3
1033,21.011927,105.8319815,2
1034,21.0075176,105.8314267,3
1035,21.0088542,105.8339223,3
1036,21.0086203,105.8330044,3
1037,21.0071931,105.8309205,2
1038,21.0073167,105.8306102,1
1039,21.0062837,105.8355818,2
1040,21.005892,105.8357485,2
1041,21.0031311,105.8362478,2
1042,21.004933,105.822489,2
1043,21.0052072,105.8226287,2
1044,21.0055854,105.8227806,4
1045,21.0047329,105.8223823,2
1046,21.0044514,105.8221704,2
1047,21.0041387,105.8218888,2
1048,21.0039688,105.8216879,2
1049,21.0036856,105.8213302,2
1050,21.0034783,105.8210209,2
1051,21.0033097,105.820997,2
1052,21.0054445,105.8227391,3
1053,21.0066136,105.8232285,4
1054,21.0057865,105.8228849,3
1055,21.0071845,105.823471,3
1056,21.0078241,105.8237998,4
1057,21.0085919,105.8242284,2
1058,21.0086796,105.8242821,2
1059,21.0087745,105.8245459,3
1060,21.0089028,105.8250466,2
1061,21.0088976,105.8251379,2
1062,21.0075885,105.8280384,2
1063,21.0064199,105.8305314,2
1064,21.0063233,105.8306964,2
1065,21.0061694,105.8308931,3
1066,21.0086323,105.8257129,4
1067,21.0084259,105.8261682,2
1068,21.0059728,105.8229763,2
1069,21.0079576,105.827198,4
1070,21.0072843,105.8286808,4
1071,21.0070093,105.8292805,4
1072,21.0068059,105.8296839,4
1073,21.0015153,105.8292804,4
1074,21.0018931,105.8294471,4
1075,21.0023482,105.8296355,4
1076,21.005395,105.8307012,4
1077,21.0058056,105.8308524,4
1078,21.0030906,105.8210616,2
1079,21.0029398,105.821573,2
1080,21.0028035,105.8221002,4
1081,20.9986392,105.8385174,2
1082,20.9990314,105.8368879,2
1083,21.0016881,105.8262785,3
1084,21.001663,105.8259898,2
1085,21.0026582,105.8220476,3
1086,21.0029335,105.8216014,4
1087,21.0044114,105.8221344,4
1088,21.0048853,105.8224636,4
1089,21.000714,105.8293059,3
1090,21.00106,105.8291663,4
1091,21.0008786,105.8290841,4
1092,21.0006792,105.8294015,4
1093,21.0141169,105.834118,4
1094,21.007596,105.8244664,3
1095,21.0076038,105.8244396,2
1096,21.0076016,105.8244159,2
1097,21.0075922,105.8243943,2
1098,21.0074737,105.8244382,2
1099,21.007478,105.8244597,2
1100,21.0074885,105.8244787,2
1101,21.0075765,105.8243774,2
1102,21.0125772,105.8324339,4
1103,21.0004365,105.83019,2
1104,21.0005773,105.829724,2
1105,21.0014607,105.8271192,3
1106,21.0014759,105.827062,2
1107,21.0014484,105.8271696,4
1108,20.9980163,105.8409176,4
1109,20.9983983,105.8409049,4
1110,21.0096876,105.8336047,3
1111,21.009885,105.8334184,3
1112,21.0094711,105.83333,4
1113,21.0092542,105.833065,2
1114,21.0057736,105.8410033,3
1115,21.0057736,105.8407874,2
1116,21.0057009,105.8406989,2
1117,21.0057175,105.8401999,2
1118,21.0056778,105.8398425,2
1119,21.0057075,105.8397752,2
1120,21.0073632,105.8409587,4
1121,21.0073311,105.8410354,2
1122,21.0070522,105.8308476,3
1123,21.0069626,105.8310859,1
1124,21.0067908,105.8263667,1
1125,21.0108592,105.8332414,2
1126,21.0081253,105.8340433,2
1127,21.0015534,105.8306718,3
1128,21.000506,105.8299421,2
1129,21.0003873,105.830119,2
1130,21.0101346,105.8375902,2
1131,21.0093895,105.8381681,2
1132,21.00889,105.8385893,4
1133,21.0083277,105.8392474,2
1134,21.0079252,105.8398974,3
1135,21.0077193,105.840333,4
1136,21.0076559,105.8405787,2
1137,21.0074581,105.8408471,2
1138,21.0135921,105.834514,2
1139,21.0129167,105.8351431,4
1140,21.0125728,105.8354529,4
1141,21.0118817,105.836113,2
1142,21.0112487,105.8366992,2
1143,21.0112191,105.8367171,2
1144,21.0109724,105.8367382,2
1145,21.0108243,105.8366326,4
1146,21.0110704,105.836741,3
1147,21.0107985,105.8369891,3
1148,21.010793,105.8370461,2
1149,21.0104249,105.8264426,2
1150,21.0106749,105.8258993,2
1151,21.0048188,105.8337789,2
1152,21.0048697,105.8337437,2
1153,21.004936,105.8337309,2
1154,21.0049981,105.833722,2
1155,21.0051483,105.833667,4
1156,21.0051254,105.8336224,2
1157,21.0051254,105.8335959,2
1158,21.0052423,105.8334897,3
1159,21.005383,105.8335745,2
1160,21.0054176,105.8335867,2
1161,21.005551,105.8335636,3
1162,21.0058717,105.8335843,3
1163,21.0046444,105.8338675,3
1164,21.0043775,105.8218816,2
1165,21.0041627,105.8216541,2
1166,21.0046123,105.8220934,2
1167,21.0047423,105.8221953,2
1168,21.0045235,105.8221384,2
1169,21.0079687,105.8399115,2
1170,21.0095064,105.8382126,2
1171,21.0080317,105.8399461,2
1172,21.0078813,105.8402613,2
1173,21.0107798,105.8370687,2
1174,21.0093594,105.8385009,2
1175,21.0103347,105.8310496,2
1176,21.008019,105.8342572,2
1177,21.0097396,105.8360811,2
1178,21.0105115,105.8366341,2
1179,21.0087266,105.8348219,2
1180,21.0065415,105.8355103,2
1181,21.0071827,105.8332845,2
1182,21.0042512,105.8295509,3
1183,21.00408,105.8303178,2
1184,21.0040027,105.8358697,2
1185,21.0031015,105.8343831,2
1186,21.0048037,105.8338972,2
1187,21.003685,105.8343092,2
1188,21.0049735,105.8355961,3
1189,21.0088262,105.8298336,3
1190,21.0089779,105.8298015,2
1191,21.0104072,105.8305782,2
1192,21.0023528,105.8236097,2
1193,21.0109025,105.8367085,2
1194,21.0100308,105.8357203,2
1195,21.0092341,105.8347393,4
1196,21.0097199,105.8353376,4
1197,21.0101806,105.8358932,4
1198,21.0079881,105.8335635,2
1199,21.0075533,105.8330412,4
1200,21.0083252,105.8339367,2
1201,21.0089167,105.8346629,4
1202,21.0094258,105.835283,4
1203,21.0099399,105.8359098,4
1204,21.0064321,105.8311928,2
1205,21.0064218,105.8311534,2
1206,21.006421,105.8311058,2
1207,21.0064745,105.8309783,2
1208,21.0075074,105.8286481,4
1209,21.007384,105.8289185,4
1210,21.0066338,105.8306314,4
1211,21.0080465,105.8333019,4
1212,21.0070868,105.8320342,4
1213,21.0062929,105.8314973,2
1214,21.0062118,105.831435,2
1215,21.0061707,105.831434,3
1216,21.0061266,105.8314554,2
1217,21.0060915,105.8315401,2
1218,21.0059157,105.8322155,2
1219,21.0059137,105.8322928,2
1220,21.0068446,105.8321751,4
1221,21.0068479,105.8321791,2
1222,21.0059637,105.8325246,4
1223,21.007009,105.8323795,4
1224,21.0062629,105.8314618,3
1225,21.006479,105.8312638,3
1226,21.0064365,105.831061,3
1227,21.0064739,105.8354803,2
1228,21.006208,105.8351875,2
1229,21.0061654,105.8349175,1
1230,21.0060898,105.8345578,2
1231,21.0060476,105.8343803,2
1232,21.0059886,105.8341495,2
1233,21.0059267,105.8339,2
1234,21.0059224,105.8335058,2
1235,21.0059688,105.8330166,2
1236,21.00597,105.8329359,2
1237,21.0059888,105.8328288,2
1238,21.0059743,105.8328853,4
1239,21.0061215,105.8347237,3
1240,21.0065043,105.8354691,2
1241,21.0065453,105.8354457,2
1242,21.0082166,105.8338854,2
1243,21.00787,105.8342001,4
1244,21.0076633,105.8344013,4
1245,21.0074754,105.8345862,4
1246,21.0072003,105.8348351,4
1247,21.0069909,105.8350403,4
1248,21.0067762,105.8352355,4
1249,21.0065275,105.8354602,2
1250,21.008202,105.8338091,2
1251,21.0082236,105.8338403,2
1252,21.0082276,105.833865,2
1253,21.0083077,105.8339337,2
1254,21.0082877,105.8339433,2
1255,21.0077078,105.8344927,2
1256,21.0081874,105.8340383,2
1257,21.0079918,105.8342236,4
1258,21.0077357,105.8344664,4
1259,21.0074707,105.8347184,4
1260,21.0111312,105.8341976,1
1261,21.0108784,105.8337611,2
1262,21.010582,105.8333731,3
1263,21.0108764,105.8348138,1
1264,21.0108175,105.830453,1
1265,21.0099206,105.8302926,4
1266,21.0100678,105.830023,2
1267,21.0104878,105.8302806,3
1268,21.0105998,105.8300617,3
1269,21.0114321,105.8302303,3
1270,21.0113308,105.8304098,2
1271,21.010799,105.8301818,3
1272,21.0104763,105.8295066,3
1273,21.0107701,105.8288622,2
1274,21.0109722,105.8293632,2
1275,21.0111987,105.8293725,3
1276,21.0104221,105.8296438,3
1277,21.0109182,105.8299231,4
1278,21.0098291,105.8306222,1
1279,21.0104447,105.830863,2
1280,21.0105574,105.8309251,3
1281,21.0121713,105.8353095,3
1282,21.012134,105.8349895,2
1283,21.0108972,105.8359122,3
1284,21.0109416,105.8358857,2
1285,21.011066,105.8357732,2
1286,21.0110502,105.8356547,2
1287,21.0103356,105.8357396,3
1288,21.010459,105.8359006,2
1289,21.0107386,105.835679,3
1290,21.0105742,105.8351569,1
1291,21.0114342,105.83665,3
1292,21.0112401,105.8363879,2
1293,21.0120333,105.8355828,2
1294,21.0121548,105.8353813,2
1295,21.0130381,105.8335621,1
1296,21.0128544,105.8333073,2
1297,21.0127616,105.8332599,2
1298,21.0126516,105.83313,3
1299,21.013035,105.8342637,3
1300,21.0125641,105.833649,2
1301,21.0123644,105.8334021,3
1302,21.0123725,105.8337794,1
1303,21.012216,105.8339608,2
1304,21.0122236,105.8344157,1
1305,21.0120346,105.8341156,3
1306,21.0117242,105.834311,2
1307,21.0120818,105.8347408,3
1308,21.0122589,105.8346444,1
1309,21.0118614,105.8348748,3
1310,21.0119888,105.8350476,2
1311,21.0115685,105.8349346,3
1312,21.0119343,105.8354282,2
1313,21.011245,105.8360012,2
1314,21.0117573,105.8355757,3
1315,21.0106924,105.8356202,3
1316,21.0109166,105.8354026,4
1317,21.0109495,105.8353801,2
1318,21.0111509,105.8352201,2
1319,21.0113998,105.8350681,3
1320,21.0117593,105.8347837,2
1321,21.0110601,105.8356132,2
1322,21.0106374,105.834993,2
1323,21.0105836,105.8346839,2
1324,21.0062802,105.8365835,1
1325,21.0062644,105.8368897,3
1326,21.0065987,105.8365879,3
1327,21.006856,105.836825,3
1328,21.0056852,105.8389367,3
1329,21.0056668,105.8387076,2
1330,21.0057065,105.8384254,2
1331,21.0058452,105.837554,3
1332,21.0049327,105.8383134,3
1333,21.00484,105.8379056,1
1334,21.0051529,105.8363776,3
1335,21.0039759,105.8361086,1
1336,21.0037833,105.8364052,3
1337,21.0037397,105.8362109,1
1338,21.0035271,105.8364895,3
1339,21.0030158,105.8369434,1
1340,21.0029536,105.8366588,2
1341,21.0028657,105.8366797,3
1342,21.0030304,105.8364875,1
1343,21.0029541,105.8363215,2
1344,21.0028493,105.8363492,3
1345,21.0033562,105.8374099,3
1346,21.0033457,105.8373838,2
1347,21.0033096,105.8372158,2
1348,21.0033457,105.8371863,2
1349,21.0033022,105.8369671,1
1350,21.0035017,105.8375714,1
1351,21.0036998,105.8383024,3
1352,21.0030549,105.8374644,2
1353,21.0030163,105.8373429,3
1354,21.0027978,105.8360594,3
1355,21.0006681,105.8380651,1
1356,21.0006665,105.8375783,3
1357,21.0023746,105.8345883,4
1358,21.0022553,105.8340153,3
1359,21.0024618,105.8339643,3
1360,21.0018545,105.8348455,1
1361,21.0042957,105.8252414,1
1362,21.0041574,105.825346,1
1363,21.0044725,105.8255108,3
1364,21.0040271,105.8222224,1
1365,21.0039283,105.8221357,2
1366,21.0038309,105.822027,2
1367,21.003497,105.8218004,2
1368,21.003381,105.8216752,2
1369,21.00327,105.8215418,2
1370,21.0032312,105.8214578,2
1371,21.0029422,105.8212776,3
1372,21.0028164,105.8231538,1
1373,21.0030922,105.8233056,2
1374,21.0035356,105.8237546,3
1375,21.0026643,105.8233301,2
1376,21.0024802,105.8233018,3
1377,21.003083,105.8294106,1
1378,21.0026801,105.8293553,2
1379,21.0042195,105.8294865,3
1380,21.003771,105.8291983,2
1381,21.0042587,105.8265314,3
1382,21.0017116,105.8272545,1
1383,21.0021626,105.8294936,1
1384,21.0022772,105.8290986,2
1385,21.0021373,105.8290346,2
1386,21.0024484,105.8286736,1
1387,21.002775,105.8287922,3
1388,21.0026251,105.8278889,1
1389,21.0049521,105.8258333,1
1390,21.0051478,105.8254152,3
1391,21.0047999,105.8255021,2
1392,21.0043628,105.8250439,1
1393,21.0044024,105.8256831,3
1394,21.0045392,105.8253467,3
1395,21.003799,105.8283975,2
1396,21.0042264,105.8284081,2
1397,21.0044988,105.828393,3
1398,21.0038493,105.828878,2
1399,21.0044063,105.8289813,3
1400,21.0034228,105.8291787,1
1401,21.0034834,105.828631,2
1402,21.0035295,105.828057,3
1403,21.0038,105.8234906,3
1404,21.0039242,105.8231618,4
1405,21.0047522,105.82369,2
1406,21.0045481,105.823474,2
1407,21.0041202,105.8232557,2
1408,21.0035825,105.8229939,2
1409,21.0031408,105.8227421,3
1410,21.0036906,105.8234437,3
1411,21.0032326,105.8258981,1
1412,21.0034007,105.8258355,2
1413,21.0036321,105.8257364,2
1414,21.0039239,105.8253808,3
1415,21.0036517,105.8274962,3
1416,21.0039591,105.8272599,2
1417,21.0044094,105.8270343,3
1418,21.0040359,105.8274379,2
1419,21.004052,105.8275176,2
1420,21.0038585,105.8275666,2
1421,21.0037126,105.8280793,2
1422,21.0034675,105.8268648,1
1423,21.0026569,105.8249136,1
1424,21.002805,105.8244503,2
1425,21.002735,105.8243915,2
1426,21.0027079,105.8241885,4
1427,21.0030125,105.8251997,3
1428,21.0031462,105.8248227,2
1429,21.0031699,105.8252256,1
1430,21.0030869,105.8258672,1
1431,21.0028118,105.8259919,2
1432,21.0037176,105.8260656,1
1433,21.0034359,105.8262078,2
1434,21.0034912,105.8263684,2
1435,21.0033247,105.8264391,3
1436,21.003348,105.8265306,3
1437,21.00308,105.8260876,1
1438,21.0037808,105.8263711,1
1439,21.0035333,105.8264843,2
1440,21.0032173,105.8265633,2
1441,21.0029961,105.8266502,2
1442,21.0030593,105.8269241,3
1443,21.0034712,105.8275056,3
1444,21.0034702,105.8277066,2
1445,21.0035952,105.8275021,3
1446,21.0048697,105.8277654,1
1447,21.0051238,105.8299234,2
1448,21.0054413,105.8289856,3
1449,21.0061253,105.8303009,1
1450,21.0056276,105.8300671,3
1451,21.0071091,105.8285893,2
1452,21.0063279,105.8289143,1
1453,21.0065359,105.8282932,3
1454,21.0078938,105.8254885,3
1455,21.0081246,105.8249978,1
1456,21.0111272,105.8268832,1
1457,21.0116105,105.8271557,3
1458,21.0122336,105.8279349,3
1459,21.012103,105.8278627,3
1460,21.0122667,105.8277501,1
1461,21.0030193,105.8213082,4
1462,21.0082409,105.8340339,2
1463,21.0081287,105.8339009,2
1464,21.0055175,105.8300072,2
1465,21.0034828,105.8314033,2
1466,21.0050579,105.827506,2
1467,21.005518,105.8265641,2
1468,21.0059108,105.8247117,1
1469,21.0068061,105.8251827,4
1470,21.0037534,105.8295599,1
1471,21.0036149,105.8301663,3
1472,21.010759,105.8327554,3
1473,21.0100457,105.8320188,2
1474,21.0092679,105.8369514,1
1475,21.0096486,105.8374424,3
1476,21.0079673,105.8307624,3
1477,21.0081734,105.8308448,3
1478,21.0116061,105.8330331,3
1479,21.0111711,105.8325356,1
1480,21.0080628,105.8292428,2
1481,21.008186,105.8293048,2
1482,21.0082166,105.8293527,2
1483,21.0084166,105.8294336,2
1484,21.008493,105.8294755,2
1485,21.0086698,105.8295806,2
1486,21.0087275,105.8296194,2
1487,21.0087225,105.8297512,2
1488,21.0097202,105.8282388,1
1489,21.0083805,105.8281156,2
1490,21.00827,105.8282123,2
1491,21.0090101,105.826275,2
1492,21.0092718,105.8257493,2
1493,21.0094471,105.8254141,2
1494,21.0095798,105.8251458,2
1495,21.0097896,105.8247576,3
1496,21.0076769,105.8249466,2
1497,21.0092919,105.8335022,3
1498,21.0087739,105.8328575,3
1499,21.0008219,105.8400956,3
1500,20.9999313,105.8400509,2
1501,20.9999101,105.8400562,3
1502,20.9998969,105.8400663,2
1503,21.0027365,105.8404545,2
1504,21.0027551,105.8392514,3
1505,21.002429,105.8392455,3
1506,21.0051612,105.8390832,3
1507,21.0011988,105.8366843,2
1508,21.0011918,105.8374333,2
1509,20.9982399,105.841195,2
1510,21.005163,105.8412837,3
1511,21.0008235,105.836685,2
1512,21.0008253,105.8374443,3
1513,20.9999574,105.8382087,2
1514,20.9995724,105.8382244,3
1515,21.000468,105.8300772,3
1516,21.0007427,105.8301961,2
1517,21.000889,105.8302873,2
1518,21.0010686,105.830406,2
1519,21.0012715,105.8305356,2
1520,21.0013474,105.8305844,2
1521,21.0014263,105.8306006,2
1522,21.0015113,105.8305779,2
1523,21.0015918,105.8305291,2
1524,20.9992077,105.8359138,2
1525,20.9992355,105.835629,2
1526,21.0042254,105.8247158,2
1527,21.0097445,105.8301403,2
1528,21.0042764,105.8245718,2
1529,21.0042677,105.8246295,2
1530,21.0018778,105.8351075,2
1531,21.0018883,105.8351679,2
1532,21.0018488,105.8350617,2
1533,21.0018971,105.835319,2
1534,21.0038332,105.8294018,2
1535,21.003852,105.8292201,2
1536,21.0038576,105.8292362,2
1537,21.0038285,105.8293898,2
1538,21.003837,105.8292121,2
1539,21.0038429,105.8294099,2
1540,21.0032091,105.8260551,2
1541,21.0031878,105.8260518,2
1542,21.0032223,105.8260685,2
1543,21.0122667,105.8351972,2
1544,21.0121619,105.8348777,2
1545,21.0121581,105.8349038,2
1546,21.0121218,105.8349339,2
1547,21.0121194,105.8349572,2
1548,21.0082205,105.8288874,2
1549,21.0050189,105.8279695,3
1550,21.0054742,105.8282247,1
1551,21.0050783,105.8280027,2
1552,21.0014782,105.8287199,1
1553,21.0009981,105.8285077,3
1554,21.0012403,105.828618,2
1555,21.009787,105.8301945,2
1556,21.0098141,105.8302566,2
1557,21.000293,105.8359354,2
1558,21.0001754,105.8360716,2
1559,21.0002014,105.8359904,2
1560,21.0004494,105.8359311,2
1561,21.0005166,105.8360259,2
1562,21.0022215,105.8356065,3
1563,21.0085184,105.8285333,2
1564,21.0075699,105.8286831,2
1565,21.0074573,105.8289572,2
1566,21.0113898,105.8365742,4
1567,21.0034353,105.8209593,3
1568,21.0032265,105.8207028,3
1569,21.0033117,105.8208077,2
1570,21.0031891,105.8210222,3
1571,21.0031461,105.8207926,3
1572,21.0034366,105.821002,3
1573,21.0031643,105.8208807,2
1574,21.0030425,105.8211325,3
1575,21.0030711,105.8210223,2
1576,21.0030887,105.8208585,3
1577,21.0076072,105.8406806,2
1578,21.0054296,105.8390193,3
1579,21.005243,105.8382225,2
1580,21.0047283,105.8326219,3
1581,21.0046952,105.8327743,2
1582,21.0046651,105.8328245,3
1583,21.0045811,105.8328312,2
1584,21.0044664,105.832805,2
1585,21.0043408,105.8327556,3
1586,21.0041933,105.8327028,2
1587,21.0040843,105.8326674,2
1588,21.0040138,105.8326513,2
1589,21.0038818,105.8326675,2
1590,21.0038048,105.8327369,2
1591,21.0043415,105.8328682,2
1592,21.0043666,105.8329745,2
1593,21.0043328,105.8330703,2
1594,21.0041568,105.8334051,3
1595,21.004271,105.8332276,2
1596,21.0042109,105.833333,2
1597,21.0064858,105.8356954,3
1598,21.0063448,105.83589,3
1599,21.0061424,105.8358189,2
1600,21.0059915,105.8358055,2
1601,21.0063108,105.8359745,1
1602,21.0066453,105.8365948,2
1603,21.0128161,105.8278904,2
1604,21.0114654,105.8270717,2
1605,21.011434,105.8270565,2
1606,20.9995841,105.8391955,2
1607,21.005863,105.830179,3
1608,21.0061683,105.8295455,1
1609,21.0079135,105.835288,2
1610,21.0074384,105.8346797,3
1611,21.0084771,105.8350355,3
1612,21.0089963,105.8356779,4
1613,21.0094913,105.8362935,3
1614,21.0069627,105.8380392,2
1615,21.0066102,105.8379922,4
1616,21.0061783,105.837937,4
1617,21.0059495,105.8378958,3
1618,21.0068952,105.8386933,2
1619,21.0067156,105.838679,3
1620,21.0067038,105.8387773,3
1621,21.0067862,105.8380157,3
1622,21.0066276,105.8394874,1
1623,21.0064253,105.8409925,2
1624,21.005342,105.8403679,2
1625,21.0053417,105.8405532,2
1626,21.0053094,105.8407724,2
1627,21.0049533,105.8407661,2
1628,21.004667,105.8407493,2
1629,21.0046352,105.8401301,3
1630,21.0048743,105.8401394,3
1631,21.0046496,105.8403834,2
1632,21.0048665,105.8407627,3
1633,21.0051404,105.8401542,3
1634,21.0051497,105.8407673,4
1635,21.0046587,105.8407068,2
1636,21.0048342,105.8391562,3
1637,21.0048418,105.8399532,1
1638,21.0046066,105.8392073,3
1639,21.0046392,105.8393681,2
1640,21.0046435,105.8399463,1
1641,21.0044924,105.8394973,1
1642,21.0044973,105.8401174,3
1643,21.004642,105.8397481,3
1644,21.0044893,105.8397523,3
1645,21.0046113,105.838397,3
1646,21.0047811,105.839169,3
1647,21.0055956,105.8376511,3
1648,21.0056983,105.8380579,2
1649,21.0054599,105.8381302,3
1650,21.0040917,105.8259714,3
1651,21.003757,105.826169,1
1652,21.0036332,105.8300936,4
1653,21.0120272,105.8326188,3
1654,21.0015298,105.8279056,1
1655,21.0013587,105.8278771,2
1656,21.0012272,105.8278544,3
1657,21.005812,105.8253359,2
1658,21.0060604,105.8247966,3
1659,21.0057066,105.82559,1
1660,21.0058067,105.8275839,2
1661,21.0057858,105.8275034,2
1662,21.0058114,105.8274062,1
1663,21.0041254,105.8224562,1
1664,21.0041638,105.8224263,2
1665,21.0006905,105.8308499,3
1666,21.0007557,105.830585,1
1667,21.0040958,105.8228493,3
1668,21.002102,105.8308371,1
1669,21.0119678,105.8291366,1
1670,21.011829,105.829043,3
1671,21.0114754,105.8288151,3
1672,21.0003102,105.8340039,1
1673,20.9995224,105.8337708,3
1674,21.0114415,105.82806,1
1675,21.0115654,105.8283055,2
1676,21.0114878,105.8281419,2
1677,21.0114561,105.8278879,2
1678,21.0116418,105.8284221,2
1679,21.0121897,105.8287519,1
1680,21.0043953,105.8336015,1
1681,20.9995685,105.8404485,2
1682,20.9991385,105.8404586,3
1683,20.9995829,105.8401903,2
1684,20.99959,105.8400572,2
1685,20.9995284,105.8404732,2
1686,21.0026204,105.834521,4
1687,21.0025574,105.8343418,1
1688,20.9990791,105.8390246,1
1689,20.9990724,105.8385583,2
1690,20.9988673,105.8385495,2
1691,20.998679,105.8385315,3
1692,21.0021896,105.8360538,3
1693,21.0021793,105.8366941,1
1694,21.0014127,105.8396998,1
1695,21.0016993,105.8397078,3
1696,21.0040213,105.8330602,1
1697,21.003919,105.8326588,3
1698,21.0071262,105.8380744,1
1699,21.0096442,105.8316061,3
1700,21.0089003,105.8319296,3
1701,21.0067491,105.8411402,3
1702,21.0104512,105.8340413,2
1703,21.0066289,105.8321464,2
1704,21.0067504,105.8320311,2
1705,21.0067649,105.8319964,3
1706,21.0106816,105.8322081,1
1707,21.0109715,105.8325571,3
1708,21.0112273,105.8357647,1
1709,21.0113343,105.8359242,3
1710,21.0103497,105.8344343,1
1711,21.0103022,105.8343512,2
1712,21.0102408,105.8342747,2
1713,21.0101945,105.8342077,2
1714,21.0101895,105.8341634,2
1715,21.0101657,105.8341433,2
1716,21.0101144,105.8341125,2
1717,21.0100555,105.8340481,2
1718,21.0077875,105.8332639,2
1719,21.0071586,105.8267696,3
1720,20.9995507,105.8404713,2
1721,20.9995833,105.8400871,2
1722,20.9996064,105.8400442,2
1723,20.9990812,105.8385864,2
1724,20.9990486,105.8385482,2
1725,21.0032419,105.8206948,2
1726,21.0036195,105.8340535,3
1727,21.0037484,105.8338889,3
1728,21.0036487,105.833703,2
1729,21.0037323,105.8336067,2
1730,21.0038319,105.8334793,2
1731,21.004035,105.8332685,3
1732,21.0038991,105.8340329,2
1733,21.0038252,105.834142,1
1734,21.00368,105.8328906,2
1735,21.0041616,105.8412974,2
1736,20.9991362,105.8402232,3
1737,20.9992639,105.8402304,2
1738,20.9992684,105.8402888,2
1739,20.9994339,105.8402984,1
1740,20.9992129,105.8404591,2
1741,21.0101622,105.8321487,2
1742,21.0104564,105.8324638,2
1743,21.0105214,105.83249,2
1744,21.0025028,105.8333928,2
1745,21.0029334,105.8349839,2
1746,21.0009231,105.8380733,3
1747,21.0011794,105.8380961,2
1748,21.0013277,105.8381236,1
1749,21.0008063,105.8380697,1
1750,21.010418,105.8335321,3
1751,21.0106622,105.8338338,1
1752,21.0075062,105.8267195,2
1753,21.0072376,105.8265905,3
1754,21.0072531,105.8265507,2
1755,21.0071152,105.8264859,1
1756,21.0071137,105.8261182,3
1757,21.0087416,105.825574,3
1758,21.0087068,105.8255563,4
1759,21.0085338,105.8254657,2
1760,21.0075095,105.8252947,3
1761,21.0082006,105.8256587,2
1762,21.007649,105.8253656,3
1763,21.0078099,105.8250139,3
1764,21.0078758,105.825046,2
1765,21.0079839,105.8248137,1
1766,21.008278,105.8260661,1
1767,21.0079801,105.8259072,2
1768,21.0080588,105.8251371,3
1769,21.0083584,105.8252879,1
1770,21.0106969,105.8306615,4
1771,21.0113408,105.8311111,4
1772,21.0124267,105.8324604,2
1773,21.0098649,105.8303255,4
1774,21.0088948,105.8245019,4
1775,21.0070851,105.8233972,2
1776,21.0071939,105.8234555,2
1777,21.0093127,105.8246639,2
1778,21.0093699,105.8248687,3
1779,21.0094274,105.8248446,2
1780,21.0095433,105.8248044,2
1781,21.009702,105.8247633,2
1782,21.0097699,105.8247933,3
1783,21.0035822,105.821734,2
1784,21.0124581,105.8355564,3
1785,21.0125153,105.8356217,4
1786,21.0072478,105.8410766,2
1787,21.0071763,105.8411515,2
1788,21.0071318,105.8411967,2
1789,21.0070819,105.8412254,2
1790,21.0070322,105.8412345,2
1791,21.0068562,105.84123,2
1792,21.0063778,105.8412155,2
1793,21.0059601,105.8412119,2
1794,21.0053487,105.8411919,3
1795,21.0047472,105.8411766,2
1796,21.0040433,105.8411702,2
1797,21.0035656,105.84116,2
1798,21.0028879,105.8411472,2
1799,21.0020684,105.8411306,2
1800,21.0015931,105.8411383,2
1801,21.0014396,105.8411329,2
1802,21.0013632,105.8411237,2
1803,21.0013191,105.8411224,2
1804,21.0010737,105.8411364,2
1805,21.0009927,105.8411441,2
1806,21.0008355,105.8411556,2
1807,21.0007021,105.8411569,2
1808,21.0004794,105.8411594,2
1809,21.0002149,105.8411505,2
1810,20.9999171,105.841139,2
1811,20.9997111,105.8411275,2
1812,20.999449,105.8411122,2
1813,20.999237,105.8411033,2
1814,20.9989976,105.8410956,2
1815,20.9986336,105.8410905,2
1816,20.9991451,105.8411003,4
1817,21.0000611,105.8411446,4
1818,21.001924,105.841133,4
1819,21.0003815,105.8411561,4
1820,21.0041914,105.8411726,4
1821,21.0044353,105.8411812,3
1822,21.0051708,105.8411848,4
1823,21.0063239,105.8412184,4
1824,21.001763,105.8411356,3
1825,20.9986086,105.8410886,3
1826,20.9985815,105.84108,2
1827,20.9985465,105.8410467,2
1828,20.9984586,105.8408681,3
1829,20.9983534,105.8407005,2
1830,20.9982588,105.8405596,2
1831,20.9982437,105.8405183,2
1832,20.9982425,105.8404605,2
1833,20.9983171,105.8401273,2
1834,20.99856,105.8410596,2
1835,20.9983327,105.8409244,2
1836,20.9981063,105.8409213,2
1837,21.0059892,105.8313613,3
1838,21.005895,105.8317111,2
1839,21.0057448,105.8322497,2
1840,21.0057448,105.8323066,2
1841,21.0057698,105.832416,2
1842,21.0058046,105.8325383,2
1843,21.0057658,105.8321743,4
1844,21.0057545,105.8323492,4
1845,21.006734,105.8320465,4
1846,21.0065849,105.8321769,2
1847,21.0060721,105.8323625,2
1848,21.00601,105.8323754,2
1849,21.0058434,105.8323519,3
1850,21.0059219,105.8323619,4
1851,21.0058465,105.8328076,4
1852,21.0058506,105.8328772,2
1853,21.0058456,105.8329501,2
1854,21.0058897,105.8342666,1
1855,21.0060359,105.8348845,2
1856,21.0060785,105.8350741,3
1857,21.0058302,105.8330928,3
1858,21.0062266,105.8352431,2
1859,21.0062607,105.8353124,2
1860,21.0063181,105.835388,2
1861,21.0063807,105.8354607,2
1862,21.0064086,105.8354887,2
1863,21.0064412,105.8354899,2
1864,21.0069777,105.8351685,2
1865,21.0065212,105.8355943,2
1866,21.0064421,105.8356665,2
1867,21.0064202,105.8356719,2
1868,21.0063882,105.8356656,2
1869,21.0063503,105.8356421,2
1870,21.006138,105.8353615,2
1871,21.0062976,105.835572,4
1872,21.006454,105.8356556,4
1873,21.0061566,105.8353862,3
1874,21.0062539,105.8352987,3
1875,21.0061912,105.8350519,3
1876,21.0060778,105.8351054,2
1877,21.0060672,105.8351464,2
1878,21.0060367,105.8351858,2
1879,21.0060066,105.8352144,3
1880,21.0059578,105.8352324,2
1881,21.0055119,105.8353611,2
1882,21.0047008,105.8356092,2
1883,21.0039005,105.8358474,2
1884,21.0035026,105.8359801,2
1885,21.0052036,105.8354556,4
1886,21.0047963,105.83558,4
1887,21.0044475,105.8356846,4
1888,21.0040662,105.8357981,4
1889,21.0037369,105.835902,4
1890,21.0061123,105.8353347,2
1891,21.0060752,105.8353272,2
1892,21.0060442,105.8353283,2
1893,21.0056635,105.8354526,2
1894,21.0052089,105.8355847,2
1895,21.0045077,105.8357832,2
1896,21.004024,105.8359141,2
1897,21.0035091,105.8360685,3
1898,21.0061409,105.8351476,2
1899,21.0057861,105.8354201,4
1900,21.0053272,105.8355485,4
1901,21.00499,105.8356488,4
1902,21.004663,105.8357392,4
1903,21.0042995,105.8358395,4
1904,21.006037,105.8353305,3
1905,21.0059819,105.8352253,2
1906,21.0053297,105.8354168,3
1907,21.0053578,105.8355392,3
1908,21.0034788,105.835976,2
1909,21.0034518,105.8359534,2
1910,21.0034392,105.8359119,2
1911,21.0033196,105.8354725,2
1912,21.0032194,105.8351117,2
1913,21.0030339,105.8344007,4
1914,21.0032361,105.835172,4
1915,21.0034845,105.8359769,3
1916,21.0034969,105.8360231,4
1917,21.0034913,105.8360842,2
1918,21.0034853,105.8361103,2
1919,21.0034835,105.836141,2
1920,21.0036759,105.8368644,2
1921,21.0037414,105.8371374,2
1922,21.0038914,105.8377168,2
1923,21.0039985,105.8381438,2
1924,21.0041187,105.8386083,2
1925,21.0042449,105.8392306,2
1926,21.004258,105.8393583,2
1927,21.004266,105.8400074,2
1928,21.004258,105.8403389,2
1929,21.0042509,105.8408689,2
1930,21.0042479,105.8411275,2
1931,21.0042554,105.8411557,2
1932,21.0042701,105.8411729,3
1933,21.0035767,105.8364768,4
1934,21.0036772,105.8368564,4
1935,21.0037197,105.8370328,4
1936,21.0038337,105.8374939,4
1937,21.0039119,105.8377985,4
1938,21.0040958,105.8385198,4
1939,21.0042505,105.8392854,4
1940,21.0042634,105.8401135,4
1941,21.0042481,105.8410694,4
1942,21.0042534,105.8411484,2
1943,21.0041508,105.8407848,2
1944,21.0041452,105.841111,2
1945,21.0041402,105.8411315,2
1946,21.0041282,105.8411565,2
1947,21.0041133,105.8411713,3
1948,21.0041551,105.8404115,2
1949,21.0041593,105.8401134,2
1950,21.0041491,105.8408847,4
1951,21.0041328,105.8411469,2
1952,21.0042615,105.840191,3
1953,21.0041583,105.8401891,3
1954,21.0041419,105.8393439,2
1955,21.004154,105.8396443,2
1956,21.0041049,105.8392955,3
1957,21.0041155,105.8395662,4
1958,21.0041192,105.8399456,2
1959,21.0041402,105.8400186,2
1960,21.0041585,105.8400424,4
1961,21.0040921,105.8390267,2
1962,21.0040305,105.8386989,2
1963,21.0039611,105.8383553,2
1964,21.0038435,105.837913,2
1965,21.0037869,105.8376983,2
1966,21.0036186,105.8370447,2
1967,21.0035202,105.8366832,2
1968,21.0033924,105.8361673,2
1969,21.0036829,105.8372793,4
1970,21.0039514,105.8383188,4
1971,21.0041344,105.8392957,4
1972,21.0041508,105.8395664,4
1973,21.0033786,105.8361268,3
1974,21.0033545,105.8360987,2
1975,21.0033333,105.8360881,1
1976,21.0034894,105.8360927,3
1977,21.0034298,105.836111,4
1978,21.0040122,105.8386084,3
1979,21.0041118,105.8385814,3
1980,21.0042038,105.839028,3
1981,21.0040959,105.8390508,3
1982,21.0117997,105.8317775,4
1983,21.012035,105.8320838,2
1984,21.012334,105.8324673,2
1985,21.0125091,105.8326919,2
1986,21.0127708,105.8330171,3
1987,21.0119486,105.831962,4
1988,21.0112816,105.831161,3
1989,21.0110824,105.830924,2
1990,21.011049,105.8308866,2
1991,21.0110036,105.8308523,2
1992,21.0109564,105.8308288,2
1993,21.0108975,105.8308361,2
1994,21.010824,105.8308576,2
1995,21.0100715,105.8311692,2
1996,21.0096975,105.831327,2
1997,21.0092846,105.8315007,2
1998,21.0088859,105.8316692,2
1999,21.0088211,105.8316978,2
2000,21.0087138,105.8317456,2
2001,21.0084076,105.8319941,2
2002,21.0077689,105.8325706,2
2003,21.0086947,105.8317019,2
2004,21.008229,105.8321495,2
2005,21.0076064,105.832729,2
2006,21.0076003,105.8327436,3
2007,21.007603,105.8327714,2
2008,21.0086283,105.8317991,2
2009,21.0109727,105.8307524,3
2010,21.0097261,105.8303301,2
2011,21.0096507,105.8303298,2
2012,21.0101792,105.8304811,2
2013,21.0102987,105.8305355,2
2014,21.010338,105.8310589,4
2015,21.0101143,105.8311515,4
2016,21.0098338,105.8312695,4
2017,21.0095607,105.8313846,4
2018,21.0088046,105.8317051,4
2019,21.0083832,105.8320154,4
2020,21.0077549,105.8325842,4
2021,21.0076721,105.8325419,2
2022,21.0075517,105.8326595,2
2023,21.0075142,105.8326635,2
2024,21.0079629,105.8322791,2
2025,21.0082393,105.8320313,2
2026,21.0084276,105.8318564,2
2027,21.0086139,105.8316901,2
2028,21.008672,105.8316558,2
2029,21.0087742,105.8316096,2
2030,21.0085513,105.83174,2
2031,21.009214,105.8314327,2
2032,21.0098155,105.8311852,2
2033,21.0104039,105.8309466,2
2034,21.0106778,105.8308343,3
2035,21.0107281,105.8308226,2
2036,21.0107437,105.8307998,2
2037,21.0107422,105.830761,2
2038,21.01073,105.8307351,2
2039,21.010691,105.8307144,3
2040,21.0105989,105.830694,2
2041,21.0104651,105.8306636,2
2042,21.0103666,105.8306371,2
2043,21.0102469,105.8305877,2
2044,21.009941,105.8304353,2
2045,21.0097994,105.8303609,1
2046,21.0105134,105.8309013,4
2047,21.0099897,105.8311146,4
2048,21.0090677,105.8314915,4
2049,21.0089007,105.8315587,4
2050,21.0085793,105.8317177,4
2051,21.0082958,105.8319789,4
2052,21.0080574,105.8321944,4
2053,21.0075404,105.8326719,2
2054,21.0075221,105.8326706,2
2055,21.007533,105.8326757,2
2056,21.0075987,105.8327575,2
2057,21.0075434,105.8326686,3
2058,21.009874,105.8302669,1
2059,21.0101225,105.8304035,2
2060,21.0102139,105.8304429,2
2061,21.0103761,105.8305104,2
2062,21.0104434,105.8305317,2
2063,21.0105638,105.8305689,2
2064,21.010641,105.8305909,2
2065,21.010699,105.8305962,2
2066,21.0108336,105.8306007,2
2067,21.010988,105.8306106,2
2068,21.0111247,105.830622,2
2069,21.0114356,105.8306546,2
2070,21.0114568,105.8306508,2
2071,21.0114894,105.8306371,2
2072,21.0115088,105.8306187,3
2073,21.0107042,105.8305963,3
2074,21.0098893,105.8302754,3
2075,21.0098378,105.8303811,3
2076,21.0128212,105.8325533,2
2077,21.0127868,105.8325301,2
2078,21.0125327,105.8325197,3
2079,21.012446,105.8326109,3
2080,21.0125,105.8325558,4
2081,21.0126039,105.8325861,4
2082,21.006939,105.8296986,3
2083,21.006366,105.8309184,2
2084,21.0063136,105.8310285,2
2085,21.0062977,105.8310848,2
2086,21.0062837,105.8311434,2
2087,21.0062845,105.8312201,2
2088,21.0063094,105.8312932,2
2089,21.0063426,105.831343,2
2090,21.0069113,105.8320502,2
2091,21.0072645,105.8325164,2
2092,21.0078188,105.8331924,3
2093,21.0009003,105.8287886,3
2094,21.0008172,105.8292411,2
2095,21.0008973,105.8292035,2
2096,21.0009965,105.8291778,2
2097,21.0009439,105.8291896,2
2098,21.0008572,105.8292196,2
2099,21.006131,105.8309299,2
2100,21.0060934,105.8309459,2
2101,21.0060462,105.8309441,2
2102,21.0060134,105.8309324,2
2103,21.0054769,105.8307258,2
2104,21.0053,105.8306726,2
2105,21.0051189,105.8306085,2
2106,21.0048747,105.8305255,2
2107,21.0044864,105.8303893,2
2108,21.0040038,105.8302143,2
2109,21.0035717,105.8300735,2
2110,21.0032508,105.8299824,2
2111,21.0031531,105.8299526,2
2112,21.0029401,105.8298678,2
2113,21.0026318,105.829737,2
2114,21.0025636,105.8297126,2
2115,21.0024962,105.8296937,2
2116,21.0020995,105.8295376,2
2117,21.0017601,105.8293888,2
2118,21.0015495,105.8292949,2
2119,21.0011258,105.8291154,2
2120,21.0010778,105.8290865,2
2121,21.0010475,105.8290468,2
2122,21.0009717,105.8288502,2
2123,21.0009683,105.8288159,2
2124,21.0009936,105.8287435,3
2125,21.0007672,105.8294327,3
2126,21.0007887,105.8293689,2
2127,21.000828,105.8293204,2
2128,21.0008995,105.829272,3
2129,21.0009662,105.8292528,2
2130,21.0010269,105.8292503,2
2131,21.0010865,105.8292656,2
2132,21.0021335,105.829716,2
2133,21.0023419,105.8297951,2
2134,21.0027957,105.8299635,2
2135,21.0032352,105.830123,2
2136,21.00367,105.8302608,2
2137,21.0038463,105.8303182,2
2138,21.0042298,105.8304445,2
2139,21.0048027,105.8306639,2
2140,21.0053335,105.8308407,2
2141,21.0054936,105.8309288,2
2142,21.0058518,105.8310635,2
2143,21.0058883,105.8310807,2
2144,21.00593,105.8311292,2
2145,21.0059651,105.8311917,2
2146,21.0059848,105.8312446,2
2147,21.0059949,105.8312938,2
2148,21.0059961,105.8313301,2
2149,21.0019048,105.8296162,4
2150,21.0029135,105.8300029,4
2151,21.003718,105.8302766,4
2152,21.0041072,105.8304041,4
2153,21.0044066,105.8305122,4
2154,21.0046671,105.830612,4
2155,21.0054067,105.8308872,4
2156,21.0061085,105.8314902,2
2157,21.0060331,105.8309394,3
2158,21.0059415,105.8311498,3
2159,21.0049634,105.8305557,3
2160,21.0049174,105.830704,3
2161,21.0040655,105.8303131,4
2162,21.0040855,105.8302439,3
2163,21.0040451,105.8303836,3
2164,21.0041804,105.8303531,4
2165,21.0041978,105.8302842,3
2166,21.0041629,105.8304225,3
2167,21.0036934,105.8301132,3
2168,21.0036574,105.8302568,3
2169,21.0031313,105.8299439,4
2170,21.0030956,105.8300723,3
2171,21.0020871,105.8295322,3
2172,21.0020401,105.8296739,3
2173,21.0009998,105.8289231,3
2174,21.0009167,105.8289678,2
2175,21.0009588,105.8289451,4
2176,21.0008523,105.8291643,2
2177,21.0008736,105.829213,4
2178,21.0019139,105.8259484,2
2179,21.0017626,105.8260558,2
2180,21.0013243,105.8278266,2
2181,21.0014035,105.8275794,2
2182,21.0014692,105.8273557,2
2183,21.0015568,105.8270291,2
2184,21.0016662,105.8266033,2
2185,21.0017286,105.8263651,2
2186,21.001796,105.8261668,2
2187,21.0018424,105.8260086,2
2188,21.0018924,105.8257942,2
2189,21.002083,105.8250249,2
2190,21.0023629,105.8239047,2
2191,21.0025976,105.8230192,2
2192,21.0012864,105.8274575,2
2193,21.0026698,105.8227112,4
2194,21.0025214,105.8233232,4
2195,21.0023542,105.8240016,4
2196,21.0020453,105.8251769,4
2197,21.0018808,105.8258442,4
2198,21.0018697,105.8258914,2
2199,21.0016887,105.8265176,2
2200,21.0013092,105.8278686,4
2201,21.0010673,105.8285392,4
2202,21.0005906,105.8299171,2
2203,21.0005356,105.8301006,4
2204,21.0003798,105.8306533,2
2205,21.0001058,105.831748,2
2206,20.999758,105.8330839,2
2207,20.9996556,105.8334756,2
2208,20.9996067,105.8336682,2
2209,20.9995603,105.8338583,2
2210,20.9995233,105.8340669,2
2211,20.9994943,105.8342363,2
2212,20.999403,105.8349198,2
2213,20.9993435,105.8353588,2
2214,20.9993347,105.8355118,4
2215,21.000354,105.8307565,4
2216,21.0000766,105.8318605,4
2217,20.9995779,105.8337862,4
2218,20.9994655,105.8344213,4
2219,20.9992687,105.8359619,4
2220,20.9992184,105.8364318,2
2221,20.9991839,105.8366219,2
2222,20.9991112,105.8369727,2
2223,20.9989969,105.8373976,2
2224,20.9989242,105.8376936,2
2225,20.9988311,105.8380572,2
2226,20.9988819,105.8378684,2
2227,20.9989017,105.8377865,4
2228,20.9985723,105.8390967,2
2229,20.9987625,105.8383218,4
2230,20.9987122,105.8385413,4
2231,20.9984466,105.8395569,2
2232,20.9984022,105.8397598,2
2233,20.9985424,105.8391884,4
2234,21.0124752,105.8323737,3
2235,21.0125905,105.832664,3
2236,21.0126861,105.8325853,2
2237,21.0127251,105.8325938,2
2238,21.0128002,105.8326593,2
2239,21.0129723,105.8328167,2
2240,21.0130146,105.8328567,2
2241,21.0131237,105.8329618,2
2242,21.0133421,105.8332105,2
2243,21.0135042,105.8333931,2
2244,21.0136867,105.8335956,2
2245,21.0138408,105.8337632,2
2246,21.013953,105.8338738,2
2247,21.0139879,105.8339103,2
2248,21.0139838,105.8341021,2
2249,21.0139542,105.8341588,2
2250,21.012706,105.8325861,2
2251,21.0126416,105.8326227,3
2252,21.0140008,105.8339567,2
2253,21.0084476,105.8363397,4
2254,21.0089646,105.8369704,4
2255,20.9995164,105.8341072,3
2256,20.9994554,105.8340964,4
2257,20.9994905,105.8335975,2
2258,21.0107648,105.8252306,2
2259,21.0102688,105.8250014,2
2260,21.009028,105.8243765,2
2261,21.0090109,105.8246396,2
2262,21.0089861,105.824726,2
2263,21.0089657,105.8249499,2
2264,21.008939,105.8251248,2
2265,21.0088936,105.8252396,2
2266,21.0087749,105.8257944,2
2267,21.0084053,105.82663,2
2268,21.0077918,105.827929,2
2269,21.0077819,105.8279598,2
2270,21.0077813,105.8279968,2
2271,21.0081256,105.8272151,3
2272,21.0079793,105.8271506,3
2273,21.0105635,105.8363181,3
2274,21.0103912,105.8364738,3
2275,21.0095825,105.8375938,2
2276,21.0105302,105.836703,2
2277,21.0105519,105.8366944,2
2278,21.0105715,105.8366946,2
2279,21.0095822,105.8376109,2
2280,21.0095845,105.8376273,3
2281,21.009753,105.837834,3
2282,21.0097691,105.8378442,2
2283,21.0097907,105.8378447,2
2284,21.0101009,105.8370929,2
2285,21.0090024,105.8369541,2
2286,21.0093179,105.8373372,2
2287,21.0094411,105.8374863,3
2288,21.0094631,105.8375035,2
2289,21.0094861,105.837497,2
2290,21.0095472,105.8374434,2
2291,21.0100089,105.8370078,2
2292,21.0103174,105.8367047,3
2293,21.0103836,105.8366262,2
2294,21.0103887,105.8365942,2
2295,21.0103933,105.8364904,2
2296,21.0101814,105.8368377,4
2297,21.0098845,105.8371252,4
2298,21.0096053,105.8373886,4
2299,21.0104106,105.8368109,3
2300,21.0095901,105.8375766,3
2301,21.0095019,105.8374831,3
2302,21.0088063,105.8367138,2
2303,21.0084741,105.8363042,2
2304,21.0080315,105.8357534,2
2305,21.0077914,105.8354765,2
2306,21.0074961,105.8351199,2
2307,21.0073296,105.8349197,2
2308,21.0073211,105.8348931,2
2309,21.0073208,105.8348597,3
2310,21.0077747,105.8354563,4
2311,21.0078184,105.8355079,4
2312,21.0084066,105.8362201,4
2313,21.0089724,105.8369174,4
2314,21.0072279,105.8349451,3
2315,21.0072468,105.8349457,2
2316,21.0072595,105.8349511,2
2317,21.0072717,105.8349647,2
2318,21.0078057,105.8356024,2
2319,21.0080205,105.8358722,2
2320,21.0084121,105.8363575,2
2321,21.0088501,105.8368916,2
2322,21.0090017,105.8370757,2
2323,21.0093765,105.8375304,2
2324,21.0078223,105.8356232,4
2325,21.0073254,105.8348463,2
2326,21.0072131,105.8349487,2
2327,21.0084786,105.8363097,3
2328,21.0084196,105.8363667,3
2329,21.0089927,105.8369423,3
2330,21.0089374,105.8369976,3
2331,21.0093885,105.8375454,2
2332,21.0093905,105.837562,2
2333,21.009385,105.8375776,2
2334,21.0093778,105.8375996,3
2335,21.0091098,105.8378633,2
2336,21.008768,105.8381827,2
2337,21.0085805,105.838374,2
2338,21.0082791,105.8386136,4
2339,21.0080534,105.8388436,2
2340,21.0079504,105.8390048,2
2341,21.0078831,105.8394989,2
2342,21.0078526,105.8395554,2
2343,21.0078302,105.8396795,2
2344,21.0077878,105.8400075,2
2345,21.0077763,105.8400969,3
2346,21.0078958,105.8396712,2
2347,21.0079616,105.8389402,4
2348,21.0086152,105.8383037,4
2349,21.009383,105.8375386,3
2350,21.0094168,105.8375082,4
2351,21.0096751,105.8379342,2
2352,21.0096858,105.837915,2
2353,21.0096822,105.8378774,2
2354,21.0095024,105.8376777,2
2355,21.0094875,105.8376668,2
2356,21.009469,105.8376694,2
2357,21.0094172,105.8377147,2
2358,21.0096877,105.8378946,3
2359,21.0097216,105.8378631,4
2360,21.0095131,105.8376896,3
2361,21.0094482,105.8376876,3
2362,21.0091113,105.8380046,2
2363,21.0087519,105.8383254,2
2364,21.0089595,105.8385782,2
2365,21.0089401,105.8385758,2
2366,21.0089235,105.8385605,3
2367,21.0087502,105.8383608,3
2368,21.0087472,105.8383462,2
2369,21.0088565,105.8386847,2
2370,21.0088797,105.8386573,2
2371,21.008879,105.8386361,2
2372,21.0088733,105.8386178,2
2373,21.0086934,105.8384145,3
2374,21.0086768,105.8384054,2
2375,21.008663,105.8384047,2
2376,21.0083875,105.8386679,2
2377,21.0081184,105.8389554,2
2378,21.0080508,105.8391353,2
2379,21.0080379,105.839156,2
2380,21.0080258,105.8391977,3
2381,21.0080131,105.8392501,2
2382,21.007943,105.8397712,2
2383,21.0088661,105.8386096,3
2384,21.0087105,105.8383959,4
2385,21.0081174,105.8389903,2
2386,21.0081258,105.8390174,2
2387,21.0083322,105.8391653,3
2388,21.0083524,105.8391708,2
2389,21.008372,105.8391665,2
2390,21.0083296,105.8392319,2
2391,21.0083199,105.8392148,2
2392,21.0081426,105.8390988,3
2393,21.0081203,105.8390961,2
2394,21.0080816,105.8391088,2
2395,21.0080643,105.8391169,2
2396,21.0081001,105.8391011,2
2397,21.0105448,105.8342137,1
2398,21.0090895,105.8298063,2
2399,21.0110827,105.8368415,3
2400,21.0108628,105.8369818,2
2401,21.0045843,105.8259782,2
2402,21.0045135,105.8261308,3
2403,21.0042017,105.8259671,2
2404,21.0041855,105.8260078,2
2405,21.0041805,105.8260438,2
2406,21.0041861,105.8260691,1
2407,21.010618,105.8252264,2
2408,21.0106313,105.8252256,2
2409,21.0106479,105.825231,2
2410,21.0107874,105.8253044,2
2411,21.0110493,105.8254663,2
2412,21.0112908,105.8256264,2
2413,21.0116314,105.8258525,2
2414,21.0117469,105.8259276,2
2415,21.0119983,105.8260869,2
2416,21.0122348,105.826234,2
2417,21.0124232,105.8263478,2
2418,21.0126208,105.8264707,2
2419,21.0128772,105.8266217,2
2420,21.0131923,105.8268137,2
2421,21.0133616,105.826913,2
2422,21.0133757,105.8269282,2
2423,21.0133779,105.8269487,2
2424,21.0133729,105.8269752,1
2425,21.0133471,105.8269045,3
2426,21.0108606,105.8253496,4
2427,21.0110096,105.8254418,4
2428,21.0113235,105.8256481,4
2429,21.0124777,105.8263824,4
2430,21.0126876,105.8265101,4
2431,21.0128179,105.8265868,4
2432,21.0130488,105.8267263,4
2433,21.0107026,105.8309079,3
2434,21.0106903,105.8308714,4
2435,21.0082432,105.8321372,3
2436,21.0081941,105.8320718,3
2437,21.0089878,105.8308969,1
2438,21.0088724,105.8309427,2
2439,21.0088479,105.8309653,2
2440,21.0088083,105.8310124,3
2441,20.9984455,105.8410873,2
2442,20.9981542,105.8410873,2
2443,20.9985001,105.8410878,4
2444,21.0020498,105.8275105,2
2445,21.002105,105.8275303,2
2446,21.0021988,105.8275398,2
2447,21.0024135,105.8275769,1
2448,21.0059056,105.8336478,2
2449,21.005907,105.8337903,2
2450,21.0015136,105.8271902,3
2451,21.010101,105.8349681,3
2452,21.0102902,105.8351989,2
2453,21.0099249,105.8351341,3
2454,21.0103966,105.8356802,3
2455,21.0089849,105.824469,2
2456,21.0054749,105.8227505,2
2457,21.0104496,105.8313746,2
2458,21.0080686,105.831758,2
2459,21.0080936,105.8317254,3
2460,21.0082158,105.8315998,1
2461,21.0067224,105.8366571,2
2462,21.0066904,105.8366149,2
2463,21.0008221,105.8375687,3
2464,21.0001463,105.8315863,3
2465,21.0000884,105.8315687,4
2466,20.9993491,105.8346866,2
2467,20.999329,105.834818,2
2468,20.9998365,105.8325183,2
2469,21.0031408,105.8210323,2
2470,21.007879,105.8333343,3
2471,21.0056692,105.8228262,2
2472,21.004223,105.8334868,2
2473,21.0042719,105.8335389,1
2474,20.9978418,105.8411346,2
2475,21.0052689,105.836354,2
2476,21.0053584,105.8364547,2
2477,21.0094081,105.8299118,2
2478,21.0089065,105.8297661,2
2479,21.0039688,105.8227822,3
2480,21.0040543,105.8226089,1
2481,21.0033855,105.8221266,2
2482,21.0040149,105.8229927,2
2483,21.0029391,105.8221761,2
2484,21.0030102,105.8222099,3
2485,21.0030815,105.8220118,1
2486,21.0036434,105.8222912,1
2487,21.0033464,105.8222201,2
2488,21.0027527,105.8220838,4
2489,21.0027129,105.8220683,4
2490,21.0016971,105.8382994,2
2491,21.0020635,105.8381048,2
2492,21.002029,105.8380661,2
2493,21.0020092,105.837664,2
2494,21.0020952,105.8374893,2
2495,21.0023233,105.8371267,1
2496,21.0035108,105.8258087,2
2497,21.0091565,105.8243959,2
2498,21.0050873,105.836401,1
2499,21.0084971,105.8284741,2
2500,21.0085265,105.8284074,2
2501,21.0084995,105.828394,3
2502,21.0082579,105.8289069,3
2503,21.0082516,105.8290275,2
2504,21.0081798,105.8292268,1
2505,21.0082319,105.8290888,2
2506,21.0084704,105.8284618,4
2507,21.0082941,105.8289272,2
2508,21.0019102,105.8262015,3
2509,21.0017167,105.8261838,3
2510,21.001788,105.8261903,4
2511,21.0019207,105.8258514,3
2512,21.0021236,105.8381349,2
2513,21.002136,105.8382009,3
2514,21.0126495,105.832467,2
2515,21.0047797,105.8284907,2
2516,21.0047069,105.8286036,2
2517,21.0046912,105.8286143,2
2518,21.0046789,105.8286501,2
2519,21.0046694,105.8286773,2
2520,21.0046644,105.8286921,2
2521,21.0046513,105.8286983,2
2522,21.0046367,105.8286929,2
2523,21.0045113,105.8286385,3
2524,21.0046581,105.8286967,2
2525,21.0046991,105.8286067,2
2526,21.0047227,105.8286005,2
2527,21.0052368,105.8287399,2
2528,21.0052875,105.8287671,1
2529,21.0078656,105.8331555,2
2530,21.0069215,105.8318575,2
2531,21.0069906,105.8319376,2
2532,21.0070168,105.8319581,2
2533,21.007046,105.8319852,2
2534,21.0064491,105.8312208,2
2535,21.0063919,105.8305939,2
2536,21.0063275,105.830825,2
2537,21.0069909,105.8297287,2
2538,21.00634,105.8309707,2
2539,21.0063522,105.8307843,3
2540,21.0064788,105.8308437,3
2541,21.0063899,105.831516,2
2542,21.0064356,105.8315728,2
2543,21.0064526,105.8308977,2
2544,21.0064165,105.830667,2
2545,21.0062842,105.8311872,2
2546,21.0042169,105.827375,1
2547,21.0041523,105.8275962,1
2548,21.0036389,105.8273757,2
2549,21.0037314,105.8273524,1
2550,21.0038413,105.8274541,3
2551,21.003817,105.8273251,2
2552,21.0039643,105.8272917,2
2553,21.0040002,105.8275308,3
2554,21.0040208,105.8276201,1
2555,21.0034551,105.8278496,1
2556,21.003587,105.8273638,2
2557,21.0035629,105.827249,2
2558,21.0035529,105.8271353,2
2559,21.0035489,105.8270012,2
2560,21.0037692,105.8269615,2
2561,21.0038373,105.8269347,2
2562,21.0038744,105.8271149,1
2563,21.0020461,105.834724,1
2564,21.0002929,105.8408843,3
2565,21.0003051,105.840664,1
2566,21.0004453,105.8406774,1
2567,21.000435,105.840968,3
2568,20.9999818,105.8412693,2
2569,21.0027171,105.8404853,2
2570,21.002687,105.8405095,2
2571,21.0024541,105.8405068,2
2572,21.0023965,105.8405175,2
2573,21.002354,105.8405497,2
2574,21.0023064,105.8405685,2
2575,21.002076,105.8405739,2
2576,21.002054,105.8392388,3
2577,21.0024325,105.8391228,3
2578,21.0021361,105.8391228,2
2579,21.0020936,105.8391416,2
2580,21.002066,105.8391711,2
2581,21.0009567,105.8383551,3
2582,21.000973,105.8388559,2
2583,21.0009905,105.8390302,3
2584,21.0009561,105.8384201,3
2585,21.0007739,105.8384173,3
2586,21.0008316,105.8384182,3
2587,21.000814,105.838986,2
2588,21.0008215,105.8390101,2
2589,21.0008516,105.8390235,2
2590,21.0008215,105.8387429,4
2591,21.0009683,105.83883,3
2592,21.0013646,105.8388331,3
2593,21.0009943,105.8391308,2
2594,21.0010143,105.839163,2
2595,21.0010444,105.8391791,2
2596,21.001107,105.8391979,3
2597,21.001127,105.8392408,2
2598,21.0011345,105.8395895,1
2599,21.0011621,105.8388315,3
2600,21.001152,105.8391147,2
2601,21.0012797,105.8388324,3
2602,21.0012774,105.8395692,2
2603,21.0009275,105.8400994,2
2604,21.0010226,105.8401051,2
2605,21.0011388,105.8400655,2
2606,21.001284,105.8400146,2
2607,21.0013104,105.8399863,2
2608,21.0013315,105.8399495,2
2609,21.0013289,105.8396384,2
2610,21.0013091,105.839592,2
2611,21.000814,105.8404134,2
2612,21.0006978,105.8404105,2
2613,21.0006529,105.8404332,2
2614,20.9996456,105.8335151,4
2615,21.0060986,105.8397447,2
2616,21.0025939,105.8344734,2
2617,21.0025836,105.8350287,1
2618,21.0023218,105.8346453,2
2619,21.0022656,105.8341434,2
2620,21.002251,105.8340814,3
2621,21.0022915,105.8342534,3
2622,21.0023581,105.8346133,2
2623,21.002341,105.8346325,2
2624,21.0022028,105.8347015,3
2625,21.0022623,105.8352039,1
2626,21.0022481,105.8350692,3
2627,21.0023555,105.834861,1
2628,21.0022466,105.8345876,2
2629,21.0022077,105.8345768,2
2630,21.0021823,105.8345579,2
2631,21.0018044,105.8346399,1
2632,21.0023069,105.8343154,2
2633,21.0022502,105.8340442,2
2634,21.0022079,105.8342748,1
2635,21.0021961,105.8340906,2
2636,21.0021615,105.8341014,2
2637,21.0021112,105.8341188,1
2638,21.0021576,105.8339937,1
2639,21.0022655,105.8338148,1
2640,21.0023221,105.8340012,3
2641,21.0024863,105.8339829,2
2642,21.002516,105.8339891,2
2643,21.0025721,105.8339747,2
2644,21.0026444,105.8339546,3
2645,21.0023042,105.833629,1
2646,21.0023874,105.8336617,3
2647,21.0023412,105.8333185,3
2648,21.0005043,105.8375937,3
2649,21.0004167,105.8382431,1
2650,21.0102927,105.8298856,3
2651,21.0063998,105.8306978,3
2652,21.0061385,105.830573,1
2653,21.0063425,105.8306677,4
2654,21.0037779,105.8302201,3
2655,21.0039285,105.8295295,1
2656,21.0037941,105.830146,4
2657,21.003907,105.8302618,3
2658,21.0040665,105.829565,1
2659,21.0039238,105.8301883,4
2660,21.0043876,105.8264883,2
2661,21.0045292,105.82656,2
2662,21.0046283,105.8263476,2
2663,21.0046579,105.8262677,2
2664,21.0046862,105.8261215,2
2665,21.0045593,105.8260322,3
2666,21.0044302,105.8265099,3
2667,21.0043811,105.8266055,2
2668,21.0043024,105.8266772,3
2669,21.0105952,105.8346174,2
2670,21.0105864,105.8345222,2
2671,21.0107179,105.8344568,2
2672,21.0085398,105.8260207,2
2673,21.0075802,105.8255276,1
2674,21.0080574,105.8257768,2
2675,21.0083589,105.8259371,3
2676,21.0085341,105.8260333,3
2677,21.0084974,105.8260132,4
2678,21.0082836,105.8264811,4
2679,21.0028139,105.8392533,2
2680,21.0077973,105.8402977,3
2681,21.0070338,105.8408261,1
2682,21.0122625,105.8321817,2
2683,21.0089739,105.8385727,2
2684,21.0066585,105.8232412,2
2685,21.0068014,105.8232815,2
2686,21.0089072,105.8249749,2
2687,21.007629,105.8242244,4
2688,21.0081796,105.8244995,1
2689,21.0063872,105.8235877,1
2690,21.0076572,105.8241692,2
2691,21.0075644,105.8243712,3
2692,21.0071048,105.82444,2
2693,21.0077689,105.8247791,2
2694,21.0079519,105.8243857,3
2695,21.0072826,105.8240513,3
2696,21.00748,105.8244061,3
2697,21.0071894,105.8242551,3
2698,21.0078523,105.8245999,3
2699,21.0075983,105.8244627,2
2700,21.0074355,105.8246091,3
2701,21.0074213,105.824639,2
2702,21.0073548,105.8247869,2
2703,21.0117004,105.8322017,2
2704,21.0116988,105.832227,2
2705,21.0076478,105.8410974,2
2706,21.0075664,105.8410936,2
2707,21.0115611,105.8365327,3
2708,21.0114916,105.8363357,2
2709,21.01144,105.8363944,2
2710,21.0111604,105.8363305,2
2711,21.0113096,105.8364498,2
2712,21.0106373,105.8355503,2
2713,21.011548,105.8360666,1
2714,21.0116017,105.8361452,2
2715,21.01165,105.8362036,2
2716,21.0117753,105.8363376,3
2717,21.0089807,105.8321369,2
2718,21.0089971,105.8322464,2
2719,21.0088666,105.8357972,3
2720,21.0093602,105.8364046,3
2721,21.0044452,105.8410062,2
2722,21.0043695,105.8410674,2
2723,21.005523,105.8229195,3
2724,21.0058614,105.8231039,2
2725,21.0059169,105.8233402,2
2726,21.0044116,105.8220448,2
2727,21.0091559,105.8329448,2
2728,21.0140632,105.8340569,3
2729,21.0139747,105.8341304,2
2730,21.0139967,105.8339284,2
2731,21.0140474,105.8338904,3
2732,21.0139899,105.8340503,3
2733,21.0140255,105.8340535,4
2734,21.0083077,105.8392068,3
2735,21.0081713,105.83905,3
2736,21.0083204,105.8391853,4
2737,21.0081551,105.8390776,4
2738,21.0081427,105.8393559,3
2739,21.0081637,105.8393584,2
2740,21.0081843,105.8393532,2
2741,21.0082021,105.839341,2
2742,21.0081811,105.8392293,3
2743,21.0081616,105.8392254,2
2744,21.008142,105.8392282,2
2745,21.0081242,105.8392376,2
2746,21.008215,105.839323,2
2747,21.0082216,105.8393014,2
2748,21.008221,105.8392788,2
2749,21.0082133,105.8392576,2
2750,21.0081995,105.8392405,2
2751,21.00811,105.8392524,2
2752,21.0081009,105.8392713,2
2753,21.0080979,105.8392923,2
2754,21.0081012,105.8393133,2
2755,21.0081105,105.8393321,2
2756,21.0081248,105.8393468,2
2757,21.0082279,105.8391546,3
2758,21.008209,105.8393314,3
2759,21.0082571,105.8393614,3
2760,21.0080165,105.83975,3
2761,21.008107,105.8392588,3
2762,21.0089986,105.8383332,3
2763,21.0090188,105.8383504,2
2764,21.0090431,105.8383595,2
2765,21.0090689,105.8383595,2
2766,21.0090933,105.8383504,2
2767,21.0091196,105.8382306,2
2768,21.0091021,105.8382112,2
2769,21.0090797,105.8381989,2
2770,21.0090548,105.838195,2
2771,21.0090301,105.8381998,2
2772,21.0091135,105.8383333,2
2773,21.0091273,105.83831,2
2774,21.0091332,105.8382831,2
2775,21.0091306,105.8382556,2
2776,21.0090081,105.8382128,2
2777,21.0089911,105.8382328,2
2778,21.0089811,105.8382575,2
2779,21.008979,105.8382843,2
2780,21.008985,105.8383105,2
2781,21.0088499,105.8384757,3
2782,21.0091114,105.8382215,3
2783,21.0092521,105.8380861,1
2784,21.0091069,105.8383389,3
2785,21.0091529,105.8383984,3
2786,21.0089995,105.8382229,3
2787,21.008944,105.8381539,3
2788,21.0138004,105.8336246,3
2789,21.0077032,105.8404297,2
2790,21.0076764,105.8405241,2
2791,21.0076907,105.8404788,2
2792,21.0108053,105.8346353,1
2793,21.0032554,105.8293314,1
2794,21.0033859,105.8300208,2
2795,21.003504,105.8294627,1
2796,20.9987546,105.8385492,2
2797,21.0118017,105.8281014,2
2798,21.0070065,105.829791,2
2799,21.0066432,105.831492,2
2800,21.0067349,105.8302978,2
2801,21.0067417,105.8308296,1
2802,21.0068806,105.8309039,2
2803,21.0067927,105.8311065,2
2804,21.0066678,105.8310413,2
2805,21.0065036,105.8309556,2
2806,21.0064405,105.8309227,3
2807,21.0067133,105.831065,3
2808,21.0066391,105.831237,2
2809,21.0064689,105.8313711,3
2810,21.0065428,105.8313128,2
2811,21.0064885,105.8309478,4
2812,21.0065246,105.8313272,4
2813,21.0019251,105.8297967,2
2814,21.0019697,105.8295496,3
2815,21.0026671,105.8313503,2
2816,21.0026821,105.8313878,2
2817,21.0027272,105.8314093,2
2818,21.0029701,105.8314468,1
2819,21.0027085,105.8310984,3
2820,21.003253,105.8311867,1
2821,21.0026833,105.8312517,3
2822,21.0031103,105.8313154,1
2823,21.0006026,105.8301305,2
2824,21.0015504,105.8307921,2
2825,21.0003868,105.8307658,2
2826,21.0004908,105.8326362,1
2827,20.9996975,105.83353,2
2828,21.0004121,105.8309625,2
2829,21.0002561,105.8315825,2
2830,21.0003894,105.8310529,3
2831,21.0004288,105.8313809,2
2832,21.0003669,105.8316183,3
2833,21.0002851,105.8319222,3
2834,21.0002528,105.8309178,3
2835,21.0003694,105.8309505,2
2836,21.0003096,105.8309337,4
2837,21.0002958,105.8318825,2
2838,21.0031637,105.8203673,2
2839,21.0032545,105.8205392,2
2840,21.0032054,105.8206422,2
2841,21.003329,105.8207106,2
2842,21.0031716,105.8209225,2
2843,21.0029502,105.8212484,3
2844,21.0035553,105.8210059,3
2845,21.0054084,105.8227257,2
2846,21.011569,105.8286494,3
2847,21.0062064,105.8290067,1
2848,21.0070551,105.8293063,3
2849,21.0052728,105.8256288,2
2850,21.0090368,105.8251194,2
2851,21.0089556,105.8254224,2
2852,21.0014507,105.8317117,1
2853,21.0058303,105.8359588,2
2854,21.0029924,105.8343036,3
2855,21.0029605,105.8342351,2
2856,21.0028355,105.8339938,1
2857,21.0031116,105.8342211,2
2858,21.0030665,105.8340452,2
2859,21.0029823,105.8339035,2
2860,21.0028805,105.8338304,1
2861,21.0025447,105.8327832,3
2862,21.0025675,105.8328171,2
2863,21.0026451,105.8329388,2
2864,21.0019139,105.8324505,2
2865,21.0018603,105.8331422,2
2866,21.0019529,105.8324167,2
2867,21.0020165,105.8324302,3
2868,21.0017486,105.8334671,2
2869,21.0016128,105.8337509,2
2870,21.0013798,105.8340914,2
2871,21.0008464,105.8341324,1
2872,21.0051374,105.8299846,2
2873,21.0055416,105.8293531,1
2874,21.0059659,105.8295757,2
2875,21.0060182,105.8294605,1
2876,21.0051669,105.8298864,1
2877,21.0056168,105.8244775,2
2878,21.0065918,105.8331412,2
2879,21.0064625,105.834456,2
2880,21.0063511,105.8336048,2
2881,21.0063299,105.8337184,2
2882,21.0067737,105.8347919,2
2883,21.0066524,105.8331479,2
2884,21.0066662,105.8342032,3
2885,21.0063346,105.8329944,2
2886,21.0064692,105.8343956,2
2887,21.0066868,105.8331603,2
2888,21.0062682,105.8330926,2
2889,21.0063929,105.8327292,1
2890,21.0064614,105.8330406,2
2891,21.0084432,105.8281463,2
2892,21.008658,105.8282632,2
2893,21.0087222,105.8282166,2
2894,21.0087823,105.8280859,2
2895,21.0110523,105.8277727,3
2896,21.0110921,105.8278645,2
2897,21.0110491,105.827978,2
2898,21.0110033,105.8280973,2
2899,21.0109312,105.8282369,2
2900,21.0108453,105.8283965,2
2901,21.0107288,105.8285578,2
2902,21.010641,105.8287246,1
2903,21.0089269,105.8278164,2
2904,21.0100123,105.8278109,2
2905,21.0088089,105.8280363,2
2906,21.0083098,105.8281484,2
2907,21.0089993,105.8274709,2
2908,21.0089231,105.8273798,2
2909,21.0116114,105.8285744,3
2910,21.0114389,105.8285737,2
2911,21.0113597,105.8284942,2
2912,21.0112344,105.8282023,1
2913,21.0113994,105.8289661,3
2914,21.0112362,105.828966,2
2915,21.0111165,105.8288416,2
2916,21.011028,105.8286363,2
2917,21.0110046,105.8285742,1
2918,21.0109901,105.8302793,2
2919,21.0004014,105.8379176,2
2920,21.0005009,105.8378683,2
2921,21.0017866,105.8371214,2
2922,21.0018267,105.8366655,2
2923,21.001783,105.8372426,2
2924,21.0019639,105.8372684,2
2925,21.0014556,105.8375453,2
2926,21.0023888,105.8350499,2
2927,21.0025248,105.8347035,2
2928,21.0026577,105.8346685,2
2929,21.0008397,105.8360168,3
2930,21.0007349,105.8359836,2
2931,21.0007314,105.8358683,2
2932,21.000531,105.8358445,2
2933,21.0002724,105.8358635,2
2934,21.0001428,105.8359045,3
2935,21.0000683,105.8357745,1
2936,21.0010817,105.8362555,3
2937,21.0010887,105.8365205,1
2938,21.0006936,105.8358406,3
2939,21.0006859,105.8356492,1
2940,20.999599,105.8363542,2
2941,21.0001037,105.8360267,2
2942,21.0005127,105.8359739,2
2943,21.0001396,105.8359681,2
2944,21.0018813,105.8341031,3
2945,21.0019235,105.8341477,2
2946,21.0019683,105.8343293,2
2947,21.0020676,105.8344204,1
2948,21.0010809,105.8356448,2
2949,21.0010526,105.835589,2
2950,21.0009254,105.8355943,1
2951,21.0012232,105.8356345,3
2952,21.0011855,105.8353641,1
2953,21.0008828,105.8362513,2
2954,20.999686,105.8358922,1
2955,21.0036989,105.8218816,3
2956,21.0033272,105.8216174,2
2957,21.0033565,105.8300836,3
2958,21.0033724,105.830017,4
2959,21.0040427,105.8284043,3
2960,21.0040158,105.8286785,1
2961,21.0038139,105.8281698,3
2962,21.0041615,105.8281622,1
2963,21.0037383,105.8281266,2
2964,21.0037659,105.8281577,2
2965,21.0091527,105.8249539,2
2966,21.0094771,105.8249681,1
2967,21.0095638,105.8247976,4
2968,21.0095996,105.8247219,3
2969,21.0093491,105.8247896,4
2970,21.0016201,105.8356983,2
2971,21.0025013,105.8240937,2
2972,21.0043378,105.8267953,2
2973,21.008954,105.8250361,2
2974,21.0089408,105.8243268,3
2975,21.0089724,105.8243063,2
2976,21.0101329,105.8262413,3
2977,21.0092885,105.826455,2
2978,21.0092514,105.8264009,2
2979,21.009265,105.8264327,2
2980,21.0098565,105.8258769,2
2981,21.0098296,105.8259403,2
2982,21.0087386,105.8283188,2
2983,21.0093336,105.8280222,2
2984,21.0083523,105.8281183,2
2985,21.0105405,105.8252332,2
2986,21.0099854,105.8251409,4
2987,21.0100003,105.825095,2
2988,21.0100009,105.8250459,2
2989,21.0099873,105.8249991,2
2990,21.0099607,105.8249592,2
2991,21.0099238,105.82493,2
2992,21.0098803,105.8249147,2
2993,21.0098346,105.8249146,2
2994,21.009791,105.8249297,2
2995,21.0097273,105.8249982,4
2996,21.0097128,105.8250498,2
2997,21.0097155,105.8251035,2
2998,21.009735,105.8251529,2
2999,21.0097691,105.8251923,2
3000,21.0098136,105.825217,2
3001,21.0098633,105.825224,2
3002,21.0099123,105.8252124,2
3003,21.0099547,105.8251838,2
3004,21.009754,105.8249586,2
3005,21.0099501,105.8248412,3
3006,21.0097281,105.8253456,3
3007,21.0099261,105.8248957,2
3008,21.0099127,105.8249261,4
3009,21.0097718,105.8252461,2
3010,21.0097904,105.8252041,4
3011,21.0098972,105.8249599,3
3012,21.0097599,105.8250162,3
3013,21.0098056,105.8251694,3
3014,21.0099458,105.8251188,3
3015,21.0096751,105.8249694,3
3016,21.0100484,105.8251737,4
3017,21.0100051,105.8251509,2
3018,21.0100243,105.825161,2
3019,21.0106038,105.8252421,2
3020,21.0100698,105.8251849,2
3021,21.010325,105.8253558,2
3022,21.0103435,105.8253253,4
3023,21.0103572,105.8252777,2
3024,21.0103545,105.8252345,2
3025,21.0103391,105.8251945,2
3026,21.0103127,105.8251618,2
3027,21.0102779,105.8251397,2
3028,21.0101322,105.8251832,2
3029,21.0101125,105.8252235,2
3030,21.0101064,105.8252686,2
3031,21.0101146,105.8253132,2
3032,21.0101363,105.8253524,2
3033,21.0101689,105.8253816,2
3034,21.0102087,105.8253975,2
3035,21.0102384,105.8251306,2
3036,21.0101983,105.8251354,2
3037,21.0101616,105.8251535,2
3038,21.0102512,105.8253982,2
3039,21.0102915,105.8253838,2
3040,21.0102837,105.8251434,3
3041,21.0101225,105.8255063,2
3042,21.0103369,105.8256203,1
3043,21.0099377,105.8254081,3
3044,21.0102816,105.8250834,2
3045,21.0105142,105.8251996,2
3046,21.0105218,105.8252063,2
3047,21.0105235,105.825216,2
3048,21.0105172,105.8252338,2
3049,21.0103791,105.8255567,2
3050,21.0101527,105.8254382,3
3051,21.0100125,105.8253628,2
3052,21.0100065,105.8253532,2
3053,21.0100078,105.82534,2
3054,21.0101561,105.8250226,1
3055,21.010091,105.8249868,1
3056,21.0099313,105.8253324,1
3057,21.0100132,105.8251552,4
3058,21.0104534,105.8253828,3
3059,21.0102629,105.8250875,2
3060,21.0102429,105.8251316,3
3061,21.0103065,105.8253059,3
3062,21.0102651,105.8251854,3
3063,21.0101554,105.8252286,3
3064,21.0101922,105.8253495,3
3065,21.0101191,105.8252101,4
3066,21.0101766,105.8253846,4
3067,21.0100783,105.8251892,4
3068,21.0096979,105.824982,2
3069,21.0103197,105.8255256,3
3070,21.0103946,105.825352,4
3071,21.0103999,105.8253379,2
3072,21.0104007,105.825292,2
3073,21.0104528,105.8251689,3
3074,21.0104282,105.825227,3
3075,21.0103557,105.8252539,3
3076,21.0097218,105.8247669,2
3077,21.0103044,105.8250947,3
3078,21.0105955,105.8252597,2
3079,21.0105207,105.8252237,3
3080,21.010572,105.825249,4
3081,21.0065542,105.8365318,2
3082,21.0116968,105.8356255,2
3083,21.0120502,105.8354852,2
3084,21.011942,105.8346454,2
3085,21.0121396,105.8342336,2
3086,21.0101229,105.8337037,2
3087,21.0101526,105.8337348,2
3088,21.0033965,105.832518,2
3089,21.0036459,105.8329546,2
3090,21.0017786,105.833879,2
3091,21.0010171,105.8336552,1
3092,21.0012385,105.8342324,2
3093,21.0079204,105.8354028,2
3094,21.0022051,105.8331236,2
3095,21.0055664,105.8332697,1
3096,21.0037923,105.8326832,2
3097,21.002828,105.8278964,2
3098,21.0061491,105.8331189,1
3099,21.0059677,105.8331152,4
3100,21.006933,105.8340602,2
3101,21.0070049,105.8340161,3
3102,21.0068945,105.8340676,2
3103,21.006504,105.8343536,2
3104,21.0011966,105.8354437,2
3105,21.0075688,105.8319781,2
3106,21.0072269,105.8322112,3
3107,21.0073587,105.8321254,2
3108,21.0071954,105.8322428,3
3109,21.0086614,105.8313873,2
3110,21.0119089,105.8288716,2
3111,21.0119394,105.8281581,2
3112,21.0112669,105.8269621,3
3113,21.0109509,105.8275537,2
3114,21.0122676,105.8268092,2
3115,21.0116536,105.8265153,2
3116,21.0116954,105.8265047,2
3117,21.0008144,105.8359907,2
3118,21.0018167,105.8369337,2
3119,21.0015409,105.8374082,2
3120,21.0054128,105.824813,1
3121,21.0055456,105.824879,3
3122,21.0131294,105.8346759,2
3123,21.0131486,105.8346449,2
3124,21.0132076,105.8344967,1
3125,21.0128506,105.8348784,2
3126,21.0128688,105.8348313,2
3127,21.0129058,105.8347999,2
3128,21.0129674,105.8348095,2
3129,21.0130146,105.8347877,2
3130,21.0130489,105.8347291,2
3131,21.0130778,105.8346786,2
3132,21.0024218,105.8253779,3
3133,21.0025691,105.8253711,1
3134,21.0029476,105.8234348,2
3135,21.0031152,105.8235807,2
3136,21.0031078,105.8243811,2
3137,21.002047,105.829677,2
3138,21.0019479,105.8296346,4
3139,21.0024955,105.8356,1
3140,21.0026717,105.8355517,1
3141,21.0030017,105.8351279,2
3142,21.0015774,105.8338027,3
3143,21.0060364,105.8328795,2
3144,21.0063641,105.8326197,2
3145,21.0063886,105.8345902,2
3146,21.0059512,105.8332667,2
3147,21.0052654,105.8334933,2
3148,21.0037381,105.8359065,2
3149,21.0069918,105.833442,2
3150,21.0069732,105.8334522,2
3151,21.0016705,105.8359475,2
3152,21.0085954,105.8317631,2
3153,21.0066159,105.8346167,2
3154,21.0058647,105.8357582,3
3155,21.0062218,105.8356293,2
3156,21.0055088,105.835433,3
3157,21.0054751,105.8353086,1
3158,21.005491,105.8353675,4
3159,21.0045093,105.8274418,2
3160,21.0067355,105.8289923,2
3161,21.0069446,105.8286077,3
3162,21.006847,105.8285567,2
3163,21.0068176,105.828559,2
3164,21.006797,105.8285712,2
3165,21.0067589,105.8286394,1
3166,21.008114,105.8263884,3
3167,21.0082746,105.826473,2
3168,21.0060968,105.833031,1
3169,21.0075444,105.8317431,2
3170,21.0077176,105.8315401,2
3171,21.0076613,105.8314985,2
3172,21.0073332,105.8313403,1
3173,21.0078915,105.8314753,2
3174,21.0080056,105.8306461,1
3175,21.007809,105.8311208,2
3176,21.0077126,105.8313206,1
3177,21.0091941,105.8298381,2
3178,21.0089875,105.8300526,2
3179,21.0091474,105.8300868,2
3180,21.0089135,105.830063,2
3181,21.0077664,105.8318496,2
3182,21.0087371,105.829657,2
3183,21.0087379,105.8296356,2
3184,21.0087192,105.8297209,2
3185,21.0087349,105.8297761,2
3186,21.0068576,105.8292009,2
3187,21.0053066,105.8315344,2
3188,21.004875,105.8298093,2
3189,21.0052941,105.8293784,2
3190,21.0038928,105.8314837,2
3191,21.0038332,105.8318628,2
3192,21.0037909,105.8321084,2
3193,21.0038155,105.8321789,2
3194,21.0045499,105.8322823,2
3195,21.0045778,105.8322662,2
3196,21.0082771,105.8264779,2
3197,21.0071058,105.8251147,2
3198,21.0071792,105.8249574,2
3199,21.0070763,105.8249023,2
3200,21.0070029,105.8250596,2
3201,21.0071287,105.8249304,3
3202,21.0071992,105.8247758,3
3203,21.0070561,105.8250881,3
3204,21.0069742,105.8252653,3
3205,21.0071441,105.8250328,3
3206,21.0072268,105.825075,3
3207,21.0070397,105.8249808,3
3208,21.006925,105.8249212,3
3209,21.0058429,105.8358778,2
3210,21.0058998,105.8375467,2
3211,21.0056945,105.8376219,2
3212,21.0068748,105.8367438,2
3213,21.0068687,105.8367925,2
3214,21.0063579,105.8358557,2
3215,21.0064973,105.836329,2
3216,21.0064905,105.8363654,2
3217,21.0065108,105.836452,2
3218,21.0063397,105.8361804,1
3219,21.0064674,105.8363239,2
3220,21.0064943,105.8363452,3
3221,21.006632,105.8361999,3
3222,21.0064824,105.8360222,1
3223,21.0070016,105.8364517,3
3224,21.0069044,105.8363625,2
3225,21.0068924,105.8363625,2
3226,21.0068761,105.8363719,2
3227,21.0068063,105.8364454,1
3228,21.0119929,105.8277776,1
3229,21.0123471,105.8266888,2
3230,21.012374,105.8265997,2
3231,21.012373,105.8266289,2
3232,21.012369,105.8266579,2
3233,21.0111047,105.8276468,2
3234,21.0111385,105.8276764,2
3235,21.0117453,105.8265169,2
3236,21.0114503,105.8270644,2
3237,21.0117204,105.8265068,2
3238,21.0051887,105.833825,1
3239,21.0052362,105.8336232,1
3240,21.0051715,105.83348,2
3241,21.0050478,105.8334584,2
3242,21.004996,105.8334476,2
3243,21.0049011,105.8333921,2
3244,21.0048206,105.8333475,2
3245,21.0046638,105.8332936,2
3246,21.0045531,105.8332335,2
3247,21.0043949,105.8331626,2
3248,21.0043112,105.8331215,3
3249,21.0045196,105.8332185,3
3250,21.0045747,105.833054,2
3251,21.004602,105.8329585,2
3252,21.0046226,105.8328279,3
3253,21.004779,105.8328742,2
3254,21.0048926,105.8329112,2
3255,21.0050493,105.8329436,2
3256,21.0052522,105.8329218,2
3257,21.0052033,105.8329342,2
3258,21.0051761,105.8329358,2
3259,21.0042987,105.8327323,2
3260,21.0038014,105.8327682,2
3261,21.0037741,105.8327959,2
3262,21.003718,105.8328391,2
3263,21.003649,105.8329276,2
3264,21.0036564,105.8329758,2
3265,21.0048082,105.8337951,3
3266,21.0045926,105.8335897,2
3267,21.0045308,105.8335373,1
3268,21.0049556,105.8337281,3
3269,21.0049622,105.8336421,2
3270,21.004991,105.8335265,2
3271,21.0050206,105.8334527,4
3272,21.0050615,105.8333478,1
3273,21.0037435,105.8337929,2
3274,21.0037792,105.8338338,2
3275,21.003778,105.8338522,2
3276,21.0036725,105.8329882,3
3277,21.0035659,105.833114,2
3278,21.0034946,105.8332052,1
3279,21.0047224,105.8333137,3
3280,21.0047365,105.8332402,2
3281,21.0047415,105.8330981,2
3282,21.0047215,105.8330699,2
3283,21.0046501,105.8330257,2
3284,21.0045904,105.8329991,3
3285,21.0048772,105.8329062,3
3286,21.0048266,105.8331021,1
3287,21.0050652,105.8329426,3
3288,21.0050424,105.8330811,2
3289,21.0050311,105.833139,1
3290,21.0043827,105.8340117,2
3291,21.0042985,105.8339162,2
3292,21.0042175,105.8338666,2
3293,21.0041366,105.8338436,2
3294,21.0040787,105.8337994,2
3295,21.003973,105.8336879,1
3296,21.0038039,105.8335152,3
3297,21.0036835,105.8334318,2
3298,21.0035821,105.8333629,2
3299,21.003544,105.8333349,1
3300,21.0052256,105.8334874,3
3301,21.005247,105.8333194,1
3302,21.0027304,105.8375357,2
3303,21.0029408,105.8370086,2
3304,21.0028903,105.8365478,2
3305,21.0028509,105.8365782,2
3306,21.0028857,105.836562,2
3307,21.0028705,105.8365719,2
3308,21.0028431,105.8366033,2
3309,21.0028437,105.8365873,2
3310,21.0028117,105.8361671,2
3311,21.0029873,105.8363379,2
3312,21.0030054,105.8363663,2
3313,21.0033761,105.8373716,2
3314,21.0033977,105.8373487,2
3315,21.0033812,105.8378712,1
3316,21.0032771,105.8374452,3
3317,21.0023899,105.8372801,2
3318,21.0026646,105.8372169,3
3319,21.0024067,105.8376815,1
3320,21.0023669,105.8371929,1
3321,20.9997825,105.8382565,3
3322,20.999982,105.8382084,2
3323,21.0000094,105.8382299,2
3324,21.0000353,105.8382869,2
3325,21.0000583,105.8387352,1
3326,21.0002093,105.8382407,1
3327,21.0000266,105.8382569,3
3328,21.000039,105.8383593,3
3329,20.9999432,105.8383624,2
3330,20.999854,105.8383393,2
3331,20.9997965,105.838307,2
3332,20.9995035,105.8398682,1
3333,20.9991322,105.8398727,3
3334,20.9994611,105.8400037,1
3335,20.9991336,105.8399984,3
3336,21.0034624,105.8324957,2
3337,21.0080456,105.8374227,1
3338,21.0061632,105.8387084,3
3339,21.0055282,105.8383722,2
3340,21.0055613,105.8385877,2
3341,21.0056499,105.8389523,3
3342,21.0056051,105.8387938,2
3343,21.0107496,105.8306831,3
3344,21.010775,105.8307387,2
3345,21.0107827,105.8307889,2
3346,21.0107692,105.8308268,3
3347,21.0123862,105.8330949,1
3348,21.0117938,105.8334584,2
3349,21.0117647,105.833466,2
3350,21.0113938,105.8332392,2
3351,21.0113652,105.8332488,2
3352,21.0119109,105.8357062,1
3353,21.0014061,105.8356195,3
3354,21.0043124,105.8358954,2
3355,21.0040336,105.8363409,2
3356,21.0058242,105.8355682,2
3357,21.005828,105.8363237,2
3358,21.0038689,105.8311451,2
3359,20.9998432,105.8390622,2
3360,21.0082718,105.8239721,2
3361,21.0076427,105.8371247,2
3362,21.0076242,105.8372957,2
3363,21.0076864,105.8374049,1
3364,21.0077801,105.8371236,2
3365,21.0115034,105.8364677,4
3366,21.0117126,105.8362715,4
3367,21.0080016,105.8333441,3
3368,20.9996151,105.8376339,2
3369,21.0045505,105.8257612,2
3370,21.0090807,105.8368245,2
3371,21.0010341,105.832191,2
3372,21.0012582,105.8313923,2
3373,21.0012214,105.8325722,3
3374,21.0008535,105.8324608,2
3375,21.0007881,105.8327046,1
3376,21.0072471,105.8380594,3
3377,21.0072685,105.8379179,1
3378,21.006747,105.8409109,2
3379,21.0067302,105.8405731,2
3380,21.0065855,105.8400751,1
3381,21.0069589,105.8413234,3
3382,21.0069654,105.8411458,2
3383,21.006961,105.8412331,4
3384,21.0045389,105.8410031,2
3385,21.0065767,105.8405729,2
3386,21.0064208,105.8408592,2
3387,21.0061633,105.8408499,2
3388,21.0064105,105.8410383,2
3389,21.0080273,105.8374053,3
3390,21.0079194,105.8374878,2
3391,21.0077849,105.8373057,1
3392,21.0057352,105.8411396,3
3393,21.0057351,105.8410419,2
3394,21.0051214,105.840951,2
3395,21.0051215,105.8411025,3
3396,21.0047824,105.8410983,1
3397,21.0048429,105.8410991,2
3398,20.9983473,105.839829,2
3399,20.9982933,105.8399659,2
3400,21.0127992,105.835348,3
3401,21.0126949,105.8351813,2
3402,21.0126332,105.8350665,2
3403,21.0125598,105.8349258,2
3404,21.0126567,105.8348704,1
3405,21.012589,105.8349788,3
3406,21.0124496,105.8350696,1
3407,21.006324,105.8331715,3
3408,21.0062273,105.8332682,1
3409,21.0082141,105.8385607,3
3410,21.0078915,105.8389233,3
3411,21.0014026,105.8309608,2
3412,21.0014727,105.830816,2
3413,21.0013164,105.8318044,3
3414,21.0011559,105.8317569,3
3415,21.00764,105.8283127,2
3416,21.0074965,105.8282568,2
3417,21.000383,105.8411641,1
3418,21.0059005,105.827695,2
3419,21.0019058,105.8266236,2
3420,21.0103383,105.8375159,2
3421,21.0098708,105.8378683,2
3422,21.0092903,105.838422,2
3423,21.0077022,105.8405904,2
3424,21.0127581,105.8352859,4
3425,21.0084341,105.8264393,3
3426,21.0085087,105.826502,2
3427,21.0085254,105.8264669,2
3428,21.0086402,105.8265457,1
3429,21.0086332,105.8260033,3
3430,21.0088156,105.8261024,1
3431,21.008569,105.826144,3
3432,21.0087376,105.8262408,2
3433,21.0087651,105.8261807,1
3434,21.0017298,105.8260762,2
3435,21.0002375,105.8306621,2
3436,20.9993467,105.8343537,2
3437,20.9990949,105.8363167,2
3438,20.9991915,105.835736,2
3439,20.9990524,105.8363519,2
3440,20.9984643,105.8388608,2
3441,21.009784,105.8379433,3
3442,21.0100789,105.8359808,2
3443,21.0104466,105.8364343,4
3444,21.0102191,105.83599,2
3445,21.0083505,105.8332997,2
3446,21.0082282,105.8331799,3
3447,21.0081848,105.8331796,2
3448,21.0082554,105.8331806,2
3449,21.0083498,105.8332547,3
3450,21.0083905,105.833217,3
3451,21.0089093,105.8338694,3
3452,21.0028454,105.8302799,3
3453,21.0026121,105.8309805,2
3454,21.0084217,105.8257192,2
3455,21.0084104,105.8257138,2
3456,21.0073675,105.8260962,2
3457,21.0073477,105.8261304,2
3458,21.0073213,105.8261594,2
3459,21.0072283,105.8261778,2
3460,21.0072837,105.8261891,2
3461,21.0084294,105.8257876,2
3462,21.0041186,105.8413347,2
3463,21.0074212,105.8413113,2
3464,21.0026249,105.830138,2
3465,21.0025491,105.8300662,2
3466,21.0050742,105.8313758,3
3467,21.0049105,105.8321326,1
3468,21.0034052,105.841233,3
3469,21.0034075,105.8409601,2
3470,21.0033458,105.8409589,2
3471,21.0033436,105.8412322,3
3472,21.0031771,105.8379615,3
3473,21.0033149,105.8379272,2
3474,21.0032646,105.8377108,1
3475,20.998028,105.8408719,3
3476,21.0033442,105.8411558,4
3477,21.0034058,105.841157,4
3478,21.0033444,105.8411296,2
3479,21.0086729,105.8260249,4
3480,21.0086099,105.8261675,4
3481,21.0084746,105.8264733,4
3482,21.003916,105.8216212,4
3483,21.0107202,105.8281489,2
3484,21.0106011,105.8282429,1
3485,21.0107325,105.8282424,2
3486,21.0107444,105.8282988,1
3487,21.0025097,105.8376774,2
3488,21.0025666,105.8380756,2
3489,21.0031587,105.8223015,3
3490,21.0032161,105.8221763,1
3491,21.0115423,105.8302215,2
3492,21.0114891,105.8302151,2
3493,21.0110628,105.8296437,3
3494,21.0114286,105.8298518,2
3495,21.0111665,105.8294367,3
3496,21.0115314,105.8296445,2
3497,21.0112565,105.8292516,3
3498,21.0116193,105.8294644,2
3499,21.0117081,105.8292908,2
3500,21.0113436,105.8290769,3
3501,21.0121023,105.8347759,1
3502,21.0089547,105.8263482,2
3503,21.0088307,105.8265883,2
3504,21.0088845,105.8266205,2
3505,21.0087339,105.8269539,3
3506,21.0101887,105.8300918,3
3507,21.0098964,105.8303411,3
3508,21.0101379,105.8291127,2
3509,21.0101705,105.8290402,3
3510,21.0096508,105.8292981,3
3511,21.0090241,105.8284331,4
3512,21.0097815,105.8290274,3
3513,21.0099225,105.8286331,2
3514,21.00913,105.8281865,1
3515,21.0099751,105.8294725,3
3516,21.0101131,105.8291706,2
3517,21.0101012,105.8292058,3
3518,21.0095862,105.8295016,2
3519,21.0082456,105.829046,2
3520,21.0101073,105.8291856,2
3521,21.0091124,105.8282274,2
3522,21.0085872,105.8289613,1
3523,21.0087601,105.8290735,1
3524,21.0090143,105.8284562,3
3525,21.0093989,105.8286578,3
3526,21.0091312,105.8292438,3
3527,21.0087764,105.8290578,2
3528,21.0087678,105.8290767,3
3529,21.0090999,105.8285011,3
3530,21.0088384,105.8290903,3
3531,21.0089697,105.8285193,1
3532,21.0092406,105.8286581,4
3533,21.0090488,105.829088,4
3534,21.0087752,105.8289381,1
3535,21.010242,105.8288821,3
3536,21.0103258,105.8289285,2
3537,21.0103403,105.8289017,2
3538,21.0103945,105.8289304,2
3539,21.0105107,105.8286795,1
3540,21.0102933,105.828775,2
3541,21.0102861,105.828703,2
3542,21.0099758,105.8285189,3
3543,21.0100664,105.8283154,2
3544,21.0098217,105.8281905,2
3545,21.0096341,105.8285861,3
3546,21.0098382,105.8289055,2
3547,21.0095818,105.8294439,2
3548,21.0090156,105.8287009,3
3549,21.0089413,105.8288665,3
3550,21.0091718,105.829155,3
3551,21.0093675,105.8287265,3
3552,21.0090694,105.8285708,4
3553,21.0088796,105.8289944,4
3554,21.0093106,105.8288511,3
3555,21.009233,105.8290211,3
3556,21.0088125,105.8283463,2
3557,21.008822,105.8283245,3
3558,21.008983,105.8285262,2
3559,21.008818,105.8289606,2
3560,21.0096043,105.8286507,2
3561,21.0098524,105.8287835,3
3562,21.0086117,105.8283928,3
3563,21.0085141,105.8283385,2
3564,21.0085033,105.8283608,2
3565,21.0084915,105.8283898,3
3566,21.0085564,105.828362,2
3567,21.0100383,105.8293417,3
3568,21.0097128,105.8291696,3
3569,21.00995,105.829523,2
3570,21.0099417,105.8291142,3
3571,21.0098203,105.8293909,3
3572,21.0098813,105.8292584,3
3573,21.0094857,105.8285055,3
3574,21.0091814,105.8287862,4
3575,21.009107,105.8289519,4
3576,21.0099307,105.8295641,1
3577,21.0089308,105.829709,3
3578,21.0085618,105.8294961,1
3579,21.0101309,105.8291289,2
3580,21.0092722,105.8285914,3
3581,21.0090104,105.8291805,3
3582,21.010239,105.8286552,3
3583,21.0103285,105.828444,2
3584,21.010552,105.8285565,1
3585,21.0099051,105.8292711,3
3586,21.0098909,105.8292867,2
3587,21.0098703,105.8292822,3
3588,21.0098577,105.8292687,2
3589,21.0098601,105.8292473,3
3590,21.0096381,105.8286688,4
3591,21.0096028,105.8287422,3
3592,21.0097754,105.8287425,4
3593,21.0097429,105.828816,3
3594,21.0094936,105.828488,2
3595,21.0101664,105.8286176,2
3596,21.0097985,105.8286878,1
3597,21.0096651,105.8286103,1
3598,21.009819,105.8288558,3
3599,21.0098375,105.8288658,2
3600,21.0099378,105.8286003,3
3601,21.0099642,105.8286262,3
3602,21.0100064,105.8285343,3
